JvmtiExport can_access_local_variables 1
JvmtiExport can_hotswap_or_post_breakpoint 1
JvmtiExport can_post_on_exceptions 1
# 677 ciObject found
ciMethod java/lang/Object <init> ()V 4097 1 3420655 0 0
ciMethod java/lang/Object hashCode ()I 2049 1 256 0 -1
ciMethod java/lang/Object equals (Ljava/lang/Object;)Z 2073 1 49317 0 64
ciMethod java/lang/Object clone ()Ljava/lang/Object; 2049 1 256 0 -1
ciMethod java/lang/String <init> ([CII)V 3009 1 5570 0 896
ciMethod java/lang/String <init> ([CZ)V 4097 1 31401 0 -1
ciMethod java/lang/String length ()I 4097 1 1287718 0 96
ciMethod java/lang/String charAt (I)C 4097 1 2583483 0 192
ciMethod java/lang/String codePointAt (I)I 489 1 7156 0 -1
ciMethod java/lang/String getChars ([CI)V 2137 1 6454 0 -1
ciMethod java/lang/String equals (Ljava/lang/Object;)Z 3233 11753 3239 0 -1
ciMethod java/lang/String equalsIgnoreCase (Ljava/lang/String;)Z 2209 1 18270 0 2464
ciMethod java/lang/String regionMatches (ZILjava/lang/String;II)Z 1313 2073 5416 0 -1
ciMethod java/lang/String startsWith (Ljava/lang/String;I)Z 3521 1585 9707 0 640
ciMethod java/lang/String startsWith (Ljava/lang/String;)Z 3305 1 624090 0 -1
ciMethod java/lang/String endsWith (Ljava/lang/String;)Z 1417 1 129994 0 576
ciMethod java/lang/String hashCode ()I 2985 32769 1939 0 352
ciMethod java/lang/String indexOf (II)I 1721 40961 1335 0 -1
ciMethod java/lang/String lastIndexOf (I)I 2049 1 47698 0 352
ciMethod java/lang/String lastIndexOf (II)I 1201 41953 1147 0 352
ciMethod java/lang/String lastIndexOfSupplementary (II)I 0 0 1 0 -1
ciMethod java/lang/String substring (II)Ljava/lang/String; 2209 1 5506 0 1248
ciMethod java/lang/String concat (Ljava/lang/String;)Ljava/lang/String; 2129 1 5389 0 1024
ciMethod java/lang/String replace (CC)Ljava/lang/String; 1745 57345 1108 0 1344
ciMethod java/lang/String toLowerCase ()Ljava/lang/String; 3161 1 12060 0 -1
ciMethod java/lang/String toUpperCase (Ljava/util/Locale;)Ljava/lang/String; 1505 16753 1663 0 -1
ciMethod java/lang/ClassLoader getClassLoadingLock (Ljava/lang/String;)Ljava/lang/Object; 2137 1 16908 0 224
ciMethod java/lang/ClassLoader defineClass (Ljava/lang/String;[BIILjava/security/ProtectionDomain;)Ljava/lang/Class; 1865 1 6517 0 -1
ciMethod java/lang/ClassLoader definePackage (Ljava/lang/String;Ljava/lang/String;Ljava/lang/String;Ljava/lang/String;Ljava/lang/String;Ljava/lang/String;Ljava/lang/String;Ljava/net/URL;)Ljava/lang/Package; 377 1 916 0 0
ciMethod java/lang/ClassLoader getPackage (Ljava/lang/String;)Ljava/lang/Package; 2089 1 5413 0 11072
ciMethod java/lang/System getSecurityManager ()Ljava/lang/SecurityManager; 2145 1 145125 0 -1
ciMethod java/lang/System arraycopy (Ljava/lang/Object;ILjava/lang/Object;II)V 8193 1 1024 0 -1
ciMethod java/lang/Throwable getMessage ()Ljava/lang/String; 57 1 7 0 -1
ciMethod java/lang/Throwable initCause (Ljava/lang/Throwable;)Ljava/lang/Throwable; 17 1 6 0 -1
ciMethod java/lang/Throwable addSuppressed (Ljava/lang/Throwable;)V 0 0 1 0 0
ciMethod java/security/SecureClassLoader defineClass (Ljava/lang/String;[BIILjava/security/CodeSource;)Ljava/lang/Class; 1849 1 6597 0 128
ciMethod java/security/SecureClassLoader getProtectionDomain (Ljava/security/CodeSource;)Ljava/security/ProtectionDomain; 1849 1 5365 0 -1
ciMethod java/lang/ref/Reference get ()Ljava/lang/Object; 3025 1 378 0 -1
ciMethod java/lang/ref/SoftReference <init> (Ljava/lang/Object;)V 2057 1 12901 0 -1
ciMethod java/lang/ref/SoftReference get ()Ljava/lang/Object; 2049 1 75258 0 -1
ciMethod java/lang/ref/ReferenceQueue poll ()Ljava/lang/ref/Reference; 2153 1 39471 0 -1
ciMethod java/lang/Thread holdsLock (Ljava/lang/Object;)Z 0 0 1 0 -1
ciMethod java/util/Map get (Ljava/lang/Object;)Ljava/lang/Object; 0 0 1 0 -1
ciMethod java/util/Map put (Ljava/lang/Object;Ljava/lang/Object;)Ljava/lang/Object; 0 0 1 0 -1
ciMethod java/util/Map remove (Ljava/lang/Object;)Ljava/lang/Object; 0 0 1 0 -1
ciMethod java/util/Map keySet ()Ljava/util/Set; 0 0 1 0 -1
ciMethod java/lang/StringBuffer <init> ()V 3361 1 15410 0 -1
ciMethod java/lang/StringBuffer toString ()Ljava/lang/String; 489 1 15619 0 -1
ciMethod java/lang/AbstractStringBuilder <init> (I)V 1137 1 395225 0 -1
ciMethod java/lang/AbstractStringBuilder append (Ljava/lang/String;)Ljava/lang/AbstractStringBuilder; 2073 1 10914 0 -1
ciMethod java/lang/StringBuilder <init> ()V 881 1 297218 0 192
ciMethod java/lang/StringBuilder <init> (I)V 1617 1 18323 0 -1
ciMethod java/lang/StringBuilder append (Ljava/lang/String;)Ljava/lang/StringBuilder; 1777 1 674811 0 1344
ciMethod java/lang/StringBuilder append (C)Ljava/lang/StringBuilder; 3353 1 302650 0 -1
ciMethod java/lang/StringBuilder toString ()Ljava/lang/String; 961 1 338276 0 992
ciMethod sun/misc/Unsafe compareAndSwapInt (Ljava/lang/Object;JII)Z 3073 1 384 0 -1
ciMethod sun/misc/Unsafe getObjectVolatile (Ljava/lang/Object;J)Ljava/lang/Object; 3073 1 384 0 -1
ciMethod sun/misc/Unsafe getAndAddInt (Ljava/lang/Object;JI)I 3073 1 1620 0 -1
ciMethod java/io/ByteArrayInputStream <init> ([B)V 1041 1 5786 0 -1
ciMethod java/io/InputStream <init> ()V 2049 1 48597 0 96
ciMethod java/io/InputStream read ([BII)I 0 0 1 0 -1
ciMethod java/io/InputStream close ()V 0 0 1 0 -1
ciMethod java/net/URLClassLoader definePackage (Ljava/lang/String;Ljava/util/jar/Manifest;Ljava/net/URL;)Ljava/lang/Package; 377 1 722 0 0
ciMethod java/net/URL <init> (Ljava/lang/String;)V 2049 1 14071 10 64
ciMethod java/net/URL <init> (Ljava/net/URL;Ljava/lang/String;)V 2241 1 22548 10 0
ciMethod java/net/URL <init> (Ljava/net/URL;Ljava/lang/String;Ljava/net/URLStreamHandler;)V 2065 6017 8228 8 -1
ciMethod java/net/URL isValidProtocol (Ljava/lang/String;)Z 593 1681 4092 0 -1
ciMethod java/net/URL checkSpecifyHandler (Ljava/lang/SecurityManager;)V 0 0 1 0 -1
ciMethod java/net/URL getURLStreamHandler (Ljava/lang/String;)Ljava/net/URLStreamHandler; 1041 97 4145 0 -1
ciMethod java/util/jar/Manifest <init> ()V 745 1 93 0 -1
ciMethod java/util/jar/Manifest <init> (Ljava/io/InputStream;)V 113 1 207 0 -1
ciMethod java/util/jar/Manifest getMainAttributes ()Ljava/util/jar/Attributes; 1025 1 128 0 0
ciMethod java/util/jar/Manifest getEntries ()Ljava/util/Map; 1025 1 128 0 0
ciMethod java/util/jar/Manifest getAttributes (Ljava/lang/String;)Ljava/util/jar/Attributes; 4097 1 37509 0 0
ciMethod java/security/CodeSource <init> (Ljava/net/URL;[Ljava/security/cert/Certificate;)V 2049 1 5376 0 96
ciMethod java/lang/Character charCount (I)I 673 1 46520 0 -1
ciMethod java/lang/Character toChars (I[CI)I 0 0 1 0 -1
ciMethod java/lang/Character toChars (I)[C 0 0 1 0 -1
ciMethod java/lang/Character toUpperCaseEx (I)I 4097 1 27857 0 -1
ciMethod java/lang/Character toUpperCaseCharArray (I)[C 0 0 1 0 -1
ciMethod java/util/Comparator compare (Ljava/lang/Object;Ljava/lang/Object;)I 0 0 1 0 -1
ciMethod java/util/List size ()I 0 0 1 0 -1
ciMethod java/util/List iterator ()Ljava/util/Iterator; 0 0 1 0 -1
ciMethod java/util/List add (Ljava/lang/Object;)Z 0 0 1 0 -1
ciMethod java/util/ArrayList <init> (I)V 2049 1 5376 0 -1
ciMethod java/util/Set iterator ()Ljava/util/Iterator; 0 0 1 0 -1
ciMethod java/util/HashMap hash (Ljava/lang/Object;)I 4097 1 213349 0 160
ciMethod java/util/HashMap comparableClassFor (Ljava/lang/Object;)Ljava/lang/Class; 2705 1 2680 0 -1
ciMethod java/util/HashMap compareComparables (Ljava/lang/Class;Ljava/lang/Object;Ljava/lang/Object;)I 0 0 1 0 -1
ciMethod java/util/HashMap get (Ljava/lang/Object;)Ljava/lang/Object; 4097 1 65752 0 864
ciMethod java/util/HashMap getNode (ILjava/lang/Object;)Ljava/util/HashMap$Node; 4097 9 25605 0 640
ciMethod java/util/HashMap put (Ljava/lang/Object;Ljava/lang/Object;)Ljava/lang/Object; 4049 1 38171 0 -1
ciMethod java/lang/Math abs (J)J 0 0 121 0 0
ciMethod java/lang/Math min (II)I 4097 1 193600 0 -1
ciMethod java/util/WeakHashMap maskNull (Ljava/lang/Object;)Ljava/lang/Object; 3481 1 23980 0 0
ciMethod java/util/WeakHashMap eq (Ljava/lang/Object;Ljava/lang/Object;)Z 2321 1 11996 0 0
ciMethod java/util/WeakHashMap hash (Ljava/lang/Object;)I 3481 1 23980 0 0
ciMethod java/util/WeakHashMap indexFor (II)I 3121 1 23935 0 0
ciMethod java/util/WeakHashMap expungeStaleEntries ()V 3113 1 5571 0 3296
ciMethod java/util/WeakHashMap getTable ()[Ljava/util/WeakHashMap$Entry; 3113 1 24017 0 0
ciMethod java/util/WeakHashMap remove (Ljava/lang/Object;)Ljava/lang/Object; 2073 41 8600 0 0
ciMethod java/util/Arrays copyOf ([CI)[C 1225 1 89780 0 -1
ciMethod java/util/Arrays copyOfRange ([CII)[C 3177 1 5530 0 512
ciMethod sun/misc/ASCIICaseInsensitiveComparator compare (Ljava/lang/String;Ljava/lang/String;)I 4097 6513 12932 0 1152
ciMethod sun/misc/ASCIICaseInsensitiveComparator lowerCaseHashCode (Ljava/lang/String;)I 1385 19977 1699 0 704
ciMethod sun/misc/ASCIICaseInsensitiveComparator isUpper (I)Z 4097 1 46868 0 64
ciMethod sun/misc/ASCIICaseInsensitiveComparator toLower (I)I 4097 1 46868 0 64
ciMethod sun/misc/ASCIICaseInsensitiveComparator compare (Ljava/lang/Object;Ljava/lang/Object;)I 4097 1 15470 0 1184
ciMethodData java/lang/String charAt (I)C 2 2583483 orig 264 152 98 115 94 0 0 0 0 0 62 152 23 0 0 0 0 120 1 0 0 32 0 0 0 0 0 0 0 0 0 0 0 0 0 0 0 0 0 0 0 0 0 0 0 0 0 0 0 0 0 0 0 0 0 0 0 0 0 0 0 0 0 0 0 0 0 0 0 0 0 0 0 0 0 0 0 0 0 0 0 77 68 79 32 101 120 116 114 97 32 100 97 116 97 32 108 111 99 107 0 0 0 0 0 0 0 0 0 0 0 0 0 0 0 0 0 0 0 0 0 0 0 0 0 0 0 0 0 0 0 0 0 0 0 0 0 0 0 0 0 0 0 0 0 0 0 0 0 0 0 0 0 0 0 0 0 0 0 0 0 0 0 0 2 0 0 0 0 0 0 0 0 0 0 0 0 0 0 0 0 0 0 0 0 0 0 0 0 0 0 0 0 0 0 0 0 0 0 0 0 0 0 0 0 0 0 0 0 0 0 0 0 0 0 0 0 0 2 0 0 217 77 59 1 1 0 0 0 0 0 0 0 0 0 0 0 2 0 0 0 0 0 0 0 0 0 0 0 80 0 0 0 255 255 255 255 7 0 1 0 0 0 0 0 data 10 0x10007 0x0 0x40 0x275c3e 0xa0007 0x2769d0 0x30 0x0 0x120002 0x0 oops 0
ciMethodData java/lang/String length ()I 2 1287771 orig 264 152 98 115 94 0 0 0 0 176 60 152 23 0 0 0 0 32 1 0 0 0 0 0 0 0 0 0 0 0 0 0 0 0 0 0 0 0 0 0 0 0 0 0 0 0 0 0 0 0 0 0 0 0 0 0 0 0 0 0 0 0 0 0 0 0 0 0 0 0 0 0 0 0 0 0 0 0 0 0 0 77 68 79 32 101 120 116 114 97 32 100 97 116 97 32 108 111 99 107 0 0 0 0 0 0 0 0 0 0 0 0 0 0 0 0 0 0 0 0 0 0 0 0 0 0 0 0 0 0 0 0 0 0 0 0 0 0 0 0 0 0 0 0 0 0 0 0 0 0 0 0 0 0 0 0 0 0 0 0 0 0 0 0 0 0 0 0 0 0 0 0 0 0 0 0 0 0 0 0 0 0 0 0 0 0 0 0 0 0 0 0 0 0 0 0 0 0 0 0 0 0 0 0 0 0 0 0 0 0 0 0 0 0 0 0 0 0 2 0 0 217 34 157 0 1 0 0 0 0 0 0 0 0 0 0 0 2 0 0 0 0 0 0 0 0 0 0 0 0 0 0 0 255 255 255 255 0 0 0 0 0 0 0 0 data 0 oops 0
ciMethodData sun/misc/ASCIICaseInsensitiveComparator toLower (I)I 2 46868 orig 264 152 98 115 94 0 0 0 0 248 99 171 23 0 0 0 0 144 1 0 0 0 0 0 0 0 0 0 0 0 0 0 0 0 0 0 0 0 0 0 0 0 0 0 0 0 0 0 0 0 0 0 0 0 0 0 0 0 0 0 0 0 0 0 0 0 0 0 0 0 0 0 0 0 0 0 0 0 0 0 0 77 68 79 32 101 120 116 114 97 32 100 97 116 97 32 108 111 99 107 0 0 0 0 0 0 0 0 0 0 0 0 0 0 0 0 0 0 0 0 0 0 0 0 0 0 0 0 0 0 0 0 0 0 0 0 0 0 0 0 0 0 0 0 0 0 0 0 0 0 0 0 0 0 0 0 0 0 0 0 0 0 0 0 0 0 0 0 0 0 0 0 0 0 0 0 0 0 0 0 0 0 0 0 0 0 0 0 0 0 0 0 0 0 0 0 0 0 0 0 0 0 0 0 0 0 0 0 0 0 0 0 0 0 0 0 0 0 2 0 0 161 168 5 0 1 0 0 0 0 0 0 0 0 0 0 0 2 0 0 0 0 0 0 0 0 0 0 0 72 0 0 0 255 255 255 255 2 0 1 0 0 0 0 0 data 9 0x10002 0xb514 0x40007 0x8b12 0x38 0x2a02 0xb0003 0x2a02 0x18 oops 0
ciMethodData sun/misc/ASCIICaseInsensitiveComparator isUpper (I)Z 2 46868 orig 264 152 98 115 94 0 0 0 0 88 99 171 23 0 0 0 0 88 1 0 0 0 0 0 0 0 0 0 0 0 0 0 0 0 0 0 0 0 0 0 0 0 0 0 0 0 0 0 0 0 0 0 0 0 0 0 0 0 0 0 0 0 0 0 0 0 0 0 0 0 0 0 0 0 0 0 0 0 0 0 0 77 68 79 32 101 120 116 114 97 32 100 97 116 97 32 108 111 99 107 0 0 0 0 0 0 0 0 0 0 0 0 0 0 0 0 0 0 0 0 0 0 0 0 0 0 0 0 0 0 0 0 0 0 0 0 0 0 0 0 0 0 0 0 0 0 0 0 0 0 0 0 0 0 0 0 0 0 0 0 0 0 0 0 0 0 0 0 0 0 0 0 0 0 0 0 0 0 0 0 0 0 0 0 0 0 0 0 0 0 0 0 0 0 0 0 0 0 0 0 0 0 0 0 0 0 0 0 0 0 0 0 0 0 0 0 0 0 2 0 0 161 168 5 0 1 0 0 0 0 0 0 0 0 0 0 0 2 0 0 0 0 0 0 0 0 0 0 0 56 0 0 0 255 255 255 255 7 0 9 0 0 0 0 0 data 7 0x90007 0x8b12 0x38 0x2a02 0xd0003 0x2a02 0x18 oops 0
ciMethodData sun/misc/ASCIICaseInsensitiveComparator compare (Ljava/lang/Object;Ljava/lang/Object;)I 2 15470 orig 264 152 98 115 94 0 0 0 0 56 101 171 23 0 0 0 0 232 1 0 0 0 0 0 0 0 0 0 0 0 0 0 0 0 0 0 0 0 0 0 0 0 0 0 0 0 0 0 0 0 0 0 0 0 0 0 0 0 0 0 0 0 0 0 0 0 0 0 0 0 0 0 0 0 0 0 0 0 0 0 0 77 68 79 32 101 120 116 114 97 32 100 97 116 97 32 108 111 99 107 0 0 0 0 0 0 0 0 0 0 0 0 0 0 0 0 0 0 0 0 0 0 0 0 0 0 0 0 0 0 0 0 0 0 0 0 0 0 0 0 0 0 0 0 0 0 0 0 0 0 0 0 0 0 0 0 0 0 0 0 0 0 0 0 0 0 0 0 0 0 0 0 0 0 0 0 0 0 0 0 0 0 0 0 0 0 0 0 0 0 0 0 0 0 0 0 0 0 0 0 0 0 0 0 0 0 0 0 0 0 0 0 0 0 0 0 0 0 2 0 0 113 211 1 0 1 0 0 0 0 0 0 0 0 0 0 0 2 0 0 0 0 0 0 0 0 0 0 0 144 0 0 0 255 255 255 255 4 0 2 0 0 0 0 0 data 18 0x20004 0x0 0x1a28c860 0x3084 0x0 0x0 0x60004 0x0 0x1a28c860 0x3084 0x0 0x0 0x90005 0x0 0x29ff4760 0x3a6e 0x0 0x0 oops 3 2 java/lang/String 8 java/lang/String 14 sun/misc/ASCIICaseInsensitiveComparator
ciMethodData sun/misc/ASCIICaseInsensitiveComparator compare (Ljava/lang/String;Ljava/lang/String;)I 2 30906 orig 264 152 98 115 94 0 0 0 0 96 97 171 23 0 0 0 0 88 3 0 0 128 0 0 0 0 0 0 0 0 0 0 0 0 0 0 0 0 0 0 0 0 0 0 0 0 0 0 0 0 0 0 0 0 0 0 0 0 0 0 0 0 0 0 0 0 0 0 0 0 0 0 0 0 0 0 0 0 0 0 0 77 68 79 32 101 120 116 114 97 32 100 97 116 97 32 108 111 99 107 0 0 0 0 0 0 0 0 0 0 0 0 0 0 0 0 0 0 0 0 0 0 0 0 0 0 0 0 0 0 0 0 0 0 0 0 0 0 0 0 0 0 0 0 0 0 0 0 0 0 0 0 0 0 0 0 0 0 0 0 0 0 0 0 0 0 0 0 0 0 0 0 0 0 0 0 0 0 0 0 0 0 0 0 0 0 0 0 0 0 0 0 0 0 0 0 0 0 0 0 0 0 0 0 0 0 0 0 0 0 0 0 0 0 0 0 0 46 3 0 0 33 132 1 0 97 172 3 0 0 0 0 0 0 0 0 0 2 0 0 0 0 0 0 0 0 0 0 0 0 2 0 0 255 255 255 255 5 0 1 0 0 0 0 0 data 64 0x10005 0x3084 0x0 0x0 0x0 0x0 0x60005 0x3084 0x0 0x0 0x0 0x0 0xe0007 0x1d89 0x38 0x12fb 0x120003 0x12fb 0x18 0x200007 0x75 0x168 0xa599 0x260005 0xa599 0x0 0x0 0x0 0x0 0x2e0005 0xa599 0x0 0x0 0x0 0x0 0x360007 0xa599 0x70 0x0 0x3d0007 0x0 0x40 0x0 0x440007 0x0 0x30 0x0 0x4b0002 0x0 0x530007 0x71f6 0x60 0x33a3 0x580002 0x33a3 0x600002 0x33a3 0x6a0007 0x394 0x20 0x300f 0x760003 0x758a 0xfffffffffffffeb0 oops 0
ciMethodData java/lang/Object <init> ()V 2 3420655 orig 264 152 98 115 94 0 0 0 0 128 4 152 23 0 0 0 0 32 1 0 0 0 0 0 0 0 0 0 0 0 0 0 0 0 0 0 0 0 0 0 0 0 0 0 0 0 0 0 0 0 0 0 0 0 0 0 0 0 0 0 0 0 0 0 0 0 0 0 0 0 0 0 0 0 0 0 0 0 0 0 0 77 68 79 32 101 120 116 114 97 32 100 97 116 97 32 108 111 99 107 0 0 0 0 0 0 0 0 0 0 0 0 0 0 0 0 0 0 0 0 0 0 0 0 0 0 0 0 0 0 0 0 0 0 0 0 0 0 0 0 0 0 0 0 0 0 0 0 0 0 0 0 0 0 0 0 0 0 0 0 0 0 0 0 0 0 0 0 0 0 0 0 0 0 0 0 0 0 0 0 0 0 0 0 0 0 0 0 0 0 0 0 0 0 0 0 0 0 0 0 0 0 0 0 0 0 0 0 0 0 0 0 0 0 0 0 0 0 2 0 0 121 127 161 1 1 0 0 0 0 0 0 0 0 0 0 0 2 0 0 0 0 0 3 0 1 0 0 0 0 0 0 0 255 255 255 255 0 0 0 0 0 0 0 0 data 0 oops 0
ciMethod java/util/Iterator hasNext ()Z 0 0 1 0 -1
ciMethod java/util/Iterator next ()Ljava/lang/Object; 0 0 1 0 -1
ciMethod java/lang/IllegalArgumentException <init> (Ljava/lang/String;)V 0 0 46 0 -1
ciMethod java/util/Locale getLanguage ()Ljava/lang/String; 377 1 1714 0 -1
ciMethod java/util/concurrent/ConcurrentHashMap spread (I)I 2049 1 53258 0 0
ciMethod java/util/concurrent/ConcurrentHashMap tabAt ([Ljava/util/concurrent/ConcurrentHashMap$Node;I)Ljava/util/concurrent/ConcurrentHashMap$Node; 3433 1 134083 0 64
ciMethod java/util/concurrent/ConcurrentHashMap casTabAt ([Ljava/util/concurrent/ConcurrentHashMap$Node;ILjava/util/concurrent/ConcurrentHashMap$Node;Ljava/util/concurrent/ConcurrentHashMap$Node;)Z 2049 1 16163 0 -1
ciMethod java/util/concurrent/ConcurrentHashMap get (Ljava/lang/Object;)Ljava/lang/Object; 3145 145 28187 0 1024
ciMethod java/util/concurrent/ConcurrentHashMap put (Ljava/lang/Object;Ljava/lang/Object;)Ljava/lang/Object; 3961 1 5742 0 64
ciMethod java/util/concurrent/ConcurrentHashMap putVal (Ljava/lang/Object;Ljava/lang/Object;Z)Ljava/lang/Object; 2049 489 13647 0 -1
ciMethod java/util/concurrent/ConcurrentHashMap putIfAbsent (Ljava/lang/Object;Ljava/lang/Object;)Ljava/lang/Object; 2057 1 23431 0 64
ciMethod java/util/concurrent/ConcurrentHashMap initTable ()[Ljava/util/concurrent/ConcurrentHashMap$Node; 177 1 2968 0 -1
ciMethod java/util/concurrent/ConcurrentHashMap addCount (JI)V 2489 73 7523 0 -1
ciMethod java/util/concurrent/ConcurrentHashMap helpTransfer ([Ljava/util/concurrent/ConcurrentHashMap$Node;Ljava/util/concurrent/ConcurrentHashMap$Node;)[Ljava/util/concurrent/ConcurrentHashMap$Node; 0 0 1 0 -1
ciMethod java/util/concurrent/ConcurrentHashMap treeifyBin ([Ljava/util/concurrent/ConcurrentHashMap$Node;I)V 1 1 11 0 -1
ciMethod java/util/concurrent/ConcurrentHashMap$Node <init> (ILjava/lang/Object;Ljava/lang/Object;Ljava/util/concurrent/ConcurrentHashMap$Node;)V 2361 1 14795 0 -1
ciMethod java/util/concurrent/ConcurrentHashMap$Node find (ILjava/lang/Object;)Ljava/util/concurrent/ConcurrentHashMap$Node; 0 0 1 0 -1
ciMethod java/util/HashMap$TreeNode root ()Ljava/util/HashMap$TreeNode; 0 0 1 0 0
ciMethod java/util/HashMap$TreeNode find (ILjava/lang/Object;Ljava/lang/Class;)Ljava/util/HashMap$TreeNode; 89 73 3427 0 0
ciMethod java/util/HashMap$TreeNode getTreeNode (ILjava/lang/Object;)Ljava/util/HashMap$TreeNode; 17 1 708 0 0
ciMethod java/net/URLStreamHandler parseURL (Ljava/net/URL;Ljava/lang/String;II)V 2057 1 12234 0 -1
ciMethodData java/lang/String hashCode ()I 2 37545 orig 264 152 98 115 94 0 0 0 0 80 80 152 23 0 0 0 0 152 1 0 0 32 0 0 0 0 0 0 0 0 0 0 0 0 0 0 0 0 0 0 0 0 0 0 0 0 0 0 0 0 0 0 0 0 0 0 0 0 0 0 0 0 0 0 0 0 0 0 0 0 0 0 0 0 0 0 0 0 0 0 0 77 68 79 32 101 120 116 114 97 32 100 97 116 97 32 108 111 99 107 0 0 0 0 0 0 0 0 0 0 0 0 0 0 0 0 0 0 0 0 0 0 0 0 0 0 0 0 0 0 0 0 0 0 0 0 0 0 0 0 0 0 0 0 0 1 0 0 0 0 0 0 0 0 0 0 0 0 0 0 0 0 0 0 0 0 0 0 0 0 0 0 0 0 0 0 0 0 0 0 1 0 0 0 0 0 0 0 0 0 0 0 0 0 0 0 0 0 0 0 0 0 0 0 0 0 0 0 0 0 0 0 0 0 0 0 0 0 16 0 0 241 48 0 0 73 21 4 0 235 2 0 0 35 65 0 0 2 0 0 0 1 0 11 0 2 0 0 0 120 0 0 0 255 255 255 255 7 0 6 0 0 0 0 0 data 15 0x60007 0x118 0x78 0x506 0xee007 0x1 0x58 0x506 0x1e0007 0x506 0x38 0x8281 0x2d0003 0x8281 0xffffffffffffffe0 oops 0
ciMethodData java/util/HashMap hash (Ljava/lang/Object;)I 2 213349 orig 264 152 98 115 94 0 0 0 0 160 186 166 23 0 0 0 0 176 1 0 0 32 0 0 0 0 0 0 0 0 0 0 0 0 0 0 0 0 0 0 0 0 0 0 0 0 0 0 0 0 0 0 0 0 0 0 0 0 0 0 0 0 0 0 0 0 0 0 0 0 0 0 0 0 0 0 0 0 0 0 0 77 68 79 32 101 120 116 114 97 32 100 97 116 97 32 108 111 99 107 0 0 0 0 0 0 0 0 0 0 0 0 0 0 0 0 0 0 0 0 0 0 0 0 0 0 0 0 0 0 0 0 0 0 0 0 0 0 0 0 0 0 0 0 0 0 0 0 0 0 0 0 0 0 0 0 0 0 0 0 0 0 0 0 0 0 0 0 0 0 0 0 0 0 0 0 0 0 0 0 0 0 0 0 0 0 0 0 0 0 0 0 0 0 0 0 0 0 0 0 0 0 0 0 0 0 0 0 0 0 0 0 0 0 0 0 0 0 2 0 0 41 251 25 0 1 0 0 0 0 0 0 0 0 0 0 0 2 0 0 0 0 0 6 0 2 0 0 0 104 0 0 0 255 255 255 255 7 0 1 0 0 0 0 0 data 13 0x10007 0x33ef8 0x38 0x6f 0x50003 0x6f 0x48 0x90005 0xe6c2 0x1a28c860 0x1cfc6 0x1a28c8f0 0x14ba oops 2 9 java/lang/String 11 java/lang/Class
ciMethodData java/util/HashMap getNode (ILjava/lang/Object;)Ljava/util/HashMap$Node; 2 25605 orig 264 152 98 115 94 0 0 0 0 80 196 166 23 0 0 0 0 8 4 0 0 96 1 0 0 0 0 0 0 0 0 0 0 0 0 0 0 0 0 0 0 0 0 0 0 0 0 0 0 0 0 0 0 0 0 0 0 0 0 0 0 0 0 0 0 0 0 0 0 0 0 0 0 0 0 0 0 0 0 0 0 77 68 79 32 101 120 116 114 97 32 100 97 116 97 32 108 111 99 107 0 0 0 0 0 0 0 0 0 0 0 0 0 0 0 0 0 0 0 0 0 0 0 0 0 0 0 0 0 0 0 0 0 0 0 0 0 0 0 0 0 0 0 0 0 2 0 0 0 1 0 0 0 0 0 0 0 0 0 0 0 0 0 0 0 0 0 0 0 0 0 0 0 0 0 0 0 0 0 0 4 0 0 0 0 0 0 0 0 0 0 0 0 0 0 0 0 0 0 0 0 0 0 0 0 0 0 0 0 0 0 0 0 0 0 0 0 0 2 0 0 41 16 3 0 169 42 0 0 9 46 0 0 130 2 0 0 2 0 0 0 2 0 45 0 2 0 0 0 176 2 0 0 255 255 255 255 7 0 6 0 0 0 0 0 data 86 0x60007 0xf51 0x2b0 0x52b4 0xe0007 0x0 0x290 0x52b4 0x1c0007 0x1943 0x270 0x3971 0x250007 0x168b 0xb0 0x22e6 0x310007 0xca1 0x90 0x1645 0x350007 0x0 0x70 0x1645 0x3b0005 0x1602 0x23927ce0 0x39 0x1a333840 0xa 0x3e0007 0x151 0x20 0x14f4 0x4c0007 0x92b 0x1a0 0xeb1 0x510004 0xfffffffffffff175 0x227d1280 0x3e 0x229bc7c0 0xb 0x54e007 0xe8b 0x80 0x27 0x590004 0x0 0x229bac90 0x27 0x0 0x0 0x5e0005 0x2 0x229bac90 0x25 0x0 0x0 0x680007 0x528 0xb0 0xbe5 0x740007 0x1f5 0x90 0x9f0 0x780007 0x0 0x70 0x9f0 0x7e0005 0x9be 0x23927ce0 0x2a 0x1a333840 0x8 0x81e007 0x41 0x20 0x9b2 0x8f0007 0x282 0xffffffffffffff50 0x2e7 oops 8 26 java/util/jar/Attributes$Name 28 java/io/File 40 java/util/HashMap$Node 42 java/util/LinkedHashMap$Entry 50 java/util/HashMap$TreeNode 56 java/util/HashMap$TreeNode 74 java/util/jar/Attributes$Name 76 java/io/File
ciMethod java/lang/instrument/ClassFileTransformer transform (Ljava/lang/ClassLoader;Ljava/lang/String;Ljava/lang/Class;Ljava/security/ProtectionDomain;[B)[B 0 0 1 0 -1
ciMethod java/util/concurrent/ConcurrentHashMap$ForwardingNode find (ILjava/lang/Object;)Ljava/util/concurrent/ConcurrentHashMap$Node; 9 1 1 0 0
ciMethod java/lang/Package isSealed ()Z 2049 1 780 0 -1
ciMethod java/lang/Package isSealed (Ljava/net/URL;)Z 0 0 1 0 -1
ciMethod java/lang/Package <init> (Ljava/lang/String;Ljava/lang/String;Ljava/lang/String;Ljava/lang/String;Ljava/lang/String;Ljava/lang/String;Ljava/lang/String;Ljava/net/URL;Ljava/lang/ClassLoader;)V 2049 1 917 0 -1
ciMethod java/lang/Package getSystemPackage (Ljava/lang/String;)Ljava/lang/Package; 409 1 640 0 -1
ciMethod java/util/zip/InflaterInputStream close ()V 1737 1 7927 0 0
ciMethod java/io/PushbackInputStream close ()V 377 1 47 0 0
ciMethod java/util/zip/Inflater reset ()V 2049 1 5376 0 1120
ciMethod java/util/zip/Inflater end ()V 17 1 4389 0 0
ciMethod java/util/zip/Inflater ensureOpen ()V 2777 1 5492 0 128
ciMethod java/util/zip/Inflater ended ()Z 2049 1 12940 0 0
ciMethod java/util/zip/Inflater reset (J)V 2049 1 256 0 -1
ciMethod java/util/zip/Inflater end (J)V 2057 1 257 0 -1
ciMethod java/util/zip/ZStreamRef address ()J 2049 1 33925 0 0
ciMethod java/util/zip/ZStreamRef clear ()V 2049 1 4390 0 -1
ciMethod java/util/zip/ZipUtils dosToJavaTime (J)J 1801 1 5254 0 0
ciMethod java/util/zip/ZipUtils extendedDosToJavaTime (J)J 1801 1 5254 0 0
ciMethod java/util/jar/JarEntry getCertificates ()[Ljava/security/cert/Certificate; 0 0 1 0 -1
ciMethod java/util/zip/ZipEntry getName ()Ljava/lang/String; 1033 1 129 0 0
ciMethod java/util/zip/ZipEntry getTime ()J 2049 1 5422 0 0
ciMethod java/util/zip/ZipEntry getSize ()J 2049 1 10718 0 0
ciMethod java/util/zip/ZipEntry isDirectory ()Z 2049 1 15260 0 0
ciMethod java/util/jar/Attributes get (Ljava/lang/Object;)Ljava/lang/Object; 3089 1 7697 0 0
ciMethod java/util/jar/Attributes getValue (Ljava/util/jar/Attributes$Name;)Ljava/lang/String; 3089 1 7187 0 0
ciMethod java/util/jar/Attributes putAll (Ljava/util/Map;)V 145 1441 18 0 -1
ciMethod java/util/jar/Attributes clone ()Ljava/lang/Object; 2121 1 1476 0 -1
ciMethod java/util/jar/Attributes$Name equals (Ljava/lang/Object;)Z 2065 1 2796 0 0
ciMethod java/util/jar/Attributes$Name hashCode ()I 2137 1 7506 0 768
ciMethodData java/util/HashMap get (Ljava/lang/Object;)Ljava/lang/Object; 2 65752 orig 264 152 98 115 94 0 0 0 0 32 195 166 23 0 0 0 0 200 1 0 0 16 0 0 0 0 0 0 0 0 0 0 0 0 0 0 0 0 0 0 0 0 0 0 0 0 0 0 0 0 0 0 0 0 0 0 0 0 0 0 0 0 0 0 0 0 0 0 0 0 0 0 0 0 0 0 0 0 0 0 0 77 68 79 32 101 120 116 114 97 32 100 97 116 97 32 108 111 99 107 0 0 0 0 0 0 0 0 0 0 0 0 0 0 0 0 0 0 0 0 0 0 0 0 0 0 0 0 0 0 0 0 0 0 0 0 0 0 0 0 0 0 0 0 0 1 0 0 0 0 0 0 0 0 0 0 0 0 0 0 0 0 0 0 0 0 0 0 0 0 0 0 0 0 0 0 0 0 0 0 0 0 0 0 0 0 0 0 0 0 0 0 0 0 0 0 0 0 0 0 0 0 0 0 0 0 0 0 0 0 0 0 0 0 0 0 0 0 2 0 0 193 246 7 0 1 0 0 0 181 46 0 0 0 0 0 0 2 0 0 0 0 0 10 0 2 0 0 0 120 0 0 0 255 255 255 255 2 0 2 0 0 0 0 0 data 15 0x20002 0xfed9 0x60005 0x740 0x22e7c9f0 0xf1a6 0x227d1c70 0x5ed 0xb0007 0x6297 0x38 0x9c3f 0xf0003 0x9c3f 0x18 oops 2 4 java/util/HashMap 6 java/lang/ProcessEnvironment
ciMethod java/util/concurrent/CopyOnWriteArrayList getArray ()[Ljava/lang/Object; 1425 1 178 0 0
ciMethod java/util/concurrent/CopyOnWriteArrayList size ()I 4097 1 9247 0 96
ciMethod java/util/zip/ZipFile getEntry (Ljava/lang/String;)Ljava/util/zip/ZipEntry; 689 1 6268 0 -1
ciMethod java/util/zip/ZipFile getInputStream (Ljava/util/zip/ZipEntry;)Ljava/io/InputStream; 2049 1 5511 0 -1
ciMethod java/util/zip/ZipFile releaseInflater (Ljava/util/zip/Inflater;)V 1729 1 7881 0 0
ciMethod java/util/zip/ZipFile access$000 (Ljava/util/zip/ZipFile;)Ljava/util/Map; 1041 1 130 0 0
ciMethod java/util/zip/ZipFile access$100 (Ljava/util/zip/ZipFile;Ljava/util/zip/Inflater;)V 1729 1 7881 0 0
ciMethod java/util/zip/ZipFile access$400 (Ljava/util/zip/ZipFile;)J 2113 1 19843 0 -1
ciMethod java/util/zip/ZipFile access$1000 (JJ)V 1025 1 8136 0 -1
ciMethodData java/util/Arrays copyOfRange ([CII)[C 2 5530 orig 264 152 98 115 94 0 0 0 0 0 218 169 23 0 0 0 0 120 2 0 0 240 0 0 0 0 0 0 0 0 0 0 0 0 0 0 0 0 0 0 0 0 0 0 0 0 0 0 0 0 0 0 0 0 0 0 0 0 0 0 0 0 0 0 0 0 0 0 0 0 0 0 0 0 0 0 0 0 0 0 0 77 68 79 32 101 120 116 114 97 32 100 97 116 97 32 108 111 99 107 0 0 0 0 0 0 0 0 0 0 0 0 0 0 0 0 0 0 0 0 0 0 0 0 0 0 0 0 0 0 0 0 0 0 0 0 0 0 0 0 0 0 0 0 0 0 0 0 0 0 0 0 0 0 0 0 0 0 0 0 0 0 0 0 0 0 0 0 0 0 0 0 0 0 0 0 0 0 0 0 0 0 0 0 0 0 0 0 0 0 0 0 0 0 0 0 0 0 0 0 0 0 0 0 0 0 0 0 0 0 0 0 0 0 0 0 0 141 1 0 0 105 160 0 0 1 0 0 0 0 0 0 0 0 0 0 0 2 0 0 0 0 0 9 0 2 0 0 0 32 1 0 0 255 255 255 255 7 0 5 0 0 0 0 0 data 36 0x50007 0x140d 0x100 0x0 0x100002 0x0 0x140005 0x0 0x0 0x0 0x0 0x0 0x190005 0x0 0x0 0x0 0x0 0x0 0x1d0005 0x0 0x0 0x0 0x0 0x0 0x200005 0x0 0x0 0x0 0x0 0x0 0x230002 0x0 0x360002 0x140d 0x390002 0x140d oops 0
ciMethodData java/lang/String <init> ([CII)V 2 5570 orig 264 152 98 115 94 0 0 0 0 240 49 152 23 0 0 0 0 80 2 0 0 208 0 0 0 0 0 0 0 0 0 0 0 0 0 0 0 0 0 0 0 0 0 0 0 0 0 0 0 0 0 0 0 0 0 0 0 0 0 0 0 0 0 0 0 0 0 0 0 0 0 0 0 0 0 0 0 0 0 0 0 77 68 79 32 101 120 116 114 97 32 100 97 116 97 32 108 111 99 107 0 0 0 0 0 0 0 0 0 0 0 0 0 0 0 0 0 0 0 0 0 0 0 0 0 0 0 0 0 0 0 0 0 0 0 0 0 0 0 0 0 0 0 0 0 0 0 0 0 0 0 0 0 0 0 0 0 0 0 0 0 0 0 0 0 0 0 0 0 0 0 0 0 0 0 0 0 0 0 0 0 0 0 0 0 0 0 0 0 0 0 0 0 0 0 0 0 0 0 0 0 0 0 0 0 0 0 0 0 0 0 0 0 0 0 0 0 120 1 0 0 81 162 0 0 1 0 0 0 0 0 0 0 0 0 0 0 2 0 0 0 0 0 14 0 2 0 0 0 240 0 0 0 255 255 255 255 2 0 1 0 0 0 0 0 data 30 0x10002 0x144a 0x50007 0x144a 0x30 0x0 0xd0002 0x0 0x120007 0x1435 0x70 0x15 0x160007 0x15 0x30 0x0 0x1e0002 0x0 0x250007 0x0 0x20 0x15 0x370007 0x1435 0x30 0x0 0x410002 0x0 0x4b0002 0x1435 oops 0
ciMethod java/util/jar/JarFile getManifest ()Ljava/util/jar/Manifest; 2049 1 1047 0 0
ciMethod java/util/jar/JarFile getManifestFromReference ()Ljava/util/jar/Manifest; 2049 1 5626 0 0
ciMethod java/util/jar/JarFile getMetaInfEntryNames ()[Ljava/lang/String; 2065 1 258 0 -1
ciMethod java/util/jar/JarFile getJarEntry (Ljava/lang/String;)Ljava/util/jar/JarEntry; 689 1 16940 0 192
ciMethod java/util/jar/JarFile getEntry (Ljava/lang/String;)Ljava/util/zip/ZipEntry; 689 1 7376 0 4512
ciMethod java/util/jar/JarFile maybeInstantiateVerifier ()V 3073 161 10647 0 1344
ciMethod java/util/jar/JarFile initializeVerifier ()V 137 529 43 0 -1
ciMethod java/util/jar/JarFile getBytes (Ljava/util/zip/ZipEntry;)[B 513 1 342 0 -1
ciMethod java/util/jar/JarFile getInputStream (Ljava/util/zip/ZipEntry;)Ljava/io/InputStream; 3105 1 10790 0 3904
ciMethod java/util/jar/JarFile getManEntry ()Ljava/util/jar/JarEntry; 401 1 244 0 -1
ciMethod java/util/jar/JarFile access$200 (Ljava/util/jar/JarFile;)V 3081 1 6133 0 0
ciMethod java/util/jar/JarFile access$300 (Ljava/util/jar/JarFile;)Ljava/util/jar/JarVerifier; 1025 1 128 0 0
ciMethod java/util/Deque add (Ljava/lang/Object;)Z 0 0 1 0 -1
ciMethod java/util/ArrayDeque doubleCapacity ()V 0 0 1 0 -1
ciMethod java/util/ArrayDeque addLast (Ljava/lang/Object;)V 2049 1 5380 0 320
ciMethod java/util/ArrayDeque add (Ljava/lang/Object;)Z 2049 1 5381 0 352
ciMethod java/util/jar/JarFile$JarFileEntry <init> (Ljava/util/jar/JarFile;Ljava/util/zip/ZipEntry;)V 193 1 9798 0 -1
ciMethod java/util/jar/JarFile$JarFileEntry getCertificates ()[Ljava/security/cert/Certificate; 2049 1 5270 0 0
ciMethod java/util/zip/ZipFile$ZipFileInputStream close ()V 2049 1 5762 0 2560
ciMethod java/util/zip/ZipFile$ZipFileInflaterInputStream close ()V 2801 1 14130 0 0
ciMethod java/util/jar/JarVerifier <init> ([B)V 113 1 250 0 -1
ciMethod java/util/jar/JarVerifier getCerts (Ljava/util/jar/JarFile;Ljava/util/jar/JarEntry;)[Ljava/security/cert/Certificate; 177 1 217 0 0
ciMethod java/util/jar/JarVerifier getCodeSigners (Ljava/util/jar/JarFile;Ljava/util/jar/JarEntry;)[Ljava/security/CodeSigner; 177 1 217 0 -1
ciMethod java/util/jar/JarVerifier mapSignersToCertArray ([Ljava/security/CodeSigner;)[Ljava/security/cert/Certificate; 2065 3577 4749 0 -1
ciMethodData java/lang/String startsWith (Ljava/lang/String;I)Z 2 23721 orig 264 152 98 115 94 0 0 0 0 72 78 152 23 0 0 0 0 176 1 0 0 0 0 0 0 0 0 0 0 0 0 0 0 0 0 0 0 0 0 0 0 0 0 0 0 0 0 0 0 0 0 0 0 0 0 0 0 0 0 0 0 0 0 0 0 0 0 0 0 0 0 0 0 0 0 0 0 0 0 0 0 77 68 79 32 101 120 116 114 97 32 100 97 116 97 32 108 111 99 107 0 0 0 0 0 0 0 0 0 0 0 0 0 0 0 0 0 0 0 0 0 0 0 0 0 0 0 0 0 0 0 0 0 0 0 0 0 0 0 0 0 0 0 0 0 1 0 0 0 0 0 0 0 0 0 0 0 0 0 0 0 0 0 0 0 0 0 0 0 0 0 0 0 0 0 0 0 0 0 0 1 0 0 0 0 0 0 0 0 0 0 0 0 0 0 0 0 0 0 0 0 0 0 0 0 0 0 0 0 0 0 0 0 0 0 0 0 184 1 0 0 153 33 1 0 25 223 2 0 238 20 0 0 0 41 0 0 2 0 0 0 1 0 13 0 2 0 0 0 128 0 0 0 255 255 255 255 7 224 25 0 0 0 0 0 data 16 0x19e007 0x3 0x40 0x2431 0x250007 0x234e 0x20 0xe3 0x2f0007 0x65c 0x40 0x5c12 0x410007 0x3f20 0xffffffffffffffe0 0x1cf2 oops 0
ciMethodData java/util/concurrent/ConcurrentHashMap tabAt ([Ljava/util/concurrent/ConcurrentHashMap$Node;I)Ljava/util/concurrent/ConcurrentHashMap$Node; 2 134083 orig 264 152 98 115 94 0 0 0 0 112 52 180 23 0 0 0 0 176 1 0 0 0 0 0 0 0 0 0 0 0 0 0 0 0 0 0 0 0 0 0 0 0 0 0 0 0 0 0 0 0 0 0 0 0 0 0 0 0 0 0 0 0 0 0 0 0 0 0 0 0 0 0 0 0 0 0 0 0 0 0 0 77 68 79 32 101 120 116 114 97 32 100 97 116 97 32 108 111 99 107 0 0 0 0 0 0 0 0 0 0 0 0 0 0 0 0 0 0 0 0 0 0 0 0 0 0 0 0 0 0 0 0 0 0 0 0 0 0 0 0 0 0 0 0 0 0 0 0 0 0 0 0 0 0 0 0 0 0 0 0 0 0 0 0 0 0 0 0 0 0 0 0 0 0 0 0 0 0 0 0 0 0 0 0 0 0 0 0 0 0 0 0 0 0 0 0 0 0 0 0 0 0 0 0 0 0 0 0 0 0 0 0 0 0 0 0 0 173 1 0 0 177 80 16 0 1 0 0 0 0 0 0 0 0 0 0 0 2 0 0 0 0 0 3 0 2 0 0 0 96 0 0 0 255 255 255 255 5 0 14 0 0 0 0 0 data 12 0xe0005 0x0 0x0 0x0 0x0 0x0 0x110104 0x0 0x2356be90 0x11068 0x2356f850 0x40a9 oops 2 8 java/util/concurrent/ConcurrentHashMap$Node 10 java/util/concurrent/ConcurrentHashMap$ForwardingNode
ciMethodData java/lang/String lastIndexOf (II)I 2 21640 orig 264 152 98 115 94 0 0 0 0 32 84 152 23 0 0 0 0 240 1 0 0 32 0 0 0 0 0 0 0 0 0 0 0 0 0 0 0 0 0 0 0 0 0 0 0 0 0 0 0 0 0 0 0 0 0 0 0 0 0 0 0 0 0 0 0 0 0 0 0 0 0 0 0 0 0 0 0 0 0 0 0 77 68 79 32 101 120 116 114 97 32 100 97 116 97 32 108 111 99 107 0 0 0 0 0 0 0 0 0 0 0 0 0 0 0 0 0 0 0 0 0 0 0 0 0 0 0 0 0 0 0 0 0 0 0 0 0 0 0 0 0 0 0 0 0 0 0 0 0 0 0 0 0 0 0 0 0 0 0 0 0 0 0 0 0 0 0 0 0 0 0 0 0 0 0 0 0 0 0 0 0 0 0 0 0 0 0 0 0 0 0 0 0 0 0 0 0 0 0 0 0 0 0 0 0 0 0 0 0 0 0 0 0 0 0 0 0 124 20 0 0 41 31 0 0 97 0 2 0 0 0 0 0 0 0 0 0 2 0 0 0 1 0 14 0 2 0 0 0 152 0 0 0 255 255 255 255 7 0 3 0 0 0 0 0 data 19 0x30007 0x0 0x88 0x3e5 0x100002 0x3e5 0x170007 0x1f 0x58 0x43d2 0x1f0007 0x400c 0x20 0x3c6 0x280003 0x400c 0xffffffffffffffc0 0x300002 0x0 oops 0
ciMethod java/util/concurrent/TimeUnit toMillis (J)J 0 0 1 0 -1
ciMethod java/util/concurrent/locks/LockSupport unpark (Ljava/lang/Thread;)V 2049 1 875 0 -1
ciMethod java/util/Date <init> (IIIIII)V 2049 1 5254 0 0
ciMethod java/util/Date getTime ()J 2049 1 5933 0 0
ciMethod java/util/Date getTimeImpl ()J 2057 1 11187 0 0
ciMethod java/util/Date normalize ()Lsun/util/calendar/BaseCalendar$Date; 2065 1 5397 0 0
ciMethod java/util/Date normalize (Lsun/util/calendar/BaseCalendar$Date;)Lsun/util/calendar/BaseCalendar$Date; 1 1 5133 0 0
ciMethod java/util/Date getCalendarSystem (I)Lsun/util/calendar/BaseCalendar; 2049 1 10387 0 0
ciMethod java/util/Date getCalendarSystem (J)Lsun/util/calendar/BaseCalendar; 345 1 5177 0 0
ciMethod java/util/Date getCalendarSystem (Lsun/util/calendar/BaseCalendar$Date;)Lsun/util/calendar/BaseCalendar; 1 1 5133 0 0
ciMethod java/util/Date getJulianCalendar ()Lsun/util/calendar/BaseCalendar; 0 0 1 0 -1
ciMethod sun/util/calendar/CalendarSystem getCalendarDate (JLsun/util/calendar/CalendarDate;)Lsun/util/calendar/CalendarDate; 0 0 1 0 -1
ciMethod sun/util/calendar/CalendarSystem newCalendarDate (Ljava/util/TimeZone;)Lsun/util/calendar/CalendarDate; 0 0 1 0 -1
ciMethod sun/util/calendar/Gregorian getCalendarDate (JLsun/util/calendar/CalendarDate;)Lsun/util/calendar/Gregorian$Date; 3073 1 5636 0 0
ciMethod sun/util/calendar/Gregorian newCalendarDate (Ljava/util/TimeZone;)Lsun/util/calendar/Gregorian$Date; 4769 1 5731 0 0
ciMethod sun/util/calendar/Gregorian getCalendarDate (JLsun/util/calendar/CalendarDate;)Lsun/util/calendar/CalendarDate; 4097 1 5588 0 0
ciMethod sun/util/calendar/Gregorian newCalendarDate (Ljava/util/TimeZone;)Lsun/util/calendar/CalendarDate; 2049 1 5388 0 0
ciMethod sun/util/calendar/BaseCalendar normalizeMonth (Lsun/util/calendar/CalendarDate;)V 3073 1 5505 0 0
ciMethod sun/util/calendar/BaseCalendar getDayOfYear (III)J 1209 1 5187 0 -1
ciMethod sun/util/calendar/BaseCalendar getFixedDate (Lsun/util/calendar/CalendarDate;)J 3073 1 5505 0 1760
ciMethod sun/util/calendar/BaseCalendar getFixedDate (IIILsun/util/calendar/BaseCalendar$Date;)J 2065 1 5380 0 1504
ciMethod sun/util/calendar/BaseCalendar isLeapYear (I)Z 2825 1 21446 0 -1
ciMethod sun/util/calendar/AbstractCalendar getCalendarDate (JLjava/util/TimeZone;)Lsun/util/calendar/CalendarDate; 0 0 1 0 -1
ciMethod sun/util/calendar/AbstractCalendar getCalendarDate (JLsun/util/calendar/CalendarDate;)Lsun/util/calendar/CalendarDate; 3073 1 5547 0 -1
ciMethod sun/util/calendar/AbstractCalendar getTime (Lsun/util/calendar/CalendarDate;)J 3073 1 5378 0 0
ciMethod sun/util/calendar/AbstractCalendar getTimeOfDay (Lsun/util/calendar/CalendarDate;)J 3073 1 5588 0 0
ciMethod sun/util/calendar/AbstractCalendar getTimeOfDayValue (Lsun/util/calendar/CalendarDate;)J 3073 1 5588 0 0
ciMethod sun/util/calendar/AbstractCalendar getFixedDate (Lsun/util/calendar/CalendarDate;)J 0 0 1 0 -1
ciMethod java/util/TimeZone getOffset (J)I 0 0 1 0 -1
ciMethod java/util/TimeZone getRawOffset ()I 0 0 1 0 -1
ciMethod java/util/TimeZone getTimeZone (Ljava/lang/String;)Ljava/util/TimeZone; 25 1 132 0 -1
ciMethod java/util/TimeZone getDefaultRef ()Ljava/util/TimeZone; 2057 1 10970 0 0
ciMethod java/util/TimeZone setDefaultZone ()Ljava/util/TimeZone; 9 1 1 0 -1
ciMethod sun/util/calendar/ZoneInfo getOffsetsByStandard (J[I)I 0 0 1 0 -1
ciMethod sun/util/calendar/ZoneInfo getOffsetsByWall (J[I)I 1345 1 6767 0 0
ciMethod sun/util/calendar/ZoneInfo getOffsets (J[II)I 2049 1 11470 0 0
ciMethod sun/util/calendar/ZoneInfo getTransitionIndex (JI)I 1705 8193 3287 0 -1
ciMethod sun/util/calendar/ZoneInfo getLastRawOffset ()I 25 1 79 0 -1
ciMethod sun/util/calendar/ZoneInfo getLastRule ()Ljava/util/SimpleTimeZone; 0 0 1 0 -1
ciMethod sun/util/calendar/Gregorian$Date <init> (Ljava/util/TimeZone;)V 2497 1 5566 0 0
ciMethod sun/util/calendar/Gregorian$Date getNormalizedYear ()I 3113 1 5512 0 32
ciMethod sun/util/calendar/Gregorian$Date setNormalizedYear (I)V 3073 1 5504 0 64
ciMethod sun/util/calendar/BaseCalendar$Date <init> (Ljava/util/TimeZone;)V 2497 1 5444 0 0
ciMethod sun/util/calendar/BaseCalendar$Date setNormalizedDate (III)Lsun/util/calendar/BaseCalendar$Date; 2049 1 5254 0 0
ciMethod sun/util/calendar/BaseCalendar$Date getNormalizedYear ()I 0 0 1 0 -1
ciMethod sun/util/calendar/BaseCalendar$Date setNormalizedYear (I)V 0 0 1 0 -1
ciMethod sun/util/calendar/BaseCalendar$Date hit (I)Z 1593 1 5284 0 -1
ciMethod sun/util/calendar/BaseCalendar$Date getCachedJan1 ()J 1529 1 5476 0 -1
ciMethod sun/util/calendar/BaseCalendar$Date setCache (IJI)V 1697 1 5287 0 -1
ciMethod sun/util/calendar/CalendarDate <init> (Ljava/util/TimeZone;)V 3073 1 5653 0 0
ciMethod sun/util/calendar/CalendarDate getEra ()Lsun/util/calendar/Era; 0 0 1 0 -1
ciMethod sun/util/calendar/CalendarDate getYear ()I 1057 1 132 0 0
ciMethod sun/util/calendar/CalendarDate setYear (I)Lsun/util/calendar/CalendarDate; 2073 1 5749 0 0
ciMethod sun/util/calendar/CalendarDate getMonth ()I 1097 1 137 0 0
ciMethod sun/util/calendar/CalendarDate setMonth (I)Lsun/util/calendar/CalendarDate; 2081 1 11003 0 0
ciMethod sun/util/calendar/CalendarDate getDayOfMonth ()I 1033 1 129 0 0
ciMethod sun/util/calendar/CalendarDate setDayOfMonth (I)Lsun/util/calendar/CalendarDate; 3209 1 11003 0 0
ciMethod sun/util/calendar/CalendarDate getHours ()I 1065 1 133 0 0
ciMethod sun/util/calendar/CalendarDate setHours (I)Lsun/util/calendar/CalendarDate; 2073 1 11045 0 0
ciMethod sun/util/calendar/CalendarDate getMinutes ()I 1065 1 133 0 0
ciMethod sun/util/calendar/CalendarDate setMinutes (I)Lsun/util/calendar/CalendarDate; 2105 1 11045 0 0
ciMethod sun/util/calendar/CalendarDate getSeconds ()I 1065 1 133 0 0
ciMethod sun/util/calendar/CalendarDate setSeconds (I)Lsun/util/calendar/CalendarDate; 3081 1 11045 0 0
ciMethod sun/util/calendar/CalendarDate getMillis ()I 1041 1 130 0 0
ciMethod sun/util/calendar/CalendarDate setMillis (I)Lsun/util/calendar/CalendarDate; 3081 1 11045 0 0
ciMethod sun/util/calendar/CalendarDate getTimeOfDay ()J 3073 1 5588 0 0
ciMethod sun/util/calendar/CalendarDate setTimeOfDay (IIII)Lsun/util/calendar/CalendarDate; 2049 1 5499 0 0
ciMethod sun/util/calendar/CalendarDate setTimeOfDay (J)V 3113 1 11136 0 0
ciMethod sun/util/calendar/CalendarDate isNormalized ()Z 1201 1 150 0 0
ciMethod sun/util/calendar/CalendarDate isStandardTime ()Z 1025 1 128 0 0
ciMethod sun/util/calendar/CalendarDate getZone ()Ljava/util/TimeZone; 1105 1 138 0 0
ciMethod sun/util/calendar/CalendarDate setZone (Ljava/util/TimeZone;)Lsun/util/calendar/CalendarDate; 89 1 125 0 -1
ciMethod sun/util/calendar/CalendarDate getZoneOffset ()I 0 0 1 0 -1
ciMethod sun/util/calendar/CalendarUtils floorDivide (JJ)J 0 0 1 0 -1
ciMethod sun/util/calendar/CalendarUtils floorDivide (II)I 0 0 1 0 -1
ciMethod sun/util/calendar/CalendarUtils mod (II)I 0 0 1 0 -1
ciMethodData java/util/concurrent/ConcurrentHashMap spread (I)I 2 53258 orig 264 152 98 115 94 0 0 0 0 64 49 180 23 0 0 0 0 32 1 0 0 0 0 0 0 0 0 0 0 0 0 0 0 0 0 0 0 0 0 0 0 0 0 0 0 0 0 0 0 0 0 0 0 0 0 0 0 0 0 0 0 0 0 0 0 0 0 0 0 0 0 0 0 0 0 0 0 0 0 0 0 77 68 79 32 101 120 116 114 97 32 100 97 116 97 32 108 111 99 107 0 0 0 0 0 0 0 0 0 0 0 0 0 0 0 0 0 0 0 0 0 0 0 0 0 0 0 0 0 0 0 0 0 0 0 0 0 0 0 0 0 0 0 0 0 0 0 0 0 0 0 0 0 0 0 0 0 0 0 0 0 0 0 0 0 0 0 0 0 0 0 0 0 0 0 0 0 0 0 0 0 0 0 0 0 0 0 0 0 0 0 0 0 0 0 0 0 0 0 0 0 0 0 0 0 0 0 0 0 0 0 0 0 0 0 0 0 0 1 0 0 81 120 6 0 1 0 0 0 0 0 0 0 0 0 0 0 2 0 0 0 0 0 3 0 1 0 0 0 0 0 0 0 255 255 255 255 0 0 0 0 0 0 0 0 data 0 oops 0
ciMethodData java/lang/String substring (II)Ljava/lang/String; 2 5506 orig 264 152 98 115 94 0 0 0 0 8 93 152 23 0 0 0 0 40 2 0 0 208 0 0 0 0 0 0 0 0 0 0 0 0 0 0 0 0 0 0 0 0 0 0 0 0 0 0 0 0 0 0 0 0 0 0 0 0 0 0 0 0 0 0 0 0 0 0 0 0 0 0 0 0 0 0 0 0 0 0 0 77 68 79 32 101 120 116 114 97 32 100 97 116 97 32 108 111 99 107 0 0 0 0 0 0 0 0 0 0 0 0 0 0 0 0 0 0 0 0 0 0 0 0 0 0 0 0 0 0 0 0 0 0 0 0 0 0 0 0 0 0 0 0 0 0 0 0 0 0 0 0 0 0 0 0 0 0 0 0 0 0 0 0 0 0 0 0 0 0 0 0 0 0 0 0 0 0 0 0 0 0 0 0 0 0 0 0 0 0 0 0 0 0 0 0 0 0 0 0 0 0 0 0 0 0 0 0 0 0 0 0 0 0 0 0 0 20 1 0 0 113 163 0 0 1 0 0 0 0 0 0 0 0 0 0 0 2 0 0 0 0 0 15 0 2 0 0 0 248 0 0 0 255 255 255 255 7 0 1 0 0 0 0 0 data 31 0x10007 0x146e 0x30 0x0 0x90002 0x0 0x130007 0x146e 0x30 0x0 0x1b0002 0x0 0x240007 0x146e 0x30 0x0 0x2c0002 0x0 0x310007 0x69d 0x58 0xdd1 0x3a0007 0x8ad 0x38 0x524 0x3e0003 0x524 0x28 0x4b0002 0xf4a oops 0
ciMethodData java/util/zip/ZStreamRef address ()J 2 33925 orig 264 152 98 115 94 0 0 0 0 232 229 187 23 0 0 0 0 32 1 0 0 0 0 0 0 0 0 0 0 0 0 0 0 0 0 0 0 0 0 0 0 0 0 0 0 0 0 0 0 0 0 0 0 0 0 0 0 0 0 0 0 0 0 0 0 0 0 0 0 0 0 0 0 0 0 0 0 0 0 0 0 77 68 79 32 101 120 116 114 97 32 100 97 116 97 32 108 111 99 107 0 0 0 0 0 0 0 0 0 0 0 0 0 0 0 0 0 0 0 0 0 0 0 0 0 0 0 0 0 0 0 0 0 0 0 0 0 0 0 0 0 0 0 0 0 0 0 0 0 0 0 0 0 0 0 0 0 0 0 0 0 0 0 0 0 0 0 0 0 0 0 0 0 0 0 0 0 0 0 0 0 0 0 0 0 0 0 0 0 0 0 0 0 0 0 0 0 0 0 0 0 0 0 0 0 0 0 0 0 0 0 0 0 0 0 0 0 0 1 0 0 41 28 4 0 1 0 0 0 0 0 0 0 0 0 0 0 2 0 0 0 0 0 3 0 1 0 0 0 0 0 0 0 255 255 255 255 0 0 0 0 0 0 0 0 data 0 oops 0
ciMethodData java/lang/String endsWith (Ljava/lang/String;)Z 2 129994 orig 264 152 98 115 94 0 0 0 0 128 79 152 23 0 0 0 0 128 1 0 0 0 0 0 0 0 0 0 0 0 0 0 0 0 0 0 0 0 0 0 0 0 0 0 0 0 0 0 0 0 0 0 0 0 0 0 0 0 0 0 0 0 0 0 0 0 0 0 0 0 0 0 0 0 0 0 0 0 0 0 0 77 68 79 32 101 120 116 114 97 32 100 97 116 97 32 108 111 99 107 0 0 0 0 0 0 0 0 0 0 0 0 0 0 0 0 0 0 0 0 0 0 0 0 0 0 0 0 0 0 0 0 0 0 0 0 0 0 0 0 0 0 0 0 0 0 0 0 0 0 0 0 0 0 0 0 0 0 0 0 0 0 0 0 0 0 0 0 0 0 0 0 0 0 0 0 0 0 0 0 0 0 0 0 0 0 0 0 0 0 0 0 0 0 0 0 0 0 0 0 0 0 0 0 0 0 0 0 0 0 0 0 0 0 0 0 0 177 0 0 0 201 216 15 0 1 0 0 0 0 0 0 0 0 0 0 0 2 0 0 0 0 0 3 0 2 0 0 0 48 0 0 0 255 255 255 255 5 0 13 0 0 0 0 0 data 6 0xd0005 0x8a 0x1a28c860 0x1fa8f 0x0 0x0 oops 1 2 java/lang/String
ciMethodData java/util/concurrent/ConcurrentHashMap putIfAbsent (Ljava/lang/Object;Ljava/lang/Object;)Ljava/lang/Object; 2 23431 orig 264 152 98 115 94 0 0 0 0 184 79 180 23 0 0 0 0 136 1 0 0 0 0 0 0 0 0 0 0 0 0 0 0 0 0 0 0 0 0 0 0 0 0 0 0 0 0 0 0 0 0 0 0 0 0 0 0 0 0 0 0 0 0 0 0 0 0 0 0 0 0 0 0 0 0 0 0 0 0 0 0 77 68 79 32 101 120 116 114 97 32 100 97 116 97 32 108 111 99 107 0 0 0 0 0 0 0 0 0 0 0 0 0 0 0 0 0 0 0 0 0 0 0 0 0 0 0 0 0 0 0 0 0 0 0 0 0 0 0 0 0 0 0 0 0 0 0 0 0 0 0 0 0 0 0 0 0 0 0 0 0 0 0 0 0 0 0 0 0 0 0 0 0 0 0 0 0 0 0 0 0 0 0 0 0 0 0 0 0 0 0 0 0 0 0 0 0 0 0 0 0 0 0 0 0 0 0 0 0 0 0 0 0 0 0 0 0 1 1 0 0 49 212 2 0 1 0 0 0 0 0 0 0 0 0 0 0 2 0 0 0 0 0 3 0 2 0 0 0 48 0 0 0 255 255 255 255 5 0 4 0 0 0 0 0 data 6 0x40005 0x0 0x2288ddc0 0x5a86 0x0 0x0 oops 1 2 java/util/concurrent/ConcurrentHashMap
ciMethod org/apache/juli/logging/Log isDebugEnabled ()Z 0 0 1 0 -1
ciMethod org/apache/juli/logging/Log debug (Ljava/lang/Object;Ljava/lang/Throwable;)V 0 0 1 0 -1
ciMethod org/apache/juli/logging/Log error (Ljava/lang/Object;Ljava/lang/Throwable;)V 0 0 1 0 -1
ciMethodData java/lang/String lastIndexOf (I)I 2 47698 orig 264 152 98 115 94 0 0 0 0 80 83 152 23 0 0 0 0 128 1 0 0 0 0 0 0 0 0 0 0 0 0 0 0 0 0 0 0 0 0 0 0 0 0 0 0 0 0 0 0 0 0 0 0 0 0 0 0 0 0 0 0 0 0 0 0 0 0 0 0 0 0 0 0 0 0 0 0 0 0 0 0 77 68 79 32 101 120 116 114 97 32 100 97 116 97 32 108 111 99 107 0 0 0 0 0 0 0 0 0 0 0 0 0 0 0 0 0 0 0 0 0 0 0 0 0 0 0 0 0 0 0 0 0 0 0 0 0 0 0 0 0 0 0 0 0 0 0 0 0 0 0 0 0 0 0 0 0 0 0 0 0 0 0 0 0 0 0 0 0 0 0 0 0 0 0 0 0 0 0 0 0 0 0 0 0 0 0 0 0 0 0 0 0 0 0 0 0 0 0 0 0 0 0 0 0 0 0 0 0 0 0 0 0 0 0 0 0 0 1 0 0 145 202 5 0 1 0 0 0 0 0 0 0 0 0 0 0 2 0 0 0 0 0 3 0 2 0 0 0 48 0 0 0 255 255 255 255 5 0 9 0 0 0 0 0 data 6 0x90005 0x0 0x1a28c860 0xb952 0x0 0x0 oops 1 2 java/lang/String
ciMethodData java/lang/ClassLoader getClassLoadingLock (Ljava/lang/String;)Ljava/lang/Object; 2 16908 orig 264 152 98 115 94 0 0 0 0 104 77 153 23 0 0 0 0 208 1 0 0 0 0 0 0 0 0 0 0 0 0 0 0 0 0 0 0 0 0 0 0 0 0 0 0 0 0 0 0 0 0 0 0 0 0 0 0 0 0 0 0 0 0 0 0 0 0 0 0 0 0 0 0 0 0 0 0 0 0 0 0 77 68 79 32 101 120 116 114 97 32 100 97 116 97 32 108 111 99 107 0 0 0 0 0 0 0 0 0 0 0 0 0 0 0 0 0 0 0 0 0 0 0 0 0 0 0 0 0 0 0 0 0 0 0 0 0 0 0 0 0 0 0 0 0 0 0 0 0 0 0 0 0 0 0 0 0 0 0 0 0 0 0 0 0 0 0 0 0 0 0 0 0 0 0 0 0 0 0 0 0 0 0 0 0 0 0 0 0 0 0 0 0 0 0 0 0 0 0 0 0 0 0 0 0 0 0 0 0 0 0 0 0 0 0 0 0 11 1 0 0 9 8 2 0 1 0 0 0 0 0 0 0 0 0 0 0 2 0 0 0 0 0 8 0 2 0 0 0 128 0 0 0 255 255 255 255 7 0 6 0 0 0 0 0 data 16 0x60007 0x6 0x80 0x40fb 0xd0002 0x40fb 0x170005 0x0 0x2288ddc0 0x40fb 0x0 0x0 0x1c0007 0x2029 0x20 0x20d2 oops 1 8 java/util/concurrent/ConcurrentHashMap
ciMethodData java/lang/Object equals (Ljava/lang/Object;)Z 2 49317 orig 264 152 98 115 94 0 0 0 0 232 6 152 23 0 0 0 0 136 1 0 0 0 0 0 0 0 0 0 0 0 0 0 0 0 0 0 0 0 0 0 0 0 0 0 0 0 0 0 0 0 0 0 0 0 0 0 0 0 0 0 0 0 0 0 0 0 0 0 0 0 0 0 0 0 0 0 0 0 0 0 0 77 68 79 32 101 120 116 114 97 32 100 97 116 97 32 108 111 99 107 0 0 0 0 0 0 0 0 0 0 0 0 0 0 0 0 0 0 0 0 0 0 0 0 0 0 0 0 0 0 0 0 0 0 0 0 0 0 0 0 0 0 0 0 0 0 0 0 0 0 0 0 0 0 0 0 0 0 0 0 0 0 0 0 0 0 0 0 0 0 0 0 0 0 0 0 0 0 0 0 0 0 0 0 0 0 0 0 0 0 0 0 0 0 0 0 0 0 0 0 0 0 0 0 0 0 0 0 0 0 0 0 0 0 0 0 0 3 1 0 0 17 253 5 0 1 0 0 0 0 0 0 0 0 0 0 0 2 0 0 0 0 0 6 0 2 0 0 0 56 0 0 0 255 255 255 255 7 0 2 0 0 0 0 0 data 7 0x20007 0x7a95 0x38 0x450e 0x60003 0x450e 0x18 oops 0
ciMethodData java/util/concurrent/ConcurrentHashMap get (Ljava/lang/Object;)Ljava/lang/Object; 2 28187 orig 264 152 98 115 94 0 0 0 0 200 59 180 23 0 0 0 0 8 4 0 0 128 1 0 0 0 0 0 0 0 0 0 0 0 0 0 0 0 0 0 0 0 0 0 0 0 0 0 0 0 0 0 0 0 0 0 0 0 0 0 0 0 0 0 0 0 0 0 0 0 0 0 0 0 0 0 0 0 0 0 0 77 68 79 32 101 120 116 114 97 32 100 97 116 97 32 108 111 99 107 0 0 0 0 0 0 0 0 0 0 0 0 0 0 0 0 0 0 0 0 0 0 0 0 0 0 0 0 0 0 0 0 0 0 0 0 0 0 0 0 0 0 0 0 0 4 0 0 0 0 0 0 0 0 0 0 0 0 0 0 0 0 0 0 0 4 0 0 0 0 0 0 0 0 0 0 0 0 0 0 3 0 0 0 0 0 0 0 0 0 0 0 0 0 0 0 0 0 0 0 0 0 0 0 0 0 0 0 0 0 0 0 0 0 0 0 0 137 1 0 0 145 100 3 0 209 156 0 0 86 60 0 0 227 10 0 0 2 0 0 0 1 0 36 0 2 0 0 0 184 2 0 0 255 255 255 255 5 0 1 0 0 0 0 0 data 87 0x10005 0x64ed 0x2356f6f0 0x5ad 0x1a28c8f0 0x1f8 0x40002 0x6c92 0xf0007 0xec 0x278 0x6ba6 0x170007 0x0 0x258 0x6ba6 0x220002 0x6ba6 0x270007 0x295a 0x228 0x424c 0x330007 0x16ea 0xb0 0x2b62 0x3e0007 0x1672 0x90 0x14f0 0x430007 0x0 0xf8 0x14f0 0x490005 0x117c 0x2356f6f0 0x359 0x2356f7a0 0x1b 0x4ce007 0xe4 0xa8 0x140d 0x56e007 0x16ea 0x88 0x1 0x5dc005 0x0 0x2356f850 0x1 0x2356f900 0x4 0x630007 0x5 0x38 0x0 0x6b0003 0x0 0x18 0x760007 0x119e 0xd0 0xc8f 0x7f0007 0x5d2 0xffffffffffffffe0 0x6bd 0x8a0007 0x263 0x90 0x45a 0x8f0007 0x0 0xffffffffffffffa0 0x45a 0x950005 0x37f 0x2356f6f0 0xd2 0x1a3341f0 0x9 0x98e007 0x8d 0xffffffffffffff50 0x3ce oops 8 2 java/lang/invoke/MethodType$ConcurrentWeakInternSet$WeakEntry 4 java/lang/Class 36 java/lang/invoke/MethodType$ConcurrentWeakInternSet$WeakEntry 38 com/intellij/rt/debugger/agent/CaptureStorage$HardKey 50 java/util/concurrent/ConcurrentHashMap$ForwardingNode 52 java/util/concurrent/ConcurrentHashMap$TreeBin 79 java/lang/invoke/MethodType$ConcurrentWeakInternSet$WeakEntry 81 java/lang/Integer
ciMethodData java/util/concurrent/ConcurrentHashMap put (Ljava/lang/Object;Ljava/lang/Object;)Ljava/lang/Object; 2 5742 orig 264 152 98 115 94 0 0 0 0 232 61 180 23 0 0 0 0 136 1 0 0 0 0 0 0 0 0 0 0 0 0 0 0 0 0 0 0 0 0 0 0 0 0 0 0 0 0 0 0 0 0 0 0 0 0 0 0 0 0 0 0 0 0 0 0 0 0 0 0 0 0 0 0 0 0 0 0 0 0 0 0 77 68 79 32 101 120 116 114 97 32 100 97 116 97 32 108 111 99 107 0 0 0 0 0 0 0 0 0 0 0 0 0 0 0 0 0 0 0 0 0 0 0 0 0 0 0 0 0 0 0 0 0 0 0 0 0 0 0 0 0 0 0 0 0 0 0 0 0 0 0 0 0 0 0 0 0 0 0 0 0 0 0 0 0 0 0 0 0 0 0 0 0 0 0 0 0 0 0 0 0 0 0 0 0 0 0 0 0 0 0 0 0 0 0 0 0 0 0 0 0 0 0 0 0 0 0 0 0 0 0 0 0 0 0 0 0 239 1 0 0 249 163 0 0 1 0 0 0 0 0 0 0 0 0 0 0 2 0 0 0 0 0 3 0 2 0 0 0 48 0 0 0 255 255 255 255 5 0 4 0 0 0 0 0 data 6 0x40005 0x0 0x2288ddc0 0x1423 0x21fa7520 0x5c oops 2 2 java/util/concurrent/ConcurrentHashMap 4 com/fasterxml/jackson/core/util/InternCache
ciMethod java/time/Instant getEpochSecond ()J 65 1 84 0 0
ciMethod java/time/Instant getNano ()I 305 1 38 0 0
ciMethodData java/util/WeakHashMap indexFor (II)I 2 23935 orig 264 152 98 115 94 0 0 0 0 200 10 169 23 0 0 0 0 40 1 0 0 0 0 0 0 0 0 0 0 0 0 0 0 0 0 0 0 0 0 0 0 0 0 0 0 0 0 0 0 0 0 0 0 0 0 0 0 0 0 0 0 0 0 0 0 0 0 0 0 0 0 0 0 0 0 0 0 0 0 0 0 77 68 79 32 101 120 116 114 97 32 100 97 116 97 32 108 111 99 107 0 0 0 0 0 0 0 0 0 0 0 0 0 0 0 0 0 0 0 0 0 0 0 0 0 0 0 0 0 0 0 0 0 0 0 0 0 0 0 0 0 0 0 0 0 0 0 0 0 0 0 0 0 0 0 0 0 0 0 0 0 0 0 0 0 0 0 0 0 0 0 0 0 0 0 0 0 0 0 0 0 0 0 0 0 0 0 0 0 0 0 0 0 0 0 0 0 0 0 0 0 0 0 0 0 0 0 0 0 0 0 0 0 0 0 0 0 134 1 0 0 201 223 2 0 1 0 0 0 0 0 0 0 0 0 0 0 2 0 0 0 0 0 3 0 1 0 0 0 0 0 0 0 255 255 255 255 0 0 0 0 0 0 0 0 data 0 oops 0
ciMethodData java/util/WeakHashMap getTable ()[Ljava/util/WeakHashMap$Entry; 2 24017 orig 264 152 98 115 94 0 0 0 0 168 12 169 23 0 0 0 0 48 1 0 0 0 0 0 0 0 0 0 0 0 0 0 0 0 0 0 0 0 0 0 0 0 0 0 0 0 0 0 0 0 0 0 0 0 0 0 0 0 0 0 0 0 0 0 0 0 0 0 0 0 0 0 0 0 0 0 0 0 0 0 0 77 68 79 32 101 120 116 114 97 32 100 97 116 97 32 108 111 99 107 0 0 0 0 0 0 0 0 0 0 0 0 0 0 0 0 0 0 0 0 0 0 0 0 0 0 0 0 0 0 0 0 0 0 0 0 0 0 0 0 0 0 0 0 0 0 0 0 0 0 0 0 0 0 0 0 0 0 0 0 0 0 0 0 0 0 0 0 0 0 0 0 0 0 0 0 0 0 0 0 0 0 0 0 0 0 0 0 0 0 0 0 0 0 0 0 0 0 0 0 0 0 0 0 0 0 0 0 0 0 0 0 0 0 0 0 0 133 1 0 0 97 226 2 0 1 0 0 0 0 0 0 0 0 0 0 0 2 0 0 0 0 0 3 0 2 0 0 0 16 0 0 0 255 255 255 255 2 0 1 0 0 0 0 0 data 2 0x10002 0x5c4c oops 0
ciMethodData java/util/WeakHashMap maskNull (Ljava/lang/Object;)Ljava/lang/Object; 2 23980 orig 264 152 98 115 94 0 0 0 0 64 8 169 23 0 0 0 0 88 1 0 0 0 0 0 0 0 0 0 0 0 0 0 0 0 0 0 0 0 0 0 0 0 0 0 0 0 0 0 0 0 0 0 0 0 0 0 0 0 0 0 0 0 0 0 0 0 0 0 0 0 0 0 0 0 0 0 0 0 0 0 0 77 68 79 32 101 120 116 114 97 32 100 97 116 97 32 108 111 99 107 0 0 0 0 0 0 0 0 0 0 0 0 0 0 0 0 0 0 0 0 0 0 0 0 0 0 0 0 0 0 0 0 0 0 0 0 0 0 0 0 0 0 0 0 0 0 0 0 0 0 0 0 0 0 0 0 0 0 0 0 0 0 0 0 0 0 0 0 0 0 0 0 0 0 0 0 0 0 0 0 0 0 0 0 0 0 0 0 0 0 0 0 0 0 0 0 0 0 0 0 0 0 0 0 0 0 0 0 0 0 0 0 0 0 0 0 0 179 1 0 0 201 223 2 0 1 0 0 0 0 0 0 0 0 0 0 0 2 0 0 0 0 0 6 0 2 0 0 0 56 0 0 0 255 255 255 255 7 0 1 0 0 0 0 0 data 7 0x10007 0x5bf9 0x38 0x0 0x70003 0x0 0x18 oops 0
ciMethodData java/util/WeakHashMap hash (Ljava/lang/Object;)I 2 23980 orig 264 152 98 115 94 0 0 0 0 48 10 169 23 0 0 0 0 128 1 0 0 0 0 0 0 0 0 0 0 0 0 0 0 0 0 0 0 0 0 0 0 0 0 0 0 0 0 0 0 0 0 0 0 0 0 0 0 0 0 0 0 0 0 0 0 0 0 0 0 0 0 0 0 0 0 0 0 0 0 0 0 77 68 79 32 101 120 116 114 97 32 100 97 116 97 32 108 111 99 107 0 0 0 0 0 0 0 0 0 0 0 0 0 0 0 0 0 0 0 0 0 0 0 0 0 0 0 0 0 0 0 0 0 0 0 0 0 0 0 0 0 0 0 0 0 0 0 0 0 0 0 0 0 0 0 0 0 0 0 0 0 0 0 0 0 0 0 0 0 0 0 0 0 0 0 0 0 0 0 0 0 0 0 0 0 0 0 0 0 0 0 0 0 0 0 0 0 0 0 0 0 0 0 0 0 0 0 0 0 0 0 0 0 0 0 0 0 179 1 0 0 201 223 2 0 1 0 0 0 0 0 0 0 0 0 0 0 2 0 0 0 0 0 3 0 2 0 0 0 48 0 0 0 255 255 255 255 5 0 1 0 0 0 0 0 data 6 0x10005 0x569f 0x217a5f10 0x13 0x1a28c8f0 0x547 oops 2 2 javax/management/ImmutableDescriptor 4 java/lang/Class
ciMethodData java/util/WeakHashMap eq (Ljava/lang/Object;Ljava/lang/Object;)Z 2 11996 orig 264 152 98 115 94 0 0 0 0 128 9 169 23 0 0 0 0 216 1 0 0 80 0 0 0 0 0 0 0 0 0 0 0 0 0 0 0 0 0 0 0 0 0 0 0 0 0 0 0 0 0 0 0 0 0 0 0 0 0 0 0 0 0 0 0 0 0 0 0 0 0 0 0 0 0 0 0 0 0 0 0 77 68 79 32 101 120 116 114 97 32 100 97 116 97 32 108 111 99 107 0 0 0 0 0 0 0 0 0 0 0 0 0 0 0 0 0 0 0 0 0 0 0 0 0 0 0 0 0 0 0 0 0 0 0 0 0 0 0 0 0 0 0 0 0 0 0 0 0 0 0 0 0 0 0 0 0 0 0 0 0 0 0 0 0 0 0 0 0 0 0 0 0 0 0 0 0 0 0 0 0 0 0 0 0 0 0 0 0 0 0 0 0 0 0 0 0 0 0 0 0 0 0 0 0 0 0 0 0 0 0 0 0 0 0 0 0 34 1 0 0 209 109 1 0 1 0 0 0 0 0 0 0 0 0 0 0 2 0 0 0 0 0 9 0 2 0 0 0 136 0 0 0 255 255 255 255 7 0 2 0 0 0 0 0 data 17 0x20007 0x2918 0x70 0x4a2 0x70005 0x0 0x2354c740 0x3 0x1a28c860 0x49f 0xa0007 0x0 0x38 0x4a2 0xe0003 0x2dba 0x18 oops 2 6 sun/reflect/generics/reflectiveObjects/ParameterizedTypeImpl 8 java/lang/String
ciMethodData java/util/jar/JarFile getJarEntry (Ljava/lang/String;)Ljava/util/jar/JarEntry; 2 16940 orig 264 152 98 115 94 0 0 0 0 96 66 191 23 0 0 0 0 176 1 0 0 0 0 0 0 0 0 0 0 0 0 0 0 0 0 0 0 0 0 0 0 0 0 0 0 0 0 0 0 0 0 0 0 0 0 0 0 0 0 0 0 0 0 0 0 0 0 0 0 0 0 0 0 0 0 0 0 0 0 0 0 77 68 79 32 101 120 116 114 97 32 100 97 116 97 32 108 111 99 107 0 0 0 0 0 0 0 0 0 0 0 0 0 0 0 0 0 0 0 0 0 0 0 0 0 0 0 0 0 0 0 0 0 0 0 0 0 0 0 0 0 0 0 0 0 0 0 0 0 0 0 0 0 0 0 0 0 0 0 0 0 0 0 0 0 0 0 0 0 0 0 0 0 0 0 0 0 0 0 0 0 0 0 0 0 0 0 0 0 0 0 0 0 0 0 0 0 0 0 0 0 0 0 0 0 0 0 0 0 0 0 0 0 0 0 0 0 86 0 0 0 177 14 2 0 1 0 0 0 0 0 0 0 0 0 0 0 2 0 0 0 0 0 3 0 2 0 0 0 96 0 0 0 255 255 255 255 5 0 2 0 0 0 0 0 data 12 0x20005 0x0 0x1b7785e0 0x41d2 0x1b76f970 0x4 0x50104 0x0 0x2572a6f0 0x15b3 0x1b76fa20 0x4 oops 4 2 java/util/jar/JarFile 4 sun/net/www/protocol/jar/URLJarFile 8 java/util/jar/JarFile$JarFileEntry 10 sun/net/www/protocol/jar/URLJarFile$URLJarFileEntry
ciMethod java/text/MessageFormat <init> (Ljava/lang/String;)V 2049 1 2142 0 -1
ciMethod java/text/MessageFormat setLocale (Ljava/util/Locale;)V 2049 1 2047 0 -1
ciMethod java/text/MessageFormat format ([Ljava/lang/Object;Ljava/lang/StringBuffer;Ljava/text/FieldPosition;)Ljava/lang/StringBuffer; 2057 1 2047 0 -1
ciMethod java/util/concurrent/atomic/AtomicBoolean <init> (Z)V 2049 1 6006 0 0
ciMethod java/util/concurrent/atomic/AtomicBoolean compareAndSet (ZZ)Z 3081 1 5746 0 128
ciMethod java/net/MalformedURLException <init> (Ljava/lang/String;)V 33 1 8 0 -1
ciMethod org/apache/catalina/LifecycleState isAvailable ()Z 1049 1 131 0 0
ciMethod org/apache/tomcat/util/res/StringManager getString (Ljava/lang/String;)Ljava/lang/String; 241 1 60 0 -1
ciMethod org/apache/tomcat/util/res/StringManager getString (Ljava/lang/String;[Ljava/lang/Object;)Ljava/lang/String; 233 1 43 0 0
ciMethodData java/util/jar/Attributes$Name hashCode ()I 2 7506 orig 264 152 98 115 94 0 0 0 0 32 163 188 23 0 0 0 0 120 1 0 0 0 0 0 0 0 0 0 0 0 0 0 0 0 0 0 0 0 0 0 0 0 0 0 0 0 0 0 0 0 0 0 0 0 0 0 0 0 0 0 0 0 0 0 0 0 0 0 0 0 0 0 0 0 0 0 0 0 0 0 0 77 68 79 32 101 120 116 114 97 32 100 97 116 97 32 108 111 99 107 0 0 0 0 0 0 0 0 0 0 0 0 0 0 0 0 0 0 0 0 0 0 0 0 0 0 0 0 0 0 0 0 0 0 0 0 0 0 0 0 0 0 0 0 0 0 0 0 0 0 0 0 0 0 0 0 0 0 0 0 0 0 0 0 0 0 0 0 0 0 0 0 0 0 0 0 0 0 0 0 0 0 0 0 0 0 0 0 0 0 0 0 0 0 0 0 0 0 0 0 0 0 0 0 0 0 0 0 0 0 0 0 0 0 0 0 0 11 1 0 0 57 226 0 0 1 0 0 0 0 0 0 0 0 0 0 0 2 0 0 0 0 0 6 0 2 0 0 0 48 0 0 0 255 255 255 255 7 0 5 0 0 0 0 0 data 6 0x50007 0x307 0x30 0x1940 0xd0002 0x1940 oops 0
ciMethodData sun/misc/ASCIICaseInsensitiveComparator lowerCaseHashCode (Ljava/lang/String;)I 2 22764 orig 264 152 98 115 94 0 0 0 0 24 98 171 23 0 0 0 0 240 1 0 0 0 0 0 0 0 0 0 0 0 0 0 0 0 0 0 0 0 0 0 0 0 0 0 0 0 0 0 0 0 0 0 0 0 0 0 0 0 0 0 0 0 0 0 0 0 0 0 0 0 0 0 0 0 0 0 0 0 0 0 0 77 68 79 32 101 120 116 114 97 32 100 97 116 97 32 108 111 99 107 0 0 0 0 0 0 0 0 0 0 0 0 0 0 0 0 0 0 0 0 0 0 0 0 0 0 0 0 0 0 0 0 0 0 0 0 0 0 0 0 0 0 0 0 0 0 0 0 0 0 0 0 0 0 0 0 0 0 0 0 0 0 0 0 0 0 0 0 0 0 0 0 0 0 0 0 0 0 0 0 0 0 0 0 0 0 0 0 0 0 0 0 0 0 0 0 0 0 0 0 0 0 0 0 0 0 0 0 0 0 0 0 0 0 0 0 0 193 9 0 0 177 47 0 0 89 121 2 0 0 0 0 0 0 0 0 0 2 0 0 0 1 0 20 0 2 0 0 0 168 0 0 0 255 255 255 255 5 0 3 0 0 0 0 0 data 21 0x30005 0x4a 0x1a28c860 0x5ac 0x0 0x0 0xb0007 0x5f6 0x78 0x4f2b 0x140005 0x475 0x1a28c860 0x4ab6 0x0 0x0 0x170002 0x4f2b 0x1f0003 0x4f2b 0xffffffffffffffa0 oops 2 2 java/lang/String 12 java/lang/String
ciMethodData java/util/zip/Inflater ensureOpen ()V 2 5492 orig 264 152 98 115 94 0 0 0 0 96 216 187 23 0 0 0 0 8 2 0 0 80 0 0 0 0 0 0 0 0 0 0 0 0 0 0 0 0 0 0 0 0 0 0 0 0 0 0 0 0 0 0 0 0 0 0 0 0 0 0 0 0 0 0 0 0 0 0 0 0 0 0 0 0 0 0 0 0 0 0 0 77 68 79 32 101 120 116 114 97 32 100 97 116 97 32 108 111 99 107 0 0 0 0 0 0 0 0 0 0 0 0 0 0 0 0 0 0 0 0 0 0 0 0 0 0 0 0 0 0 0 0 0 0 0 0 0 0 0 0 0 0 0 0 0 0 0 0 0 0 0 0 0 0 0 0 0 0 0 0 0 0 0 0 0 0 0 0 0 0 0 0 0 0 0 0 0 0 0 0 0 0 0 0 0 0 0 0 0 0 0 0 0 0 0 0 0 0 0 0 0 0 0 0 0 0 0 0 0 0 0 0 0 0 0 0 0 91 1 0 0 201 160 0 0 1 0 0 0 0 0 0 0 0 0 0 0 2 0 0 0 0 0 6 0 2 0 0 0 192 0 0 0 255 255 255 255 7 0 3 0 0 0 0 0 data 24 0x30007 0x1419 0x60 0x0 0xa0002 0x0 0xd0007 0x0 0x30 0x0 0x140002 0x0 0x1c0005 0x0 0x227bfe10 0x1419 0x0 0x0 0x210007 0x1419 0x30 0x0 0x2a0002 0x0 oops 1 14 java/util/zip/ZStreamRef
ciMethod sun/net/www/protocol/jar/URLJarFile getManifest ()Ljava/util/jar/Manifest; 145 11665 18 0 0
ciMethod sun/net/www/protocol/jar/URLJarFile isSuperMan ()Z 145 1 18 0 -1
ciMethodData java/io/InputStream <init> ()V 2 48597 orig 264 152 98 115 94 0 0 0 0 248 70 160 23 0 0 0 0 48 1 0 0 0 0 0 0 0 0 0 0 0 0 0 0 0 0 0 0 0 0 0 0 0 0 0 0 0 0 0 0 0 0 0 0 0 0 0 0 0 0 0 0 0 0 0 0 0 0 0 0 0 0 0 0 0 0 0 0 0 0 0 0 77 68 79 32 101 120 116 114 97 32 100 97 116 97 32 108 111 99 107 0 0 0 0 0 0 0 0 0 0 0 0 0 0 0 0 0 0 0 0 0 0 0 0 0 0 0 0 0 0 0 0 0 0 0 0 0 0 0 0 0 0 0 0 0 0 0 0 0 0 0 0 0 0 0 0 0 0 0 0 0 0 0 0 0 0 0 0 0 0 0 0 0 0 0 0 0 0 0 0 0 0 0 0 0 0 0 0 0 0 0 0 0 0 0 0 0 0 0 0 0 0 0 0 0 0 0 0 0 0 0 0 0 0 0 0 0 0 1 0 0 169 230 5 0 1 0 0 0 0 0 0 0 0 0 0 0 2 0 0 0 0 0 3 0 2 0 0 0 16 0 0 0 255 255 255 255 2 0 1 0 0 0 0 0 data 2 0x10002 0xbcd5 oops 0
ciMethodData java/net/URL <init> (Ljava/net/URL;Ljava/lang/String;)V 2 22548 orig 264 152 98 115 94 0 0 0 0 192 219 160 23 0 0 0 0 64 1 0 0 0 0 0 0 0 0 0 0 0 0 0 0 0 0 0 0 0 0 0 0 0 0 0 0 0 0 0 0 0 0 0 0 0 0 0 0 0 0 0 0 0 0 0 0 0 0 0 0 0 0 0 0 0 0 0 0 0 0 0 0 77 68 79 32 101 120 116 114 97 32 100 97 116 97 32 108 111 99 107 0 0 0 0 0 0 0 0 0 0 0 0 0 0 0 0 0 0 0 0 0 0 0 0 0 0 0 0 0 0 0 0 0 0 0 0 0 0 0 0 0 0 0 0 0 0 0 0 0 0 0 0 0 0 0 0 0 0 0 0 0 0 0 0 0 0 0 0 0 0 0 0 0 0 0 0 0 0 0 0 0 0 0 0 0 0 0 0 0 0 0 0 0 0 0 0 0 0 0 0 0 0 0 0 0 0 0 0 0 0 0 0 0 0 0 0 0 24 1 0 0 225 183 2 0 1 0 0 0 0 0 0 0 0 0 0 0 2 0 0 0 0 0 3 0 2 0 0 0 16 0 0 0 255 255 255 255 2 0 4 0 0 0 0 0 data 2 0x40002 0x56fc oops 0
ciMethodData java/util/WeakHashMap remove (Ljava/lang/Object;)Ljava/lang/Object; 2 8600 orig 264 152 98 115 94 0 0 0 0 240 21 169 23 0 0 0 0 208 2 0 0 0 1 0 0 0 0 0 0 0 0 0 0 0 0 0 0 0 0 0 0 0 0 0 0 0 0 0 0 0 0 0 0 0 0 0 0 0 0 0 0 0 0 0 0 0 0 0 0 0 0 0 0 0 0 0 0 0 0 0 0 77 68 79 32 101 120 116 114 97 32 100 97 116 97 32 108 111 99 107 0 0 0 0 0 0 0 0 0 0 0 0 0 0 0 0 0 0 0 0 0 0 0 0 0 0 0 0 0 0 0 0 0 0 0 0 0 0 0 0 0 0 0 0 0 1 0 0 0 1 0 0 0 0 0 0 0 0 0 0 0 0 0 0 0 0 0 0 0 0 0 0 0 0 0 0 0 0 0 0 2 0 0 0 0 0 0 0 0 0 0 0 0 0 0 0 0 0 0 0 0 0 0 0 0 0 0 0 0 0 0 0 0 0 0 0 0 3 1 0 0 169 4 1 0 177 38 0 0 171 29 0 0 214 4 0 0 2 0 0 0 1 0 25 0 2 0 0 0 128 1 0 0 255 255 255 255 2 0 1 0 0 0 0 0 data 48 0x10002 0x2095 0x70005 0x6b 0x2ed9c5c0 0x202a 0x0 0x0 0xc0002 0x2095 0x150002 0x2095 0x270007 0x10ab 0x120 0x14c0 0x370007 0x4d6 0xe8 0xfea 0x3d0005 0x0 0x217a0650 0xfea 0x0 0x0 0x400002 0xfea 0x430007 0x0 0x88 0xfea 0x5ee007 0x4 0x68 0xfe8 0x670104 0x0 0x217a0650 0x4 0x0 0x0 0x680003 0xfe8 0x18 0x800003 0x4d6 0xfffffffffffffef8 oops 3 4 java/util/WeakHashMap 22 java/util/WeakHashMap$Entry 38 java/util/WeakHashMap$Entry
ciMethodData java/util/zip/Inflater ended ()Z 2 12940 orig 264 152 98 115 94 0 0 0 0 40 217 187 23 0 0 0 0 176 1 0 0 48 0 0 0 0 0 0 0 0 0 0 0 0 0 0 0 0 0 0 0 0 0 0 0 0 0 0 0 0 0 0 0 0 0 0 0 0 0 0 0 0 0 0 0 0 0 0 0 0 0 0 0 0 0 0 0 0 0 0 0 77 68 79 32 101 120 116 114 97 32 100 97 116 97 32 108 111 99 107 0 0 0 0 0 0 0 0 0 0 0 0 0 0 0 0 0 0 0 0 0 0 0 0 0 0 0 0 0 0 0 0 0 0 0 0 0 0 0 0 0 0 0 0 0 0 0 0 0 0 0 0 0 0 0 0 0 0 0 0 0 0 0 0 0 0 0 0 0 0 0 0 0 0 0 0 0 0 0 0 1 0 0 0 0 0 0 0 0 0 0 0 0 0 0 0 0 0 0 0 0 0 0 0 0 0 0 0 0 0 0 0 0 0 0 0 0 0 1 0 0 97 140 1 0 1 0 0 0 219 33 0 0 0 0 0 0 2 0 0 0 0 0 10 0 2 0 0 0 104 0 0 0 255 255 255 255 5 0 11 0 0 0 0 0 data 13 0xb0005 0x0 0x227bfe10 0x318c 0x0 0x0 0x10e007 0x318c 0x38 0x1 0x140003 0x1 0x18 oops 1 2 java/util/zip/ZStreamRef
ciMethodData java/util/zip/ZipFile$ZipFileInflaterInputStream close ()V 2 14130 orig 264 152 98 115 94 0 0 0 0 56 39 193 23 0 0 0 0 64 2 0 0 80 0 0 0 0 0 0 0 0 0 0 0 0 0 0 0 0 0 0 0 0 0 0 0 0 0 0 0 0 0 0 0 0 0 0 0 0 0 0 0 0 0 0 0 0 0 0 0 0 0 0 0 0 0 0 0 0 0 0 0 77 68 79 32 101 120 116 114 97 32 100 97 116 97 32 108 111 99 107 0 0 0 0 0 0 0 0 0 0 0 0 0 0 0 0 0 0 0 0 0 0 0 0 0 0 0 0 0 0 0 0 0 0 0 0 0 0 0 0 0 0 0 0 0 2 0 0 0 0 0 0 0 0 0 0 0 0 0 0 0 0 0 0 0 0 0 0 0 0 0 0 0 0 0 0 0 0 0 0 0 0 0 0 0 0 0 0 0 0 0 0 0 0 0 0 0 0 0 0 0 0 0 0 0 0 0 0 0 0 0 0 0 0 0 0 0 92 1 0 0 161 174 1 0 1 0 0 0 238 50 0 0 0 0 0 0 2 0 0 0 0 0 20 0 2 0 0 0 248 0 0 0 255 255 255 255 7 0 4 0 0 0 0 0 data 31 0x40007 0x1df0 0x20 0x17e5 0xe0002 0x1df0 0x150002 0x1df0 0x1f0002 0x1def 0x230005 0x0 0x2ed9c5c0 0x1df0 0x0 0x0 0x280004 0x0 0x2ed978e0 0x1df1 0x0 0x0 0x2e0003 0x1df1 0x18 0x370007 0x0 0x30 0x1df1 0x3f0002 0x1df1 oops 2 12 java/util/WeakHashMap 18 java/util/zip/Inflater
ciMethodData java/util/zip/InflaterInputStream close ()V 2 7927 orig 264 152 98 115 94 0 0 0 0 240 118 187 23 0 0 0 0 232 1 0 0 64 0 0 0 0 0 0 0 0 0 0 0 0 0 0 0 0 0 0 0 0 0 0 0 0 0 0 0 0 0 0 0 0 0 0 0 0 0 0 0 0 0 0 0 0 0 0 0 0 0 0 0 0 0 0 0 0 0 0 0 77 68 79 32 101 120 116 114 97 32 100 97 116 97 32 108 111 99 107 0 0 0 0 0 0 0 0 0 0 0 0 0 0 0 0 0 0 0 0 0 0 0 0 0 0 0 0 0 0 0 0 0 0 0 0 0 0 0 0 0 0 0 0 0 0 0 0 0 0 0 0 0 0 0 0 0 0 0 0 0 0 0 0 0 0 0 0 0 0 0 0 0 0 0 0 0 0 0 0 0 0 0 0 0 0 0 0 0 0 0 0 0 0 0 0 0 0 0 0 0 0 0 0 0 0 0 0 0 0 0 0 0 0 0 0 0 217 0 0 0 241 240 0 0 1 0 0 0 0 0 0 0 0 0 0 0 2 0 0 0 0 0 0 0 0 0 0 0 160 0 0 0 255 255 255 255 7 0 4 0 0 0 0 0 data 20 0x40007 0x0 0xa0 0x1e1e 0xb0007 0x1df0 0x50 0x2e 0x120005 0x0 0x2ed978e0 0x2e 0x0 0x0 0x190005 0x0 0x227be4b0 0x1df0 0x227be560 0x2e oops 3 10 java/util/zip/Inflater 16 java/util/zip/ZipFile$ZipFileInputStream 18 java/io/PushbackInputStream
ciMethodData java/util/zip/ZipFile access$100 (Ljava/util/zip/ZipFile;Ljava/util/zip/Inflater;)V 2 7881 orig 264 152 98 115 94 0 0 0 0 88 181 190 23 0 0 0 0 56 1 0 0 0 0 0 0 0 0 0 0 0 0 0 0 0 0 0 0 0 0 0 0 0 0 0 0 0 0 0 0 0 0 0 0 0 0 0 0 0 0 0 0 0 0 0 0 0 0 0 0 0 0 0 0 0 0 0 0 0 0 0 0 77 68 79 32 101 120 116 114 97 32 100 97 116 97 32 108 111 99 107 0 0 0 0 0 0 0 0 0 0 0 0 0 0 0 0 0 0 0 0 0 0 0 0 0 0 0 0 0 0 0 0 0 0 0 0 0 0 0 0 0 0 0 0 0 0 0 0 0 0 0 0 0 0 0 0 0 0 0 0 0 0 0 0 0 0 0 0 0 0 0 0 0 0 0 0 0 0 0 0 0 0 0 0 0 0 0 0 0 0 0 0 0 0 0 0 0 0 0 0 0 0 0 0 0 0 0 0 0 0 0 0 0 0 0 0 0 216 0 0 0 137 239 0 0 1 0 0 0 64 14 0 0 0 0 0 0 2 0 0 0 0 0 0 0 0 0 0 0 16 0 0 0 255 255 255 255 2 0 2 0 0 0 0 0 data 2 0x20002 0x1df1 oops 0
ciMethodData java/util/zip/ZipFile releaseInflater (Ljava/util/zip/Inflater;)V 2 7881 orig 264 152 98 115 94 0 0 0 0 208 162 190 23 0 0 0 0 24 2 0 0 0 0 0 0 0 0 0 0 0 0 0 0 0 0 0 0 0 0 0 0 0 0 0 0 0 0 0 0 0 0 0 0 0 0 0 0 0 0 0 0 0 0 0 0 0 0 0 0 0 0 0 0 0 0 0 0 0 0 0 0 77 68 79 32 101 120 116 114 97 32 100 97 116 97 32 108 111 99 107 0 0 0 0 0 0 0 0 0 0 0 0 0 0 0 0 0 0 0 0 0 0 0 0 0 0 0 0 0 0 0 0 0 0 0 0 0 0 0 0 0 0 0 0 0 0 0 0 0 0 0 0 0 0 0 0 0 0 0 0 0 0 0 0 0 0 0 0 0 0 0 0 0 0 0 0 0 0 0 0 0 0 0 0 0 0 0 0 0 0 0 0 0 0 0 0 0 0 0 0 0 0 0 0 0 0 0 0 0 0 0 0 0 0 0 0 0 216 0 0 0 137 239 0 0 1 0 0 0 64 14 0 0 0 0 0 0 2 0 0 0 0 0 18 0 2 0 0 0 200 0 0 0 255 255 255 255 5 0 2 0 0 0 0 0 data 25 0x20005 0x0 0x2ed978e0 0x1df1 0x0 0x0 0x50007 0x1 0x98 0x1df1 0x90005 0x0 0x2ed978e0 0x1df1 0x0 0x0 0x180005 0x0 0x1c9e4a50 0x1df0 0x0 0x0 0x200003 0x1df1 0x18 oops 3 2 java/util/zip/Inflater 12 java/util/zip/Inflater 18 java/util/ArrayDeque
ciMethodData java/util/zip/Inflater reset ()V 2 5376 orig 264 152 98 115 94 0 0 0 0 48 214 187 23 0 0 0 0 176 1 0 0 0 0 0 0 0 0 0 0 0 0 0 0 0 0 0 0 0 0 0 0 0 0 0 0 0 0 0 0 0 0 0 0 0 0 0 0 0 0 0 0 0 0 0 0 0 0 0 0 0 0 0 0 0 0 0 0 0 0 0 0 77 68 79 32 101 120 116 114 97 32 100 97 116 97 32 108 111 99 107 0 0 0 0 0 0 0 0 0 0 0 0 0 0 0 0 0 0 0 0 0 0 0 0 0 0 0 0 0 0 0 0 0 0 0 0 0 0 0 0 0 0 0 0 0 0 0 0 0 0 0 0 0 0 0 0 0 0 0 0 0 0 0 0 0 0 0 0 0 0 0 0 0 0 0 0 0 0 0 0 0 0 0 0 0 0 0 0 0 0 0 0 0 0 0 0 0 0 0 0 0 0 0 0 0 0 0 0 0 0 0 0 0 0 0 0 0 0 1 0 0 1 160 0 0 1 0 0 0 0 0 0 0 0 0 0 0 2 0 0 0 0 0 8 0 2 0 0 0 104 0 0 0 255 255 255 255 2 0 8 0 0 0 0 0 data 13 0x80002 0x1400 0xf0005 0x0 0x227bfe10 0x1400 0x0 0x0 0x120002 0x1400 0x3c0003 0x13ff 0x18 oops 1 4 java/util/zip/ZStreamRef
ciMethodData java/util/ArrayDeque add (Ljava/lang/Object;)Z 2 5381 orig 264 152 98 115 94 0 0 0 0 168 188 191 23 0 0 0 0 128 1 0 0 0 0 0 0 0 0 0 0 0 0 0 0 0 0 0 0 0 0 0 0 0 0 0 0 0 0 0 0 0 0 0 0 0 0 0 0 0 0 0 0 0 0 0 0 0 0 0 0 0 0 0 0 0 0 0 0 0 0 0 0 77 68 79 32 101 120 116 114 97 32 100 97 116 97 32 108 111 99 107 0 0 0 0 0 0 0 0 0 0 0 0 0 0 0 0 0 0 0 0 0 0 0 0 0 0 0 0 0 0 0 0 0 0 0 0 0 0 0 0 0 0 0 0 0 0 0 0 0 0 0 0 0 0 0 0 0 0 0 0 0 0 0 0 0 0 0 0 0 0 0 0 0 0 0 0 0 0 0 0 0 0 0 0 0 0 0 0 0 0 0 0 0 0 0 0 0 0 0 0 0 0 0 0 0 0 0 0 0 0 0 0 0 0 0 0 0 0 1 0 0 41 160 0 0 1 0 0 0 0 0 0 0 0 0 0 0 2 0 0 0 0 0 3 0 2 0 0 0 48 0 0 0 255 255 255 255 5 0 2 0 0 0 0 0 data 6 0x20005 0x0 0x1c9e4a50 0x1405 0x0 0x0 oops 1 2 java/util/ArrayDeque
ciMethodData java/util/ArrayDeque addLast (Ljava/lang/Object;)V 2 5380 orig 264 152 98 115 94 0 0 0 0 176 179 191 23 0 0 0 0 224 1 0 0 32 0 0 0 0 0 0 0 0 0 0 0 0 0 0 0 0 0 0 0 0 0 0 0 0 0 0 0 0 0 0 0 0 0 0 0 0 0 0 0 0 0 0 0 0 0 0 0 0 0 0 0 0 0 0 0 0 0 0 0 77 68 79 32 101 120 116 114 97 32 100 97 116 97 32 108 111 99 107 0 0 0 0 0 0 0 0 0 0 0 0 0 0 0 0 0 0 0 0 0 0 0 0 0 0 0 0 0 0 0 0 0 0 0 0 0 0 0 0 0 0 0 0 0 0 0 0 0 0 0 0 0 0 0 0 0 0 0 0 0 0 0 0 0 0 0 0 0 0 0 0 0 0 0 0 0 0 0 0 0 0 0 0 0 0 0 0 0 0 0 0 0 0 0 0 0 0 0 0 0 0 0 0 0 0 0 0 0 0 0 0 0 0 0 0 0 0 1 0 0 33 160 0 0 1 0 0 0 0 0 0 0 0 0 0 0 2 0 0 0 0 0 8 0 2 0 0 0 144 0 0 0 255 255 255 255 7 0 1 0 0 0 0 0 data 18 0x10007 0x1403 0x30 0x0 0x80002 0x0 0x150004 0x0 0x2ed978e0 0x136b 0x1d616970 0x98 0x2d0007 0x1403 0x30 0x0 0x310002 0x0 oops 2 8 java/util/zip/Inflater 10 org/springframework/core/annotation/AnnotationTypeMapping
ciMethodData java/util/jar/JarFile maybeInstantiateVerifier ()V 2 10647 orig 264 152 98 115 94 0 0 0 0 96 69 191 23 0 0 0 0 144 3 0 0 80 0 0 0 0 0 0 0 0 0 0 0 0 0 0 0 0 0 0 0 0 0 0 0 0 0 0 0 0 0 0 0 0 0 0 0 0 0 0 0 0 0 0 0 0 0 0 0 0 0 0 0 0 0 0 0 0 0 0 0 77 68 79 32 101 120 116 114 97 32 100 97 116 97 32 108 111 99 107 0 0 0 0 0 0 0 0 0 0 0 0 0 0 0 0 0 0 0 0 0 0 0 0 0 0 0 0 0 0 0 0 0 0 0 0 0 0 0 0 0 0 0 0 0 1 0 0 0 0 0 0 0 0 0 0 0 0 0 0 0 0 0 0 0 0 0 0 0 0 0 0 0 0 0 0 0 0 0 0 2 0 0 0 0 0 0 0 0 0 0 0 0 0 0 0 0 0 0 0 0 0 0 0 0 0 0 0 0 0 0 0 0 0 0 0 0 128 1 0 0 185 64 1 0 73 33 0 0 48 20 0 0 181 2 0 0 2 0 0 0 1 0 23 0 2 0 0 0 72 2 0 0 255 255 255 255 7 0 4 0 0 0 0 0 data 73 0x40007 0x27c5 0x20 0x52 0xc0007 0x26b2 0x228 0x113 0x100002 0x113 0x15e007 0x2 0x1f8 0x113 0x1d0007 0x110 0x1d8 0x42c 0x260005 0x0 0x1a28c860 0x42c 0x0 0x0 0x2d0005 0x0 0x1a28c860 0x42c 0x0 0x0 0x300007 0x0 0x110 0x42c 0x360005 0x0 0x1a28c860 0x42c 0x0 0x0 0x390007 0x0 0xc0 0x42c 0x3f0005 0x0 0x1a28c860 0x42c 0x0 0x0 0x420007 0x0 0x70 0x42c 0x480005 0x0 0x1a28c860 0x42c 0x0 0x0 0x4b0007 0x429 0x50 0x3 0x4f0005 0x0 0x1b7785e0 0x2 0x1b76f970 0x1 0x570003 0x429 0xfffffffffffffe40 oops 7 20 java/lang/String 26 java/lang/String 36 java/lang/String 46 java/lang/String 56 java/lang/String 66 java/util/jar/JarFile 68 sun/net/www/protocol/jar/URLJarFile
ciMethodData java/util/jar/Attributes getValue (Ljava/util/jar/Attributes$Name;)Ljava/lang/String; 2 7194 orig 264 152 98 115 94 0 0 0 0 208 91 188 23 0 0 0 0 176 1 0 0 0 0 0 0 0 0 0 0 0 0 0 0 0 0 0 0 0 0 0 0 0 0 0 0 0 0 0 0 0 0 0 0 0 0 0 0 0 0 0 0 0 0 0 0 0 0 0 0 0 0 0 0 0 0 0 0 0 0 0 0 77 68 79 32 101 120 116 114 97 32 100 97 116 97 32 108 111 99 107 0 0 0 0 0 0 0 0 0 0 0 0 0 0 0 0 0 0 0 0 0 0 0 0 0 0 0 0 0 0 0 0 0 0 0 0 0 0 0 0 0 0 0 0 0 0 0 0 0 0 0 0 0 0 0 0 0 0 0 0 0 0 0 0 0 0 0 0 0 0 0 0 0 0 0 0 0 0 0 0 0 0 0 0 0 0 0 0 0 0 0 0 0 0 0 0 0 0 0 0 0 0 0 0 0 0 0 0 0 0 0 0 0 0 0 0 0 130 1 0 0 193 212 0 0 1 0 0 0 0 0 0 0 0 0 0 0 2 0 0 0 0 0 3 0 2 0 0 0 96 0 0 0 255 255 255 255 5 0 2 0 0 0 0 0 data 12 0x20005 0x0 0x25740a60 0x1a98 0x0 0x0 0x50104 0x0 0x1a28c860 0x9df 0x0 0x0 oops 2 2 java/util/jar/Attributes 8 java/lang/String
ciMethodData java/util/jar/Attributes get (Ljava/lang/Object;)Ljava/lang/Object; 2 7697 orig 264 152 98 115 94 0 0 0 0 152 90 188 23 0 0 0 0 128 1 0 0 0 0 0 0 0 0 0 0 0 0 0 0 0 0 0 0 0 0 0 0 0 0 0 0 0 0 0 0 0 0 0 0 0 0 0 0 0 0 0 0 0 0 0 0 0 0 0 0 0 0 0 0 0 0 0 0 0 0 0 0 77 68 79 32 101 120 116 114 97 32 100 97 116 97 32 108 111 99 107 0 0 0 0 0 0 0 0 0 0 0 0 0 0 0 0 0 0 0 0 0 0 0 0 0 0 0 0 0 0 0 0 0 0 0 0 0 0 0 0 0 0 0 0 0 0 0 0 0 0 0 0 0 0 0 0 0 0 0 0 0 0 0 0 0 0 0 0 0 0 0 0 0 0 0 0 0 0 0 0 0 0 0 0 0 0 0 0 0 0 0 0 0 0 0 0 0 0 0 0 0 0 0 0 0 0 0 0 0 0 0 0 0 0 0 0 0 130 1 0 0 121 228 0 0 1 0 0 0 0 0 0 0 0 0 0 0 2 0 0 0 0 0 3 0 2 0 0 0 48 0 0 0 255 255 255 255 5 0 5 0 0 0 0 0 data 6 0x50005 0x0 0x22e7c9f0 0x1c8f 0x0 0x0 oops 1 2 java/util/HashMap
ciMethodData org/apache/catalina/webresources/AbstractArchiveResource getCodeBase ()Ljava/net/URL; 2 5002 orig 264 152 98 115 94 0 0 0 0 224 43 121 32 0 0 0 0 152 2 0 0 0 0 0 0 0 0 0 0 0 0 0 0 0 0 0 0 0 0 0 0 0 0 0 0 0 0 0 0 0 0 0 0 0 0 0 0 0 0 0 0 0 0 0 0 0 0 0 0 0 0 0 0 0 0 0 0 0 0 0 0 77 68 79 32 101 120 116 114 97 32 100 97 116 97 32 108 111 99 107 0 0 0 0 0 0 0 0 0 0 0 0 0 0 0 0 0 0 0 0 0 0 0 0 0 0 0 0 0 0 0 0 0 0 0 0 0 0 0 0 0 0 0 0 0 0 0 0 0 0 0 0 0 0 0 0 0 0 0 0 0 0 0 0 0 0 0 0 0 0 0 0 0 0 0 0 0 0 0 0 0 0 0 0 0 0 0 0 0 0 0 0 0 0 0 0 0 0 0 0 0 0 0 0 0 0 0 0 0 0 0 0 0 0 0 0 0 0 1 0 0 81 148 0 0 1 0 0 0 0 0 0 0 0 0 0 0 2 0 0 0 0 0 19 0 2 0 0 0 80 1 0 0 255 255 255 255 2 0 8 0 0 0 0 0 data 42 0x80002 0x128a 0xe0005 0x0 0x0 0x0 0x0 0x0 0x110005 0x0 0x0 0x0 0x0 0x0 0x160007 0x0 0xe0 0x0 0x1a0005 0x0 0x0 0x0 0x0 0x0 0x2c0004 0x0 0x0 0x0 0x0 0x0 0x2d0005 0x0 0x0 0x0 0x0 0x0 0x310005 0x0 0x0 0x0 0x0 0x0 oops 0
ciMethodData java/util/zip/ZipEntry getSize ()J 2 10718 orig 264 152 98 115 94 0 0 0 0 152 59 188 23 0 0 0 0 32 1 0 0 0 0 0 0 0 0 0 0 0 0 0 0 0 0 0 0 0 0 0 0 0 0 0 0 0 0 0 0 0 0 0 0 0 0 0 0 0 0 0 0 0 0 0 0 0 0 0 0 0 0 0 0 0 0 0 0 0 0 0 0 77 68 79 32 101 120 116 114 97 32 100 97 116 97 32 108 111 99 107 0 0 0 0 0 0 0 0 0 0 0 0 0 0 0 0 0 0 0 0 0 0 0 0 0 0 0 0 0 0 0 0 0 0 0 0 0 0 0 0 0 0 0 0 0 0 0 0 0 0 0 0 0 0 0 0 0 0 0 0 0 0 0 0 0 0 0 0 0 0 0 0 0 0 0 0 0 0 0 0 0 0 0 0 0 0 0 0 0 0 0 0 0 0 0 0 0 0 0 0 0 0 0 0 0 0 0 0 0 0 0 0 0 0 0 0 0 0 1 0 0 241 70 1 0 1 0 0 0 0 0 0 0 0 0 0 0 2 0 0 0 0 0 3 0 1 0 0 0 0 0 0 0 255 255 255 255 0 0 0 0 0 0 0 0 data 0 oops 0
ciMethod org/apache/tomcat/util/compat/JreCompat getInstance ()Lorg/apache/tomcat/util/compat/JreCompat; 2057 1 1626 0 -1
ciMethod org/apache/tomcat/util/compat/JreCompat isGraalAvailable ()Z 2065 1 17611 0 0
ciMethod org/apache/tomcat/util/compat/JreCompat jarFileNewInstance (Ljava/lang/String;)Ljava/util/jar/JarFile; 1961 1 320 0 -1
ciMethod java/util/jar/JarVerifier$VerifierStream <init> (Ljava/util/jar/Manifest;Ljava/util/jar/JarEntry;Ljava/io/InputStream;Ljava/util/jar/JarVerifier;)V 273 1 4532 0 -1
ciMethod java/util/jar/JarVerifier$VerifierStream close ()V 2089 1 4532 0 0
ciMethodData java/util/jar/Manifest getAttributes (Ljava/lang/String;)Ljava/util/jar/Attributes; 2 37509 orig 264 152 98 115 94 0 0 0 0 240 9 161 23 0 0 0 0 224 1 0 0 0 0 0 0 0 0 0 0 0 0 0 0 0 0 0 0 0 0 0 0 0 0 0 0 0 0 0 0 0 0 0 0 0 0 0 0 0 0 0 0 0 0 0 0 0 0 0 0 0 0 0 0 0 0 0 0 0 0 0 0 77 68 79 32 101 120 116 114 97 32 100 97 116 97 32 108 111 99 107 0 0 0 0 0 0 0 0 0 0 0 0 0 0 0 0 0 0 0 0 0 0 0 0 0 0 0 0 0 0 0 0 0 0 0 0 0 0 0 0 0 0 0 0 0 0 0 0 0 0 0 0 0 0 0 0 0 0 0 0 0 0 0 0 0 0 0 0 0 0 0 0 0 0 0 0 0 0 0 0 0 0 0 0 0 0 0 0 0 0 0 0 0 0 0 0 0 0 0 0 0 0 0 0 0 0 0 0 0 0 0 0 0 0 0 0 0 0 2 0 0 41 132 4 0 1 0 0 0 0 0 0 0 0 0 0 0 2 0 0 0 0 0 3 0 2 0 0 0 144 0 0 0 255 255 255 255 5 0 1 0 0 0 0 0 data 18 0x10005 0x0 0x1a3339f0 0x9085 0x0 0x0 0x50005 0x0 0x22e7c9f0 0x9085 0x0 0x0 0xa0104 0x0 0x25740a60 0x11df 0x0 0x0 oops 3 2 java/util/jar/Manifest 8 java/util/HashMap 14 java/util/jar/Attributes
ciMethodData java/util/jar/JarFile getManifest ()Ljava/util/jar/Manifest; 1 1047 orig 264 152 98 115 94 0 0 0 0 32 64 191 23 0 0 0 0 48 1 0 0 0 0 0 0 0 0 0 0 0 0 0 0 0 0 0 0 0 0 0 0 0 0 0 0 0 0 0 0 0 0 0 0 0 0 0 0 0 0 0 0 0 0 0 0 0 0 0 0 0 0 0 0 0 0 0 0 0 0 0 0 77 68 79 32 101 120 116 114 97 32 100 97 116 97 32 108 111 99 107 0 0 0 0 0 0 0 0 0 0 0 0 0 0 0 0 0 0 0 0 0 0 0 0 0 0 0 0 0 0 0 0 0 0 0 0 0 0 0 0 0 0 0 0 0 0 0 0 0 0 0 0 0 0 0 0 0 0 0 0 0 0 0 0 0 0 0 0 0 0 0 0 0 0 0 0 0 0 0 0 0 0 0 0 0 0 0 0 0 0 0 0 0 0 0 0 0 0 0 0 0 0 0 0 0 0 0 0 0 0 0 0 0 0 0 0 0 0 1 0 0 185 24 0 0 1 0 0 0 0 0 0 0 0 0 0 0 2 0 0 0 0 0 3 0 2 0 0 0 16 0 0 0 255 255 255 255 2 0 1 0 0 0 0 0 data 2 0x10002 0x317 oops 0
ciMethodData java/util/jar/Attributes$Name equals (Ljava/lang/Object;)Z 2 2796 orig 264 152 98 115 94 0 0 0 0 120 162 188 23 0 0 0 0 56 2 0 0 0 0 0 0 0 0 0 0 0 0 0 0 0 0 0 0 0 0 0 0 0 0 0 0 0 0 0 0 0 0 0 0 0 0 0 0 0 0 0 0 0 0 0 0 0 0 0 0 0 0 0 0 0 0 0 0 0 0 0 0 77 68 79 32 101 120 116 114 97 32 100 97 116 97 32 108 111 99 107 0 0 0 0 0 0 0 0 0 0 0 0 0 0 0 0 0 0 0 0 0 0 0 0 0 0 0 0 0 0 0 0 0 0 0 0 0 0 0 0 0 0 0 0 0 0 0 0 0 0 0 0 0 0 0 0 0 0 0 0 0 0 0 0 0 0 0 0 0 0 0 0 0 0 0 0 0 0 0 0 0 0 0 0 0 0 0 0 0 0 0 0 0 0 0 0 0 0 0 0 0 0 0 0 0 0 0 0 0 0 0 0 0 0 0 0 0 2 1 0 0 81 79 0 0 1 0 0 0 0 0 0 0 0 0 0 0 2 0 0 0 0 0 8 0 2 0 0 0 232 0 0 0 255 255 255 255 4 0 1 0 0 0 0 0 data 29 0x10004 0x0 0x23927ce0 0x9ea 0x0 0x0 0x40007 0x0 0xb8 0x9ea 0x110004 0x0 0x23927ce0 0x9ea 0x0 0x0 0x170005 0x0 0x29ff4760 0x9ea 0x0 0x0 0x1c0007 0x0 0x38 0x9ea 0x200003 0x9ea 0x18 oops 3 2 java/util/jar/Attributes$Name 12 java/util/jar/Attributes$Name 18 sun/misc/ASCIICaseInsensitiveComparator
ciMethodData sun/util/calendar/CalendarDate setYear (I)Lsun/util/calendar/CalendarDate; 2 5749 orig 264 152 98 115 94 0 0 0 0 200 253 203 23 0 0 0 0 72 1 0 0 0 0 0 0 0 0 0 0 0 0 0 0 0 0 0 0 0 0 0 0 0 0 0 0 0 0 0 0 0 0 0 0 0 0 0 0 0 0 0 0 0 0 0 0 0 0 0 0 0 0 0 0 0 0 0 0 0 0 0 0 77 68 79 32 101 120 116 114 97 32 100 97 116 97 32 108 111 99 107 0 0 0 0 0 0 0 0 0 0 0 0 0 0 0 0 0 0 0 0 0 0 0 0 0 0 0 0 0 0 0 0 0 0 0 0 0 0 0 0 0 0 0 0 0 0 0 0 0 0 0 0 0 0 0 0 0 0 0 0 0 0 0 0 0 0 0 0 0 0 0 0 0 0 0 0 0 0 0 0 0 0 0 0 0 0 0 0 0 0 0 0 0 0 0 0 0 0 0 0 0 0 0 0 0 0 0 0 0 0 0 0 0 0 0 0 0 3 1 0 0 145 171 0 0 1 0 0 0 0 0 0 0 0 0 0 0 2 0 0 0 0 0 6 0 2 0 0 0 32 0 0 0 255 255 255 255 7 0 5 0 0 0 0 0 data 4 0x50007 0xaae 0x20 0xac4 oops 0
ciMethodData sun/util/calendar/CalendarDate setMonth (I)Lsun/util/calendar/CalendarDate; 2 11003 orig 264 152 98 115 94 0 0 0 0 224 0 204 23 0 0 0 0 72 1 0 0 0 0 0 0 0 0 0 0 0 0 0 0 0 0 0 0 0 0 0 0 0 0 0 0 0 0 0 0 0 0 0 0 0 0 0 0 0 0 0 0 0 0 0 0 0 0 0 0 0 0 0 0 0 0 0 0 0 0 0 0 77 68 79 32 101 120 116 114 97 32 100 97 116 97 32 108 111 99 107 0 0 0 0 0 0 0 0 0 0 0 0 0 0 0 0 0 0 0 0 0 0 0 0 0 0 0 0 0 0 0 0 0 0 0 0 0 0 0 0 0 0 0 0 0 0 0 0 0 0 0 0 0 0 0 0 0 0 0 0 0 0 0 0 0 0 0 0 0 0 0 0 0 0 0 0 0 0 0 0 0 0 0 0 0 0 0 0 0 0 0 0 0 0 0 0 0 0 0 0 0 0 0 0 0 0 0 0 0 0 0 0 0 0 0 0 0 3 1 0 0 185 79 1 0 1 0 0 0 0 0 0 0 0 0 0 0 2 0 0 0 0 0 6 0 2 0 0 0 32 0 0 0 255 255 255 255 7 0 5 0 0 0 0 0 data 4 0x50007 0x14c7 0x20 0x1530 oops 0
ciMethodData sun/util/calendar/Gregorian$Date getNormalizedYear ()I 2 5512 orig 264 152 98 115 94 0 0 0 0 104 228 203 23 0 0 0 0 120 1 0 0 0 0 0 0 0 0 0 0 0 0 0 0 0 0 0 0 0 0 0 0 0 0 0 0 0 0 0 0 0 0 0 0 0 0 0 0 0 0 0 0 0 0 0 0 0 0 0 0 0 0 0 0 0 0 0 0 0 0 0 0 77 68 79 32 101 120 116 114 97 32 100 97 116 97 32 108 111 99 107 0 0 0 0 0 0 0 0 0 0 0 0 0 0 0 0 0 0 0 0 0 0 0 0 0 0 0 0 0 0 0 0 0 0 0 0 0 0 0 0 0 0 0 0 0 0 0 0 0 0 0 0 0 0 0 0 0 0 0 0 0 0 0 0 0 0 0 0 0 0 0 0 0 0 0 0 0 0 0 0 0 0 0 0 0 0 0 0 0 0 0 0 0 0 0 0 0 0 0 0 0 0 0 0 0 0 0 0 0 0 0 0 0 0 0 0 0 133 1 0 0 25 160 0 0 1 0 0 0 0 0 0 0 0 0 0 0 2 0 0 0 0 0 3 0 2 0 0 0 48 0 0 0 255 255 255 255 5 0 1 0 0 0 0 0 data 6 0x10005 0x0 0x23d15a80 0x1403 0x0 0x0 oops 1 2 sun/util/calendar/Gregorian$Date
ciMethodData sun/util/calendar/CalendarDate setHours (I)Lsun/util/calendar/CalendarDate; 2 11045 orig 264 152 98 115 94 0 0 0 0 88 5 204 23 0 0 0 0 72 1 0 0 0 0 0 0 0 0 0 0 0 0 0 0 0 0 0 0 0 0 0 0 0 0 0 0 0 0 0 0 0 0 0 0 0 0 0 0 0 0 0 0 0 0 0 0 0 0 0 0 0 0 0 0 0 0 0 0 0 0 0 0 77 68 79 32 101 120 116 114 97 32 100 97 116 97 32 108 111 99 107 0 0 0 0 0 0 0 0 0 0 0 0 0 0 0 0 0 0 0 0 0 0 0 0 0 0 0 0 0 0 0 0 0 0 0 0 0 0 0 0 0 0 0 0 0 0 0 0 0 0 0 0 0 0 0 0 0 0 0 0 0 0 0 0 0 0 0 0 0 0 0 0 0 0 0 0 0 0 0 0 0 0 0 0 0 0 0 0 0 0 0 0 0 0 0 0 0 0 0 0 0 0 0 0 0 0 0 0 0 0 0 0 0 0 0 0 0 3 1 0 0 17 81 1 0 1 0 0 0 0 0 0 0 0 0 0 0 2 0 0 0 0 0 6 0 2 0 0 0 32 0 0 0 255 255 255 255 7 0 5 0 0 0 0 0 data 4 0x50007 0x1667 0x20 0x13bb oops 0
ciMethodData sun/util/calendar/CalendarDate setMinutes (I)Lsun/util/calendar/CalendarDate; 2 11045 orig 264 152 98 115 94 0 0 0 0 64 7 204 23 0 0 0 0 72 1 0 0 0 0 0 0 0 0 0 0 0 0 0 0 0 0 0 0 0 0 0 0 0 0 0 0 0 0 0 0 0 0 0 0 0 0 0 0 0 0 0 0 0 0 0 0 0 0 0 0 0 0 0 0 0 0 0 0 0 0 0 0 77 68 79 32 101 120 116 114 97 32 100 97 116 97 32 108 111 99 107 0 0 0 0 0 0 0 0 0 0 0 0 0 0 0 0 0 0 0 0 0 0 0 0 0 0 0 0 0 0 0 0 0 0 0 0 0 0 0 0 0 0 0 0 0 0 0 0 0 0 0 0 0 0 0 0 0 0 0 0 0 0 0 0 0 0 0 0 0 0 0 0 0 0 0 0 0 0 0 0 0 0 0 0 0 0 0 0 0 0 0 0 0 0 0 0 0 0 0 0 0 0 0 0 0 0 0 0 0 0 0 0 0 0 0 0 0 7 1 0 0 241 80 1 0 1 0 0 0 0 0 0 0 0 0 0 0 2 0 0 0 0 0 6 0 2 0 0 0 32 0 0 0 255 255 255 255 7 0 5 0 0 0 0 0 data 4 0x50007 0x165e 0x20 0x13c0 oops 0
ciMethodData sun/util/calendar/CalendarDate setDayOfMonth (I)Lsun/util/calendar/CalendarDate; 2 11003 orig 264 152 98 115 94 0 0 0 0 200 2 204 23 0 0 0 0 72 1 0 0 0 0 0 0 0 0 0 0 0 0 0 0 0 0 0 0 0 0 0 0 0 0 0 0 0 0 0 0 0 0 0 0 0 0 0 0 0 0 0 0 0 0 0 0 0 0 0 0 0 0 0 0 0 0 0 0 0 0 0 0 77 68 79 32 101 120 116 114 97 32 100 97 116 97 32 108 111 99 107 0 0 0 0 0 0 0 0 0 0 0 0 0 0 0 0 0 0 0 0 0 0 0 0 0 0 0 0 0 0 0 0 0 0 0 0 0 0 0 0 0 0 0 0 0 0 0 0 0 0 0 0 0 0 0 0 0 0 0 0 0 0 0 0 0 0 0 0 0 0 0 0 0 0 0 0 0 0 0 0 0 0 0 0 0 0 0 0 0 0 0 0 0 0 0 0 0 0 0 0 0 0 0 0 0 0 0 0 0 0 0 0 0 0 0 0 0 145 1 0 0 81 75 1 0 1 0 0 0 0 0 0 0 0 0 0 0 2 0 0 0 0 0 6 0 2 0 0 0 32 0 0 0 255 255 255 255 7 0 5 0 0 0 0 0 data 4 0x50007 0x147e 0x20 0x14ec oops 0
ciMethodData sun/util/calendar/CalendarDate setSeconds (I)Lsun/util/calendar/CalendarDate; 2 11045 orig 264 152 98 115 94 0 0 0 0 40 9 204 23 0 0 0 0 72 1 0 0 0 0 0 0 0 0 0 0 0 0 0 0 0 0 0 0 0 0 0 0 0 0 0 0 0 0 0 0 0 0 0 0 0 0 0 0 0 0 0 0 0 0 0 0 0 0 0 0 0 0 0 0 0 0 0 0 0 0 0 0 77 68 79 32 101 120 116 114 97 32 100 97 116 97 32 108 111 99 107 0 0 0 0 0 0 0 0 0 0 0 0 0 0 0 0 0 0 0 0 0 0 0 0 0 0 0 0 0 0 0 0 0 0 0 0 0 0 0 0 0 0 0 0 0 0 0 0 0 0 0 0 0 0 0 0 0 0 0 0 0 0 0 0 0 0 0 0 0 0 0 0 0 0 0 0 0 0 0 0 0 0 0 0 0 0 0 0 0 0 0 0 0 0 0 0 0 0 0 0 0 0 0 0 0 0 0 0 0 0 0 0 0 0 0 0 0 129 1 0 0 33 77 1 0 1 0 0 0 0 0 0 0 0 0 0 0 2 0 0 0 0 0 6 0 2 0 0 0 32 0 0 0 255 255 255 255 7 0 5 0 0 0 0 0 data 4 0x50007 0x175b 0x20 0x1249 oops 0
ciMethodData sun/util/calendar/CalendarDate setMillis (I)Lsun/util/calendar/CalendarDate; 2 11045 orig 264 152 98 115 94 0 0 0 0 16 11 204 23 0 0 0 0 72 1 0 0 0 0 0 0 0 0 0 0 0 0 0 0 0 0 0 0 0 0 0 0 0 0 0 0 0 0 0 0 0 0 0 0 0 0 0 0 0 0 0 0 0 0 0 0 0 0 0 0 0 0 0 0 0 0 0 0 0 0 0 0 77 68 79 32 101 120 116 114 97 32 100 97 116 97 32 108 111 99 107 0 0 0 0 0 0 0 0 0 0 0 0 0 0 0 0 0 0 0 0 0 0 0 0 0 0 0 0 0 0 0 0 0 0 0 0 0 0 0 0 0 0 0 0 0 0 0 0 0 0 0 0 0 0 0 0 0 0 0 0 0 0 0 0 0 0 0 0 0 0 0 0 0 0 0 0 0 0 0 0 1 0 0 0 0 0 0 0 0 0 0 0 0 0 0 0 0 0 0 0 0 0 0 0 0 0 0 0 0 0 0 0 0 0 0 0 0 129 1 0 0 33 77 1 0 1 0 0 0 112 41 0 0 0 0 0 0 2 0 0 0 0 0 6 0 2 0 0 0 32 0 0 0 255 255 255 255 7 224 5 0 0 0 0 0 data 4 0x5e007 0x29a4 0x20 0x1 oops 0
ciMethodData org/apache/catalina/webresources/AbstractArchiveResource getManifest ()Ljava/util/jar/Manifest; 2 5159 orig 264 152 98 115 94 0 0 0 0 160 48 121 32 0 0 0 0 120 1 0 0 0 0 0 0 0 0 0 0 0 0 0 0 0 0 0 0 0 0 0 0 0 0 0 0 0 0 0 0 0 0 0 0 0 0 0 0 0 0 0 0 0 0 0 0 0 0 0 0 0 0 0 0 0 0 0 0 0 0 0 0 77 68 79 32 101 120 116 114 97 32 100 97 116 97 32 108 111 99 107 0 0 0 0 0 0 0 0 0 0 0 0 0 0 0 0 0 0 0 0 0 0 0 0 0 0 0 0 0 0 0 0 0 0 0 0 0 0 0 0 0 0 0 0 0 0 0 0 0 0 0 0 0 0 0 0 0 0 0 0 0 0 0 0 0 0 0 0 0 0 0 0 0 0 0 0 0 0 0 0 0 0 0 0 0 0 0 0 0 0 0 0 0 0 0 0 0 0 0 0 0 0 0 0 0 0 0 0 0 0 0 0 0 0 0 0 0 0 1 0 0 57 153 0 0 1 0 0 0 0 0 0 0 0 0 0 0 2 0 0 0 0 0 3 0 2 0 0 0 48 0 0 0 255 255 255 255 5 0 4 0 0 0 0 0 data 6 0x40005 0x0 0x1b77a3e0 0x1327 0x0 0x0 oops 1 2 org/apache/catalina/webresources/JarResourceSet
ciMethodData java/util/TimeZone getDefaultRef ()Ljava/util/TimeZone; 2 10970 orig 264 152 98 115 94 0 0 0 0 184 239 202 23 0 0 0 0 192 1 0 0 0 0 0 0 0 0 0 0 0 0 0 0 0 0 0 0 0 0 0 0 0 0 0 0 0 0 0 0 0 0 0 0 0 0 0 0 0 0 0 0 0 0 0 0 0 0 0 0 0 0 0 0 0 0 0 0 0 0 0 0 77 68 79 32 101 120 116 114 97 32 100 97 116 97 32 108 111 99 107 0 0 0 0 0 0 0 0 0 0 0 0 0 0 0 0 0 0 0 0 0 0 0 0 0 0 0 0 0 0 0 0 0 0 0 0 0 0 0 0 0 0 0 0 0 0 0 0 0 0 0 0 0 0 0 0 0 0 0 0 0 0 0 0 0 0 0 0 0 0 0 0 0 0 0 0 0 0 0 0 0 0 0 0 0 0 0 0 0 0 0 0 0 0 0 0 0 0 0 0 0 0 0 0 0 0 0 0 0 0 0 0 0 0 0 0 0 1 1 0 0 201 78 1 0 1 0 0 0 0 0 0 0 0 0 0 0 2 0 0 0 0 0 6 0 2 0 0 0 128 0 0 0 255 255 255 255 7 0 5 0 0 0 0 0 data 16 0x50007 0x29d9 0x80 0x0 0x80002 0x0 0xf0007 0x0 0x50 0x0 0x130007 0x0 0x30 0x0 0x1a0002 0x0 oops 0
ciMethodData java/net/URLClassLoader definePackage (Ljava/lang/String;Ljava/util/jar/Manifest;Ljava/net/URL;)Ljava/lang/Package; 1 723 orig 264 152 98 115 94 0 0 0 0 152 184 160 23 0 0 0 0 96 6 0 0 176 4 0 0 0 0 0 0 0 0 0 0 0 0 0 0 0 0 0 0 0 0 0 0 0 0 0 0 0 0 0 0 0 0 0 0 0 0 0 0 0 0 0 0 0 0 0 0 0 0 0 0 0 0 0 0 0 0 0 0 77 68 79 32 101 120 116 114 97 32 100 97 116 97 32 108 111 99 107 0 0 0 0 0 0 0 0 0 0 0 0 0 0 0 0 0 0 0 0 0 0 0 0 0 0 0 0 0 0 0 0 0 0 0 0 0 0 0 0 0 0 0 0 0 0 0 0 0 0 0 0 0 0 0 0 0 0 0 0 0 0 0 0 0 0 0 0 0 0 0 0 0 0 0 0 0 0 0 0 0 0 0 0 0 0 0 0 0 0 0 0 0 0 0 0 0 0 0 0 0 0 0 0 0 0 0 0 0 0 0 0 0 0 0 0 0 47 0 0 0 33 21 0 0 1 0 0 0 0 0 0 0 0 0 0 0 2 0 0 0 0 0 32 0 2 0 0 0 0 5 0 0 255 255 255 255 5 0 5 0 0 0 0 0 data 160 0x50005 0x102 0x1a28c860 0x1a2 0x0 0x0 0xa0005 0x102 0x1a28c860 0x1a2 0x0 0x0 0x2a0005 0x0 0x1a3339f0 0x2a4 0x0 0x0 0x310007 0x2a1 0x170 0x3 0x390005 0x0 0x25740a60 0x3 0x0 0x0 0x430005 0x0 0x25740a60 0x3 0x0 0x0 0x4d0005 0x0 0x25740a60 0x3 0x0 0x0 0x570005 0x0 0x25740a60 0x3 0x0 0x0 0x610005 0x0 0x25740a60 0x3 0x0 0x0 0x6b0005 0x0 0x25740a60 0x3 0x0 0x0 0x750005 0x0 0x25740a60 0x3 0x0 0x0 0x7b0005 0x0 0x1a3339f0 0x2a4 0x0 0x0 0x820007 0x0 0x250 0x2a4 0x870007 0x3 0x50 0x2a1 0x8f0005 0x0 0x25740a60 0x2a1 0x0 0x0 0x960007 0x3 0x50 0x2a1 0x9e0005 0x0 0x25740a60 0x2a1 0x0 0x0 0xa50007 0x3 0x50 0x2a1 0xad0005 0x0 0x25740a60 0x2a1 0x0 0x0 0xb40007 0x3 0x50 0x2a1 0xbc0005 0x0 0x25740a60 0x2a1 0x0 0x0 0xc30007 0x3 0x50 0x2a1 0xcb0005 0x0 0x25740a60 0x2a1 0x0 0x0 0xd20007 0x3 0x50 0x2a1 0xda0005 0x0 0x25740a60 0x2a1 0x0 0x0 0xe10007 0x0 0x50 0x2a4 0xe90005 0x0 0x25740a60 0x2a4 0x0 0x0 0xf20005 0x102 0x1a28c860 0x1a2 0x0 0x0 0xf50007 0x2a3 0x20 0x1 0x10b0005 0x280 0x1a3338d0 0x22 0x1a333b10 0x2 oops 21 2 java/lang/String 8 java/lang/String 14 java/util/jar/Manifest 24 java/util/jar/Attributes 30 java/util/jar/Attributes 36 java/util/jar/Attributes 42 java/util/jar/Attributes 48 java/util/jar/Attributes 54 java/util/jar/Attributes 60 java/util/jar/Attributes 66 java/util/jar/Manifest 80 java/util/jar/Attributes 90 java/util/jar/Attributes 100 java/util/jar/Attributes 110 java/util/jar/Attributes 120 java/util/jar/Attributes 130 java/util/jar/Attributes 140 java/util/jar/Attributes 146 java/lang/String 156 java/net/URLClassLoader 158 sun/misc/Launcher$AppClassLoader
ciMethodData java/util/jar/JarFile access$200 (Ljava/util/jar/JarFile;)V 2 6133 orig 264 152 98 115 94 0 0 0 0 208 86 191 23 0 0 0 0 48 1 0 0 0 0 0 0 0 0 0 0 0 0 0 0 0 0 0 0 0 0 0 0 0 0 0 0 0 0 0 0 0 0 0 0 0 0 0 0 0 0 0 0 0 0 0 0 0 0 0 0 0 0 0 0 0 0 0 0 0 0 0 0 77 68 79 32 101 120 116 114 97 32 100 97 116 97 32 108 111 99 107 0 0 0 0 0 0 0 0 0 0 0 0 0 0 0 0 0 0 0 0 0 0 0 0 0 0 0 0 0 0 0 0 0 0 0 0 0 0 0 0 0 0 0 0 0 0 0 0 0 0 0 0 0 0 0 0 0 0 0 0 0 0 0 0 0 0 0 0 0 0 0 0 0 0 0 0 0 0 0 0 0 0 0 0 0 0 0 0 0 0 0 0 0 0 0 0 0 0 0 0 0 0 0 0 0 0 0 0 0 0 0 0 0 0 0 0 0 129 1 0 0 161 179 0 0 1 0 0 0 0 0 0 0 0 0 0 0 2 0 0 0 0 0 3 0 2 0 0 0 16 0 0 0 255 255 255 255 2 0 1 0 0 0 0 0 data 2 0x10002 0x1674 oops 0
ciMethodData java/util/Date normalize ()Lsun/util/calendar/BaseCalendar$Date; 2 5397 orig 264 152 98 115 94 0 0 0 0 88 58 202 23 0 0 0 0 24 3 0 0 0 1 0 0 0 0 0 0 0 0 0 0 0 0 0 0 0 0 0 0 0 0 0 0 0 0 0 0 0 0 0 0 0 0 0 0 0 0 0 0 0 0 0 0 0 0 0 0 0 0 0 0 0 0 0 0 0 0 0 0 77 68 79 32 101 120 116 114 97 32 100 97 116 97 32 108 111 99 107 0 0 0 0 0 0 0 0 0 0 0 0 0 0 0 0 0 0 0 0 0 0 0 0 0 0 0 0 0 0 0 0 0 0 0 0 0 0 0 0 0 0 0 0 0 1 0 0 0 0 0 0 0 0 0 0 0 0 0 0 0 0 0 0 0 0 0 0 0 0 0 0 0 0 0 0 0 0 0 0 0 0 0 0 0 0 0 0 0 0 0 0 0 0 0 0 0 0 0 0 0 0 0 0 0 0 0 0 0 0 0 0 0 0 0 0 0 2 1 0 0 153 160 0 0 1 0 0 0 0 0 0 0 0 0 0 0 2 0 0 0 0 0 35 0 2 0 0 0 208 1 0 0 255 255 255 255 7 0 4 0 0 0 0 0 data 58 0x40007 0x1412 0xa0 0x1 0xb0002 0x1 0x150002 0x1 0x180005 0x0 0x23d159d0 0x1 0x0 0x0 0x1b0004 0x0 0x23d15a80 0x1 0x0 0x0 0x2a0005 0x0 0x23d15a80 0x1412 0x0 0x0 0x2d0007 0x5 0x30 0x140d 0x360002 0x140d 0x3c0002 0x1412 0x450005 0x0 0x23d15a80 0x1412 0x0 0x0 0x480007 0x1412 0x90 0x0 0x500005 0x0 0x0 0x0 0x0 0x0 0x580002 0x0 0x650005 0x0 0x0 0x0 0x0 0x0 oops 4 10 sun/util/calendar/Gregorian 16 sun/util/calendar/Gregorian$Date 22 sun/util/calendar/Gregorian$Date 36 sun/util/calendar/Gregorian$Date
ciMethodData java/util/Date getCalendarSystem (J)Lsun/util/calendar/BaseCalendar; 2 5178 orig 264 152 98 115 94 0 0 0 0 104 61 202 23 0 0 0 0 224 1 0 0 128 0 0 0 0 0 0 0 0 0 0 0 0 0 0 0 0 0 0 0 0 0 0 0 0 0 0 0 0 0 0 0 0 0 0 0 0 0 0 0 0 0 0 0 0 0 0 0 0 0 0 0 0 0 0 0 0 0 0 0 77 68 79 32 101 120 116 114 97 32 100 97 116 97 32 108 111 99 107 0 0 0 0 0 0 0 0 0 0 0 0 0 0 0 0 0 0 0 0 0 0 0 0 0 0 0 0 0 0 0 0 0 0 0 0 0 0 0 0 0 0 0 0 0 0 0 0 0 0 0 0 0 0 0 0 0 0 0 0 0 0 0 0 0 0 0 0 0 0 0 0 0 0 0 0 0 0 0 0 0 0 0 0 0 0 0 0 0 0 0 0 0 0 0 0 0 0 0 0 0 0 0 0 0 0 0 0 0 0 0 0 0 0 0 0 0 43 0 0 0 121 160 0 0 1 0 0 0 0 0 0 0 0 0 0 0 2 0 0 0 0 0 17 0 2 0 0 0 144 0 0 0 255 255 255 255 7 0 3 0 0 0 0 0 data 18 0x30007 0x140f 0x80 0x0 0xa0002 0x0 0xe0005 0x0 0x0 0x0 0x0 0x0 0x140007 0x0 0x20 0x0 0x1b0002 0x0 oops 0
ciMethodData java/util/Date normalize (Lsun/util/calendar/BaseCalendar$Date;)Lsun/util/calendar/BaseCalendar$Date; 2 5133 orig 264 152 98 115 94 0 0 0 0 24 60 202 23 0 0 0 0 240 6 0 0 32 4 0 0 0 0 0 0 0 0 0 0 0 0 0 0 0 0 0 0 0 0 0 0 0 0 0 0 0 0 0 0 0 0 0 0 0 0 0 0 0 0 0 0 0 0 0 0 0 0 0 0 0 0 0 0 0 0 0 0 77 68 79 32 101 120 116 114 97 32 100 97 116 97 32 108 111 99 107 0 0 0 0 0 0 0 0 0 0 0 0 0 0 0 0 0 0 0 0 0 0 0 0 0 0 0 0 0 0 0 0 0 0 0 0 0 0 0 0 0 0 0 0 0 1 0 0 0 0 0 0 0 0 0 0 0 0 0 0 0 0 0 0 0 0 0 0 0 0 0 0 0 0 0 0 0 0 0 0 0 0 0 0 0 0 0 0 0 0 0 0 0 0 0 0 0 0 0 0 0 0 0 0 0 0 0 0 0 0 0 0 0 0 0 0 0 0 0 0 0 105 160 0 0 1 0 0 0 0 0 0 0 0 0 0 0 2 0 0 0 0 0 111 0 2 0 0 0 160 5 0 0 255 255 255 255 5 0 1 0 0 0 0 0 data 180 0x10005 0x0 0x23d15a80 0x140d 0x0 0x0 0x60005 0x0 0x23d15a80 0x140d 0x0 0x0 0xb0005 0x0 0x23d15a80 0x140d 0x0 0x0 0x110005 0x0 0x23d15a80 0x140d 0x0 0x0 0x170005 0x0 0x23d15a80 0x140d 0x0 0x0 0x1d0005 0x0 0x23d15a80 0x140d 0x0 0x0 0x230005 0x0 0x23d15a80 0x140d 0x0 0x0 0x290005 0x0 0x23d15a80 0x140d 0x0 0x0 0x320007 0x0 0x60 0x140d 0x380007 0x0 0x40 0x140d 0x3e0007 0x140d 0x190 0x0 0x430007 0x0 0x30 0x0 0x480002 0x0 0x530002 0x0 0x5a0005 0x0 0x0 0x0 0x0 0x0 0x630005 0x0 0x0 0x0 0x0 0x0 0x740005 0x0 0x0 0x0 0x0 0x0 0x7a0005 0x0 0x0 0x0 0x0 0x0 0x840002 0x0 0x910005 0x0 0x0 0x0 0x0 0x0 0x940004 0x0 0x0 0x0 0x0 0x0 0x9b0002 0x140d 0xa30002 0x140d 0xa60007 0x140d 0xe0 0x0 0xad0005 0x0 0x0 0x0 0x0 0x0 0xb00004 0x0 0x0 0x0 0x0 0x0 0xb90005 0x0 0x0 0x0 0x0 0x0 0xc40005 0x0 0x0 0x0 0x0 0x0 0xcc0005 0x0 0x23d159d0 0x140d 0x0 0x0 0xd60002 0x140d 0xdf0007 0x140d 0x110 0x0 0xe60005 0x0 0x0 0x0 0x0 0x0 0xe90004 0x0 0x0 0x0 0x0 0x0 0xf20005 0x0 0x0 0x0 0x0 0x0 0xfd0005 0x0 0x0 0x0 0x0 0x0 0x1050005 0x0 0x0 0x0 0x0 0x0 oops 9 2 sun/util/calendar/Gregorian$Date 8 sun/util/calendar/Gregorian$Date 14 sun/util/calendar/Gregorian$Date 20 sun/util/calendar/Gregorian$Date 26 sun/util/calendar/Gregorian$Date 32 sun/util/calendar/Gregorian$Date 38 sun/util/calendar/Gregorian$Date 44 sun/util/calendar/Gregorian$Date 140 sun/util/calendar/Gregorian
ciMethodData java/util/Date getCalendarSystem (Lsun/util/calendar/BaseCalendar$Date;)Lsun/util/calendar/BaseCalendar; 2 5134 orig 264 152 98 115 94 0 0 0 0 24 62 202 23 0 0 0 0 184 1 0 0 0 0 0 0 0 0 0 0 0 0 0 0 0 0 0 0 0 0 0 0 0 0 0 0 0 0 0 0 0 0 0 0 0 0 0 0 0 0 0 0 0 0 0 0 0 0 0 0 0 0 0 0 0 0 0 0 0 0 0 0 77 68 79 32 101 120 116 114 97 32 100 97 116 97 32 108 111 99 107 0 0 0 0 0 0 0 0 0 0 0 0 0 0 0 0 0 0 0 0 0 0 0 0 0 0 0 0 0 0 0 0 0 0 0 0 0 0 0 0 0 0 0 0 0 0 0 0 0 0 0 0 0 0 0 0 0 0 0 0 0 0 0 0 0 0 0 0 0 0 0 0 0 0 0 0 0 0 0 0 0 0 0 0 0 0 0 0 0 0 0 0 0 0 0 0 0 0 0 0 0 0 0 0 0 0 0 0 0 0 0 0 0 0 0 0 0 0 0 0 0 113 160 0 0 1 0 0 0 0 0 0 0 0 0 0 0 2 0 0 0 0 0 7 0 2 0 0 0 112 0 0 0 255 255 255 255 7 0 3 0 0 0 0 0 data 14 0x30007 0x0 0x20 0x140e 0xb0005 0x0 0x0 0x0 0x0 0x0 0xe0007 0x0 0x20 0x0 oops 0
ciMethod org/apache/catalina/WebResourceRoot getClassLoaderResource (Ljava/lang/String;)Lorg/apache/catalina/WebResource; 0 0 1 0 -1
ciMethodData java/net/URL <init> (Ljava/lang/String;)V 2 14071 orig 264 152 98 115 94 0 0 0 0 32 219 160 23 0 0 0 0 56 1 0 0 0 0 0 0 0 0 0 0 0 0 0 0 0 0 0 0 0 0 0 0 0 0 0 0 0 0 0 0 0 0 0 0 0 0 0 0 0 0 0 0 0 0 0 0 0 0 0 0 0 0 0 0 0 0 0 0 0 0 0 0 77 68 79 32 101 120 116 114 97 32 100 97 116 97 32 108 111 99 107 0 0 0 0 0 0 0 0 0 0 0 0 0 0 0 0 0 0 0 0 0 0 0 0 0 0 0 0 0 0 0 0 0 0 0 0 0 0 0 0 0 0 0 0 0 0 0 0 0 0 0 0 0 0 0 0 0 0 0 0 0 0 0 0 0 0 0 0 0 0 0 0 0 0 0 0 0 0 0 0 0 0 0 0 0 0 0 0 0 0 0 0 0 0 0 0 0 0 0 0 0 0 0 0 0 0 0 0 0 0 0 0 0 0 0 0 0 0 1 0 0 185 175 1 0 1 0 0 0 0 0 0 0 0 0 0 0 2 0 0 0 0 0 3 0 2 0 0 0 16 0 0 0 255 255 255 255 2 0 3 0 0 0 0 0 data 2 0x30002 0x35f8 oops 0
ciMethod org/apache/catalina/webresources/Cache getResource (Ljava/lang/String;Z)Lorg/apache/catalina/WebResource; 3097 1 6021 0 -1
ciMethod org/apache/catalina/webresources/StandardRoot getResource (Ljava/lang/String;ZZ)Lorg/apache/catalina/WebResource; 3097 1 6021 0 4320
ciMethod org/apache/catalina/webresources/StandardRoot getClassLoaderResource (Ljava/lang/String;)Lorg/apache/catalina/WebResource; 2049 1 11449 0 512
ciMethod org/apache/catalina/webresources/StandardRoot validate (Ljava/lang/String;)Ljava/lang/String; 601 1 5196 0 -1
ciMethod org/apache/catalina/webresources/StandardRoot getResourceInternal (Ljava/lang/String;Z)Lorg/apache/catalina/WebResource; 3073 7009 1736 0 -1
ciMethod org/apache/catalina/webresources/StandardRoot isCachingAllowed ()Z 1025 1 128 0 -1
ciMethod org/apache/catalina/WebResource getLastModified ()J 0 0 1 0 -1
ciMethod org/apache/catalina/WebResource exists ()Z 0 0 1 0 -1
ciMethod org/apache/catalina/WebResource getContent ()[B 0 0 1 0 -1
ciMethod org/apache/catalina/WebResource getCodeBase ()Ljava/net/URL; 0 0 1 0 -1
ciMethod org/apache/catalina/WebResource getCertificates ()[Ljava/security/cert/Certificate; 0 0 1 0 -1
ciMethod org/apache/catalina/WebResource getManifest ()Ljava/util/jar/Manifest; 0 0 1 0 -1
ciMethod org/apache/catalina/webresources/AbstractResourceSet getBase ()Ljava/lang/String; 1025 1 128 0 -1
ciMethod org/apache/catalina/webresources/AbstractResourceSet getManifest ()Ljava/util/jar/Manifest; 1033 1 129 0 0
ciMethod org/apache/catalina/webresources/AbstractResource getWebappPath ()Ljava/lang/String; 9 1 1 0 0
ciMethod org/apache/catalina/webresources/AbstractResource getLog ()Lorg/apache/juli/logging/Log; 0 0 1 0 -1
ciMethod org/apache/catalina/webresources/AbstractArchiveResourceSet openJarFile ()Ljava/util/jar/JarFile; 2049 1 5919 0 6464
ciMethod org/apache/catalina/webresources/AbstractArchiveResourceSet closeJarFile ()V 2065 1 15662 0 544
ciMethod java/nio/file/attribute/FileTime toMillis ()J 249 1 519 0 0
ciMethod org/apache/catalina/loader/WebappClassLoaderBase checkStateForResourceLoading (Ljava/lang/String;)V 2049 1 5378 0 128
ciMethod org/apache/catalina/loader/WebappClassLoaderBase findClassInternal (Ljava/lang/String;)Ljava/lang/Class; 2049 1 5504 0 -1
ciMethod org/apache/catalina/loader/WebappClassLoaderBase binaryNameToPath (Ljava/lang/String;Z)Ljava/lang/String; 2057 1 5492 0 6816
ciMethod org/apache/catalina/loader/WebappClassLoaderBase isPackageSealed (Ljava/lang/String;Ljava/util/jar/Manifest;)Z 0 0 1 0 -1
ciMethod org/apache/catalina/webresources/EmptyResource exists ()Z 1305 1 163 0 0
ciMethod org/apache/catalina/webresources/JarResource getLog ()Lorg/apache/juli/logging/Log; 0 0 1 0 0
ciMethod org/apache/catalina/webresources/AbstractSingleArchiveResource getJarInputStreamWrapper ()Lorg/apache/catalina/webresources/AbstractArchiveResource$JarInputStreamWrapper; 3073 1 5634 0 1472
ciMethod org/apache/catalina/webresources/AbstractArchiveResource getArchiveResourceSet ()Lorg/apache/catalina/webresources/AbstractArchiveResourceSet; 1025 1 128 0 0
ciMethod org/apache/catalina/webresources/AbstractArchiveResource getBaseUrl ()Ljava/lang/String; 0 0 1 0 0
ciMethod org/apache/catalina/webresources/AbstractArchiveResource getResource ()Ljava/util/jar/JarEntry; 1025 1 128 0 0
ciMethod org/apache/catalina/webresources/AbstractArchiveResource getLastModified ()J 2049 1 5390 0 0
ciMethod org/apache/catalina/webresources/AbstractArchiveResource exists ()Z 1025 1 128 0 0
ciMethod org/apache/catalina/webresources/AbstractArchiveResource isDirectory ()Z 2049 1 10251 0 0
ciMethod org/apache/catalina/webresources/AbstractArchiveResource getContentLength ()J 2057 1 5109 0 0
ciMethod org/apache/catalina/webresources/AbstractArchiveResource getCodeBase ()Ljava/net/URL; 2049 1 5002 0 0
ciMethod org/apache/catalina/webresources/AbstractArchiveResource getContent ()[B 2049 2121 5050 0 0
ciMethod org/apache/catalina/webresources/AbstractArchiveResource getCertificates ()[Ljava/security/cert/Certificate; 3073 1 5002 0 0
ciMethod org/apache/catalina/webresources/AbstractArchiveResource getManifest ()Ljava/util/jar/Manifest; 2049 1 5159 0 0
ciMethod org/apache/catalina/webresources/AbstractArchiveResource getJarInputStreamWrapper ()Lorg/apache/catalina/webresources/AbstractArchiveResource$JarInputStreamWrapper; 0 0 1 0 -1
ciMethod org/apache/catalina/webresources/AbstractArchiveResource access$000 (Lorg/apache/catalina/webresources/AbstractArchiveResource;)Lorg/apache/catalina/webresources/AbstractArchiveResourceSet; 1033 1 129 0 0
ciMethod org/apache/catalina/webresources/AbstractArchiveResource$JarInputStreamWrapper <init> (Lorg/apache/catalina/webresources/AbstractArchiveResource;Ljava/util/jar/JarEntry;Ljava/io/InputStream;)V 3073 1 5634 0 0
ciMethod org/apache/catalina/webresources/AbstractArchiveResource$JarInputStreamWrapper read ([BII)I 2049 1 10379 0 2336
ciMethod org/apache/catalina/webresources/AbstractArchiveResource$JarInputStreamWrapper close ()V 3073 1 8329 0 0
ciMethod org/apache/catalina/webresources/AbstractArchiveResource$JarInputStreamWrapper getCertificates ()[Ljava/security/cert/Certificate; 2049 1 5050 0 0
ciMethodData org/apache/catalina/webresources/AbstractArchiveResourceSet closeJarFile ()V 2 15664 orig 264 152 98 115 94 0 0 0 0 232 83 117 32 0 0 0 0 56 1 0 0 0 0 0 0 0 0 0 0 0 0 0 0 0 0 0 0 0 0 0 0 0 0 0 0 0 0 0 0 0 0 0 0 0 0 0 0 0 0 0 0 0 0 0 0 0 0 0 0 0 0 0 0 0 0 0 0 0 0 0 0 77 68 79 32 101 120 116 114 97 32 100 97 116 97 32 108 111 99 107 0 0 0 0 0 0 0 0 0 0 0 0 0 0 0 0 0 0 0 0 0 0 0 0 0 0 0 0 0 0 0 0 0 0 0 0 0 0 0 0 0 0 0 0 0 0 0 0 0 0 0 0 0 0 0 0 0 0 0 0 0 0 0 0 0 0 0 0 0 0 0 0 0 0 0 0 0 0 0 0 0 0 0 0 0 0 0 0 0 0 0 0 0 0 0 0 0 0 0 0 0 0 0 0 0 0 0 0 0 0 0 0 0 0 0 0 0 2 1 0 0 113 225 1 0 1 0 0 0 0 0 0 0 0 0 0 0 2 0 0 0 0 0 8 0 2 0 0 0 24 0 0 0 255 255 255 255 3 0 19 0 0 0 0 0 data 3 0x130003 0x3c2e 0x18 oops 0
ciMethodData java/util/zip/ZipEntry isDirectory ()Z 2 15260 orig 264 152 98 115 94 0 0 0 0 112 68 188 23 0 0 0 0 120 1 0 0 0 0 0 0 0 0 0 0 0 0 0 0 0 0 0 0 0 0 0 0 0 0 0 0 0 0 0 0 0 0 0 0 0 0 0 0 0 0 0 0 0 0 0 0 0 0 0 0 0 0 0 0 0 0 0 0 0 0 0 0 77 68 79 32 101 120 116 114 97 32 100 97 116 97 32 108 111 99 107 0 0 0 0 0 0 0 0 0 0 0 0 0 0 0 0 0 0 0 0 0 0 0 0 0 0 0 0 0 0 0 0 0 0 0 0 0 0 0 0 0 0 0 0 0 0 0 0 0 0 0 0 0 0 0 0 0 0 0 0 0 0 0 0 0 0 0 0 0 0 0 0 0 0 0 0 0 0 0 0 0 0 0 0 0 0 0 0 0 0 0 0 0 0 0 0 0 0 0 0 0 0 0 0 0 0 0 0 0 0 0 0 0 0 0 0 0 0 1 0 0 225 212 1 0 1 0 0 0 0 0 0 0 0 0 0 0 2 0 0 0 0 0 3 0 2 0 0 0 48 0 0 0 255 255 255 255 5 0 6 0 0 0 0 0 data 6 0x60005 0x0 0x1a28c860 0x3a9c 0x0 0x0 oops 1 2 java/lang/String
ciMethodData sun/util/calendar/Gregorian newCalendarDate (Ljava/util/TimeZone;)Lsun/util/calendar/CalendarDate; 2 5388 orig 264 152 98 115 94 0 0 0 0 88 127 202 23 0 0 0 0 128 1 0 0 0 0 0 0 0 0 0 0 0 0 0 0 0 0 0 0 0 0 0 0 0 0 0 0 0 0 0 0 0 0 0 0 0 0 0 0 0 0 0 0 0 0 0 0 0 0 0 0 0 0 0 0 0 0 0 0 0 0 0 0 77 68 79 32 101 120 116 114 97 32 100 97 116 97 32 108 111 99 107 0 0 0 0 0 0 0 0 0 0 0 0 0 0 0 0 0 0 0 0 0 0 0 0 0 0 0 0 0 0 0 0 0 0 0 0 0 0 0 0 0 0 0 0 0 1 0 0 0 0 0 0 0 0 0 0 0 0 0 0 0 0 0 0 0 0 0 0 0 0 0 0 0 0 0 0 0 0 0 0 0 0 0 0 0 0 0 0 0 0 0 0 0 0 0 0 0 0 0 0 0 0 0 0 0 0 0 0 0 0 0 0 0 0 0 0 0 0 1 0 0 97 160 0 0 1 0 0 0 0 0 0 0 0 0 0 0 2 0 0 0 0 0 3 0 2 0 0 0 48 0 0 0 255 255 255 255 5 0 2 0 0 0 0 0 data 6 0x20005 0x0 0x23d159d0 0x140c 0x0 0x0 oops 1 2 sun/util/calendar/Gregorian
ciMethodData sun/util/calendar/Gregorian newCalendarDate (Ljava/util/TimeZone;)Lsun/util/calendar/Gregorian$Date; 2 5731 orig 264 152 98 115 94 0 0 0 0 96 124 202 23 0 0 0 0 56 1 0 0 0 0 0 0 0 0 0 0 0 0 0 0 0 0 0 0 0 0 0 0 0 0 0 0 0 0 0 0 0 0 0 0 0 0 0 0 0 0 0 0 0 0 0 0 0 0 0 0 0 0 0 0 0 0 0 0 0 0 0 0 77 68 79 32 101 120 116 114 97 32 100 97 116 97 32 108 111 99 107 0 0 0 0 0 0 0 0 0 0 0 0 0 0 0 0 0 0 0 0 0 0 0 0 0 0 0 0 0 0 0 0 0 0 0 0 0 0 0 0 0 0 0 0 0 0 0 0 0 0 0 0 0 0 0 0 0 0 0 0 0 0 0 0 0 0 0 0 0 0 0 0 0 0 0 0 0 0 0 0 0 0 0 0 0 0 0 0 0 0 0 0 0 0 0 0 0 0 0 0 0 0 0 0 0 0 0 0 0 0 0 0 0 0 0 0 0 56 1 0 0 49 164 0 0 1 0 0 0 0 0 0 0 0 0 0 0 2 0 0 0 0 0 3 0 2 0 0 0 16 0 0 0 255 255 255 255 2 0 5 0 0 0 0 0 data 2 0x50002 0x1486 oops 0
ciMethodData sun/util/calendar/Gregorian$Date <init> (Ljava/util/TimeZone;)V 2 5566 orig 264 152 98 115 94 0 0 0 0 208 227 203 23 0 0 0 0 56 1 0 0 0 0 0 0 0 0 0 0 0 0 0 0 0 0 0 0 0 0 0 0 0 0 0 0 0 0 0 0 0 0 0 0 0 0 0 0 0 0 0 0 0 0 0 0 0 0 0 0 0 0 0 0 0 0 0 0 0 0 0 0 77 68 79 32 101 120 116 114 97 32 100 97 116 97 32 108 111 99 107 0 0 0 0 0 0 0 0 0 0 0 0 0 0 0 0 0 0 0 0 0 0 0 0 0 0 0 0 0 0 0 0 0 0 0 0 0 0 0 0 0 0 0 0 0 0 0 0 0 0 0 0 0 0 0 0 0 0 0 0 0 0 0 0 0 0 0 0 0 0 0 0 0 0 0 0 0 0 0 0 0 0 0 0 0 0 0 0 0 0 0 0 0 0 0 0 0 0 0 0 0 0 0 0 0 0 0 0 0 0 0 0 0 0 0 0 0 56 1 0 0 49 164 0 0 1 0 0 0 0 0 0 0 0 0 0 0 2 0 0 0 0 0 3 0 2 0 0 0 16 0 0 0 255 255 255 255 2 0 2 0 0 0 0 0 data 2 0x20002 0x1486 oops 0
ciMethodData sun/util/calendar/BaseCalendar$Date <init> (Ljava/util/TimeZone;)V 2 5444 orig 264 152 98 115 94 0 0 0 0 136 233 203 23 0 0 0 0 56 1 0 0 0 0 0 0 0 0 0 0 0 0 0 0 0 0 0 0 0 0 0 0 0 0 0 0 0 0 0 0 0 0 0 0 0 0 0 0 0 0 0 0 0 0 0 0 0 0 0 0 0 0 0 0 0 0 0 0 0 0 0 0 77 68 79 32 101 120 116 114 97 32 100 97 116 97 32 108 111 99 107 0 0 0 0 0 0 0 0 0 0 0 0 0 0 0 0 0 0 0 0 0 0 0 0 0 0 0 0 0 0 0 0 0 0 0 0 0 0 0 0 0 0 0 0 0 1 0 0 0 0 0 0 0 0 0 0 0 0 0 0 0 0 0 0 0 0 0 0 0 0 0 0 0 0 0 0 0 0 0 0 0 0 0 0 0 0 0 0 0 0 0 0 0 0 0 0 0 0 0 0 0 0 0 0 0 0 0 0 0 0 0 0 0 0 0 0 0 56 1 0 0 97 160 0 0 1 0 0 0 0 0 0 0 0 0 0 0 2 0 0 0 0 0 3 0 2 0 0 0 16 0 0 0 255 255 255 255 2 0 2 0 0 0 0 0 data 2 0x20002 0x140c oops 0
ciMethodData sun/util/calendar/CalendarDate setTimeOfDay (IIII)Lsun/util/calendar/CalendarDate; 2 5499 orig 264 152 98 115 94 0 0 0 0 96 14 204 23 0 0 0 0 40 2 0 0 0 0 0 0 0 0 0 0 0 0 0 0 0 0 0 0 0 0 0 0 0 0 0 0 0 0 0 0 0 0 0 0 0 0 0 0 0 0 0 0 0 0 0 0 0 0 0 0 0 0 0 0 0 0 0 0 0 0 0 0 77 68 79 32 101 120 116 114 97 32 100 97 116 97 32 108 111 99 107 0 0 0 0 0 0 0 0 0 0 0 0 0 0 0 0 0 0 0 0 0 0 0 0 0 0 0 0 0 0 0 0 0 0 0 0 0 0 0 0 0 0 0 0 0 0 0 0 0 0 0 0 0 0 0 0 0 0 0 0 0 0 0 0 0 0 0 0 0 0 0 0 0 0 0 0 0 0 0 0 0 0 0 0 0 0 0 0 0 0 0 0 0 0 0 0 0 0 0 0 0 0 0 0 0 0 0 0 0 0 0 0 0 0 0 0 0 0 1 0 0 217 163 0 0 1 0 0 0 0 0 0 0 0 0 0 0 2 0 0 0 0 0 19 0 2 0 0 0 192 0 0 0 255 255 255 255 5 0 2 0 0 0 0 0 data 24 0x20005 0x0 0x23d15a80 0x147b 0x0 0x0 0x80005 0x0 0x23d15a80 0x147b 0x0 0x0 0xe0005 0x0 0x23d15a80 0x147b 0x0 0x0 0x150005 0x0 0x23d15a80 0x147b 0x0 0x0 oops 4 2 sun/util/calendar/Gregorian$Date 8 sun/util/calendar/Gregorian$Date 14 sun/util/calendar/Gregorian$Date 20 sun/util/calendar/Gregorian$Date
ciMethodData sun/util/calendar/Gregorian$Date setNormalizedYear (I)V 2 5504 orig 264 152 98 115 94 0 0 0 0 0 229 203 23 0 0 0 0 128 1 0 0 0 0 0 0 0 0 0 0 0 0 0 0 0 0 0 0 0 0 0 0 0 0 0 0 0 0 0 0 0 0 0 0 0 0 0 0 0 0 0 0 0 0 0 0 0 0 0 0 0 0 0 0 0 0 0 0 0 0 0 0 77 68 79 32 101 120 116 114 97 32 100 97 116 97 32 108 111 99 107 0 0 0 0 0 0 0 0 0 0 0 0 0 0 0 0 0 0 0 0 0 0 0 0 0 0 0 0 0 0 0 0 0 0 0 0 0 0 0 0 0 0 0 0 0 0 0 0 0 0 0 0 0 0 0 0 0 0 0 0 0 0 0 0 0 0 0 0 0 0 0 0 0 0 0 0 0 0 0 0 0 0 0 0 0 0 0 0 0 0 0 0 0 0 0 0 0 0 0 0 0 0 0 0 0 0 0 0 0 0 0 0 0 0 0 0 0 128 1 0 0 1 160 0 0 1 0 0 0 0 0 0 0 0 0 0 0 2 0 0 0 0 0 7 0 2 0 0 0 48 0 0 0 255 255 255 255 5 0 2 0 0 0 0 0 data 6 0x20005 0x0 0x23d15a80 0x1400 0x0 0x0 oops 1 2 sun/util/calendar/Gregorian$Date
ciMethodData java/util/Date getTimeImpl ()J 2 11187 orig 264 152 98 115 94 0 0 0 0 208 46 202 23 0 0 0 0 200 1 0 0 0 0 0 0 0 0 0 0 0 0 0 0 0 0 0 0 0 0 0 0 0 0 0 0 0 0 0 0 0 0 0 0 0 0 0 0 0 0 0 0 0 0 0 0 0 0 0 0 0 0 0 0 0 0 0 0 0 0 0 0 77 68 79 32 101 120 116 114 97 32 100 97 116 97 32 108 111 99 107 0 0 0 0 0 0 0 0 0 0 0 0 0 0 0 0 0 0 0 0 0 0 0 0 0 0 0 0 0 0 0 0 0 0 0 0 0 0 0 0 0 0 0 0 0 0 0 0 0 0 0 0 0 0 0 0 0 0 0 0 0 0 0 0 0 0 0 0 0 0 0 0 0 0 0 0 0 0 0 0 0 0 0 0 0 0 0 0 0 0 0 0 0 0 0 0 0 0 0 0 0 0 0 0 0 0 0 0 0 0 0 0 0 0 0 0 0 1 1 0 0 145 85 1 0 1 0 0 0 0 0 0 0 0 0 0 0 2 0 0 0 0 0 8 0 2 0 0 0 128 0 0 0 255 255 255 255 7 0 4 0 0 0 0 0 data 16 0x40007 0x1681 0x80 0x1431 0xb0005 0x0 0x23d15a80 0x1431 0x0 0x0 0xe0007 0x1 0x30 0x1430 0x120002 0x1430 oops 1 6 sun/util/calendar/Gregorian$Date
ciMethodData sun/util/calendar/CalendarDate <init> (Ljava/util/TimeZone;)V 2 5653 orig 264 152 98 115 94 0 0 0 0 72 251 203 23 0 0 0 0 56 1 0 0 0 0 0 0 0 0 0 0 0 0 0 0 0 0 0 0 0 0 0 0 0 0 0 0 0 0 0 0 0 0 0 0 0 0 0 0 0 0 0 0 0 0 0 0 0 0 0 0 0 0 0 0 0 0 0 0 0 0 0 0 77 68 79 32 101 120 116 114 97 32 100 97 116 97 32 108 111 99 107 0 0 0 0 0 0 0 0 0 0 0 0 0 0 0 0 0 0 0 0 0 0 0 0 0 0 0 0 0 0 0 0 0 0 0 0 0 0 0 0 0 0 0 0 0 0 0 0 0 0 0 0 0 0 0 0 0 0 0 0 0 0 0 0 0 0 0 0 0 0 0 0 0 0 0 0 0 0 0 0 0 0 0 0 0 0 0 0 0 0 0 0 0 0 0 0 0 0 0 0 0 0 0 0 0 0 0 0 0 0 0 0 0 0 0 0 0 128 1 0 0 169 164 0 0 1 0 0 0 0 0 0 0 0 0 0 0 2 0 0 0 0 0 3 0 2 0 0 0 16 0 0 0 255 255 255 255 2 0 1 0 0 0 0 0 data 2 0x10002 0x1495 oops 0
ciMethodData java/util/Date getCalendarSystem (I)Lsun/util/calendar/BaseCalendar; 2 10387 orig 264 152 98 115 94 0 0 0 0 184 60 202 23 0 0 0 0 120 1 0 0 32 0 0 0 0 0 0 0 0 0 0 0 0 0 0 0 0 0 0 0 0 0 0 0 0 0 0 0 0 0 0 0 0 0 0 0 0 0 0 0 0 0 0 0 0 0 0 0 0 0 0 0 0 0 0 0 0 0 0 0 77 68 79 32 101 120 116 114 97 32 100 97 116 97 32 108 111 99 107 0 0 0 0 0 0 0 0 0 0 0 0 0 0 0 0 0 0 0 0 0 0 0 0 0 0 0 0 0 0 0 0 0 0 0 0 0 0 0 0 0 0 0 0 0 0 0 0 0 0 0 0 0 0 0 0 0 0 0 0 0 0 0 0 0 0 0 0 0 0 0 0 0 0 0 0 0 0 0 0 0 0 0 0 0 0 0 0 0 0 0 0 0 0 0 0 0 0 0 0 0 0 0 0 0 0 0 0 0 0 0 0 0 0 0 0 0 0 1 0 0 153 60 1 0 1 0 0 0 0 0 0 0 0 0 0 0 2 0 0 0 0 0 10 0 2 0 0 0 48 0 0 0 255 255 255 255 7 0 4 0 0 0 0 0 data 6 0x40007 0x0 0x20 0x2793 0xb0002 0x0 oops 0
ciMethod org/apache/catalina/loader/ResourceEntry <init> ()V 2049 1 8626 0 0
ciMethodData org/apache/catalina/loader/WebappClassLoaderBase checkStateForResourceLoading (Ljava/lang/String;)V 2 5378 orig 264 152 98 115 94 0 0 0 0 32 31 119 32 0 0 0 0 64 2 0 0 0 0 0 0 0 0 0 0 0 0 0 0 0 0 0 0 0 0 0 0 0 0 0 0 0 0 0 0 0 0 0 0 0 0 0 0 0 0 0 0 0 0 0 0 0 0 0 0 0 0 0 0 0 0 0 0 0 0 0 0 77 68 79 32 101 120 116 114 97 32 100 97 116 97 32 108 111 99 107 0 0 0 0 0 0 0 0 0 0 0 0 0 0 0 0 0 0 0 0 0 0 0 0 0 0 0 0 0 0 0 0 0 0 0 0 0 0 0 0 0 0 0 0 0 0 0 0 0 0 0 0 0 0 0 0 0 0 0 0 0 0 0 0 0 0 0 0 0 0 0 0 0 0 0 0 0 0 0 0 0 0 0 0 0 0 0 0 0 0 0 0 0 0 0 0 0 0 0 0 0 0 0 0 0 0 0 0 0 0 0 0 0 0 0 0 0 0 1 0 0 17 160 0 0 1 0 0 0 0 0 0 0 0 0 0 0 2 0 0 0 0 0 10 0 2 0 0 0 240 0 0 0 255 255 255 255 5 0 4 0 0 0 0 0 data 30 0x40005 0x0 0x23566060 0x1402 0x0 0x0 0x70007 0x1402 0xc0 0x0 0x160004 0x0 0x0 0x0 0x0 0x0 0x170005 0x0 0x0 0x0 0x0 0x0 0x200002 0x0 0x290005 0x0 0x0 0x0 0x0 0x0 oops 1 2 org/apache/catalina/LifecycleState
ciMethodData org/apache/catalina/webresources/StandardRoot getClassLoaderResource (Ljava/lang/String;)Lorg/apache/catalina/WebResource; 2 11449 orig 264 152 98 115 94 0 0 0 0 184 163 115 32 0 0 0 0 32 2 0 0 0 0 0 0 0 0 0 0 0 0 0 0 0 0 0 0 0 0 0 0 0 0 0 0 0 0 0 0 0 0 0 0 0 0 0 0 0 0 0 0 0 0 0 0 0 0 0 0 0 0 0 0 0 0 0 0 0 0 0 0 77 68 79 32 101 120 116 114 97 32 100 97 116 97 32 108 111 99 107 0 0 0 0 0 0 0 0 0 0 0 0 0 0 0 0 0 0 0 0 0 0 0 0 0 0 0 0 0 0 0 0 0 0 0 0 0 0 0 0 0 0 0 0 0 0 0 0 0 0 0 0 0 0 0 0 0 0 0 0 0 0 0 0 0 0 0 0 0 0 0 0 0 0 0 0 0 0 0 0 0 0 0 0 0 0 0 0 0 0 0 0 0 0 0 0 0 0 0 0 0 0 0 0 0 0 0 0 0 0 0 0 0 0 0 0 0 0 1 0 0 201 93 1 0 1 0 0 0 0 0 0 0 0 0 0 0 2 0 0 0 0 0 8 0 2 0 0 0 208 0 0 0 255 255 255 255 2 0 5 0 0 0 0 0 data 26 0x50002 0x2bb9 0xa0005 0x0 0x1a3335e0 0x2bb9 0x0 0x0 0xe0005 0x0 0x1a3335e0 0x2bb9 0x0 0x0 0x110005 0x0 0x1a3335e0 0x2bb9 0x0 0x0 0x160005 0x0 0x2288df20 0x2bb9 0x0 0x0 oops 4 4 java/lang/StringBuilder 10 java/lang/StringBuilder 16 java/lang/StringBuilder 22 org/apache/catalina/webresources/StandardRoot
ciMethodData org/apache/catalina/webresources/AbstractArchiveResource isDirectory ()Z 2 10251 orig 264 152 98 115 94 0 0 0 0 8 37 121 32 0 0 0 0 120 1 0 0 0 0 0 0 0 0 0 0 0 0 0 0 0 0 0 0 0 0 0 0 0 0 0 0 0 0 0 0 0 0 0 0 0 0 0 0 0 0 0 0 0 0 0 0 0 0 0 0 0 0 0 0 0 0 0 0 0 0 0 0 77 68 79 32 101 120 116 114 97 32 100 97 116 97 32 108 111 99 107 0 0 0 0 0 0 0 0 0 0 0 0 0 0 0 0 0 0 0 0 0 0 0 0 0 0 0 0 0 0 0 0 0 0 0 0 0 0 0 0 0 0 0 0 0 0 0 0 0 0 0 0 0 0 0 0 0 0 0 0 0 0 0 0 0 0 0 0 0 0 0 0 0 0 0 0 0 0 0 0 0 0 0 0 0 0 0 0 0 0 0 0 0 0 0 0 0 0 0 0 0 0 0 0 0 0 0 0 0 0 0 0 0 0 0 0 0 0 1 0 0 89 56 1 0 1 0 0 0 0 0 0 0 0 0 0 0 2 0 0 0 0 0 3 0 2 0 0 0 48 0 0 0 255 255 255 255 5 0 4 0 0 0 0 0 data 6 0x40005 0x0 0x2572a6f0 0x270b 0x0 0x0 oops 1 2 java/util/jar/JarFile$JarFileEntry
ciMethodData org/apache/catalina/loader/ResourceEntry <init> ()V 2 8627 orig 264 152 98 115 94 0 0 0 0 32 229 127 32 0 0 0 0 48 1 0 0 0 0 0 0 0 0 0 0 0 0 0 0 0 0 0 0 0 0 0 0 0 0 0 0 0 0 0 0 0 0 0 0 0 0 0 0 0 0 0 0 0 0 0 0 0 0 0 0 0 0 0 0 0 0 0 0 0 0 0 0 77 68 79 32 101 120 116 114 97 32 100 97 116 97 32 108 111 99 107 0 0 0 0 0 0 0 0 0 0 0 0 0 0 0 0 0 0 0 0 0 0 0 0 0 0 0 0 0 0 0 0 0 0 0 0 0 0 0 0 0 0 0 0 0 0 0 0 0 0 0 0 0 0 0 0 0 0 0 0 0 0 0 0 0 0 0 0 0 0 0 0 0 0 0 0 0 0 0 0 0 0 0 0 0 0 0 0 0 0 0 0 0 0 0 0 0 0 0 0 0 0 0 0 0 0 0 0 0 0 0 0 0 0 0 0 0 0 1 0 0 153 5 1 0 1 0 0 0 0 0 0 0 0 0 0 0 2 0 0 0 0 0 3 0 2 0 0 0 16 0 0 0 255 255 255 255 2 0 1 0 0 0 0 0 data 2 0x10002 0x20b3 oops 0
ciMethodData org/apache/catalina/webresources/AbstractArchiveResource getLastModified ()J 2 5390 orig 264 152 98 115 94 0 0 0 0 32 35 121 32 0 0 0 0 120 1 0 0 0 0 0 0 0 0 0 0 0 0 0 0 0 0 0 0 0 0 0 0 0 0 0 0 0 0 0 0 0 0 0 0 0 0 0 0 0 0 0 0 0 0 0 0 0 0 0 0 0 0 0 0 0 0 0 0 0 0 0 0 77 68 79 32 101 120 116 114 97 32 100 97 116 97 32 108 111 99 107 0 0 0 0 0 0 0 0 0 0 0 0 0 0 0 0 0 0 0 0 0 0 0 0 0 0 0 0 0 0 0 0 0 0 0 0 0 0 0 0 0 0 0 0 0 1 0 0 0 0 0 0 0 0 0 0 0 0 0 0 0 0 0 0 0 0 0 0 0 0 0 0 0 0 0 0 0 0 0 0 0 0 0 0 0 0 0 0 0 0 0 0 0 0 0 0 0 0 0 0 0 0 0 0 0 0 0 0 0 0 0 0 0 0 0 0 0 0 1 0 0 113 160 0 0 1 0 0 0 0 0 0 0 0 0 0 0 2 0 0 0 0 0 3 0 2 0 0 0 48 0 0 0 255 255 255 255 5 0 4 0 0 0 0 0 data 6 0x40005 0x0 0x2572a6f0 0x140e 0x0 0x0 oops 1 2 java/util/jar/JarFile$JarFileEntry
ciMethodData org/apache/catalina/webresources/AbstractSingleArchiveResource getJarInputStreamWrapper ()Lorg/apache/catalina/webresources/AbstractArchiveResource$JarInputStreamWrapper; 2 5634 orig 264 152 98 115 94 0 0 0 0 24 19 121 32 0 0 0 0 248 4 0 0 0 3 0 0 0 0 0 0 0 0 0 0 0 0 0 0 0 0 0 0 0 0 0 0 0 0 0 0 0 0 0 0 0 0 0 0 0 0 0 0 0 0 0 0 0 0 0 0 0 0 0 0 0 0 0 0 0 0 0 0 77 68 79 32 101 120 116 114 97 32 100 97 116 97 32 108 111 99 107 0 0 0 0 0 0 0 0 0 0 0 0 0 0 0 0 0 0 0 0 0 0 0 0 0 0 0 0 0 0 0 0 0 0 0 0 0 0 0 0 0 0 0 0 0 1 0 0 0 0 0 0 0 0 0 0 0 0 0 0 0 0 0 0 0 0 0 0 0 0 0 0 0 0 0 0 0 0 0 0 0 0 0 0 0 0 0 0 0 0 0 0 0 0 0 0 0 0 0 0 0 0 0 0 0 0 0 0 0 0 0 0 0 0 0 0 0 128 1 0 0 17 164 0 0 1 0 0 0 0 0 0 0 0 0 0 0 2 0 0 0 0 0 31 0 2 0 0 0 176 3 0 0 255 255 255 255 5 0 3 0 0 0 0 0 data 118 0x30005 0x0 0x2288dfd0 0x1482 0x0 0x0 0x60005 0x0 0x1b77a3e0 0x1482 0x0 0x0 0xc0005 0x73 0x2288dfd0 0x140f 0x0 0x0 0xf0005 0x0 0x2572a6f0 0x1482 0x0 0x0 0x120005 0x0 0x1b7785e0 0x1482 0x0 0x0 0x180005 0x0 0x1b7785e0 0x1482 0x0 0x0 0x230002 0x1482 0x290005 0x0 0x0 0x0 0x0 0x0 0x2c0005 0x0 0x0 0x0 0x0 0x0 0x310007 0x0 0x1a0 0x0 0x350005 0x0 0x0 0x0 0x0 0x0 0x440005 0x0 0x0 0x0 0x0 0x0 0x470005 0x0 0x0 0x0 0x0 0x0 0x4a0004 0x0 0x0 0x0 0x0 0x0 0x4e0005 0x0 0x0 0x0 0x0 0x0 0x510004 0x0 0x0 0x0 0x0 0x0 0x520005 0x0 0x0 0x0 0x0 0x0 0x560005 0x0 0x0 0x0 0x0 0x0 0x5c0007 0x0 0x80 0x0 0x600005 0x0 0x0 0x0 0x0 0x0 0x630005 0x0 0x0 0x0 0x0 0x0 oops 6 2 org/apache/catalina/webresources/JarResource 8 org/apache/catalina/webresources/JarResourceSet 14 org/apache/catalina/webresources/JarResource 20 java/util/jar/JarFile$JarFileEntry 26 java/util/jar/JarFile 32 java/util/jar/JarFile
ciMethodData org/apache/catalina/webresources/AbstractArchiveResource$JarInputStreamWrapper <init> (Lorg/apache/catalina/webresources/AbstractArchiveResource;Ljava/util/jar/JarEntry;Ljava/io/InputStream;)V 2 5634 orig 264 152 98 115 94 0 0 0 0 192 56 121 32 0 0 0 0 88 1 0 0 0 0 0 0 0 0 0 0 0 0 0 0 0 0 0 0 0 0 0 0 0 0 0 0 0 0 0 0 0 0 0 0 0 0 0 0 0 0 0 0 0 0 0 0 0 0 0 0 0 0 0 0 0 0 0 0 0 0 0 0 77 68 79 32 101 120 116 114 97 32 100 97 116 97 32 108 111 99 107 0 0 0 0 0 0 0 0 0 0 0 0 0 0 0 0 0 0 0 0 0 0 0 0 0 0 0 0 0 0 0 0 0 0 0 0 0 0 0 0 0 0 0 0 0 0 0 0 0 0 0 0 0 0 0 0 0 0 0 0 0 0 0 0 0 0 0 0 0 0 0 0 0 0 0 0 0 0 0 0 0 0 0 0 0 0 0 0 0 0 0 0 0 0 0 0 0 0 0 0 0 0 0 0 0 0 0 0 0 0 0 0 0 0 0 0 0 128 1 0 0 17 164 0 0 1 0 0 0 0 0 0 0 0 0 0 0 2 0 0 0 0 0 6 0 2 0 0 0 32 0 0 0 255 255 255 255 2 0 6 0 0 0 0 0 data 4 0x60002 0x1482 0xf0002 0x1482 oops 0
ciMethodData org/apache/catalina/webresources/AbstractArchiveResource$JarInputStreamWrapper close ()V 2 8331 orig 264 152 98 115 94 0 0 0 0 16 61 121 32 0 0 0 0 8 2 0 0 96 0 0 0 0 0 0 0 0 0 0 0 0 0 0 0 0 0 0 0 0 0 0 0 0 0 0 0 0 0 0 0 0 0 0 0 0 0 0 0 0 0 0 0 0 0 0 0 0 0 0 0 0 0 0 0 0 0 0 0 77 68 79 32 101 120 116 114 97 32 100 97 116 97 32 108 111 99 107 0 0 0 0 0 0 0 0 0 0 0 0 0 0 0 0 0 0 0 0 0 0 0 0 0 0 0 0 0 0 0 0 0 0 0 0 0 0 0 0 0 0 0 0 0 0 0 0 0 0 0 0 0 0 0 0 0 0 0 0 0 0 0 0 0 0 0 0 0 0 0 0 0 0 0 0 0 0 0 0 0 0 0 0 0 0 0 0 0 0 0 0 0 0 0 0 0 0 0 0 0 0 0 0 0 0 0 0 0 0 0 0 0 0 0 0 0 128 1 0 0 89 248 0 0 1 0 0 0 0 0 0 0 0 0 0 0 2 0 0 0 0 0 16 0 2 0 0 0 192 0 0 0 255 255 255 255 5 0 6 0 0 0 0 0 data 24 0x60005 0x0 0x1d3f00c0 0x1f0b 0x0 0x0 0x90007 0x0 0x60 0x1f0b 0x100002 0x1f0b 0x130005 0x0 0x1b77a3e0 0x1f0b 0x0 0x0 0x1a0005 0x0 0x21295c00 0x1e9f 0x1d3ee350 0x6c oops 4 2 java/util/concurrent/atomic/AtomicBoolean 14 org/apache/catalina/webresources/JarResourceSet 20 java/util/zip/ZipFile$ZipFileInflaterInputStream 22 java/util/jar/JarVerifier$VerifierStream
ciMethodData sun/util/calendar/AbstractCalendar getTime (Lsun/util/calendar/CalendarDate;)J 2 5379 orig 264 152 98 115 94 0 0 0 0 192 181 202 23 0 0 0 0 104 5 0 0 184 3 0 0 0 0 0 0 0 0 0 0 0 0 0 0 0 0 0 0 0 0 0 0 0 0 0 0 0 0 0 0 0 0 0 0 0 0 0 0 0 0 0 0 0 0 0 0 0 0 0 0 0 0 0 0 0 0 0 0 77 68 79 32 101 120 116 114 97 32 100 97 116 97 32 108 111 99 107 0 0 0 0 0 0 0 0 0 0 0 0 0 0 0 0 0 0 0 0 0 0 0 0 0 0 0 0 0 0 0 0 0 0 0 0 0 0 0 0 0 0 0 0 0 0 0 0 0 0 0 0 0 0 0 0 0 0 0 0 0 0 0 0 0 0 0 0 0 0 0 0 0 0 0 0 0 0 0 0 0 0 0 0 0 0 0 0 0 0 0 0 0 0 0 0 0 0 0 0 0 0 0 0 0 0 0 0 0 0 0 0 0 0 0 0 0 128 1 0 0 25 156 0 0 1 0 0 0 0 0 0 0 0 0 0 0 2 0 0 0 0 0 20 0 2 0 0 0 24 4 0 0 255 255 255 255 5 0 2 0 0 0 0 0 data 131 0x20005 0x0 0x23d159d0 0x1383 0x0 0x0 0x110005 0x0 0x23d159d0 0x1383 0x0 0x0 0x1b0005 0x0 0x23d15a80 0x1383 0x0 0x0 0x220007 0x10 0x358 0x1373 0x260005 0x0 0x23d15a80 0x1373 0x0 0x0 0x290007 0x1373 0x50 0x0 0x2f0005 0x0 0x0 0x0 0x0 0x0 0x3b0005 0x0 0x23d15a80 0x1373 0x0 0x0 0x3e0007 0x1373 0x160 0x0 0x430004 0x0 0x0 0x0 0x0 0x0 0x460007 0x0 0x98 0x0 0x4b0004 0x0 0x0 0x0 0x0 0x0 0x520005 0x0 0x0 0x0 0x0 0x0 0x5c0003 0x0 0x1b8 0x650005 0x0 0x0 0x0 0x0 0x0 0x6a0005 0x0 0x0 0x0 0x0 0x0 0x6f0003 0x0 0x140 0x740004 0x0 0x1ca32830 0x1373 0x0 0x0 0x770007 0x0 0x98 0x1373 0x7c0004 0x0 0x1ca32830 0x1373 0x0 0x0 0x830005 0x0 0x1ca32830 0x1373 0x0 0x0 0x880003 0x1373 0x78 0x910005 0x0 0x0 0x0 0x0 0x0 0x960005 0x0 0x0 0x0 0x0 0x0 0xa70005 0x0 0x23d159d0 0x1383 0x0 0x0 oops 9 2 sun/util/calendar/Gregorian 8 sun/util/calendar/Gregorian 14 sun/util/calendar/Gregorian$Date 24 sun/util/calendar/Gregorian$Date 40 sun/util/calendar/Gregorian$Date 90 sun/util/calendar/ZoneInfo 100 sun/util/calendar/ZoneInfo 106 sun/util/calendar/ZoneInfo 127 sun/util/calendar/Gregorian
ciMethodData sun/util/calendar/AbstractCalendar getTimeOfDay (Lsun/util/calendar/CalendarDate;)J 2 5588 orig 264 152 98 115 94 0 0 0 0 112 182 202 23 0 0 0 0 0 2 0 0 48 0 0 0 0 0 0 0 0 0 0 0 0 0 0 0 0 0 0 0 0 0 0 0 0 0 0 0 0 0 0 0 0 0 0 0 0 0 0 0 0 0 0 0 0 0 0 0 0 0 0 0 0 0 0 0 0 0 0 0 77 68 79 32 101 120 116 114 97 32 100 97 116 97 32 108 111 99 107 0 0 0 0 0 0 0 0 0 0 0 0 0 0 0 0 0 0 0 0 0 0 0 0 0 0 0 0 0 0 0 0 0 0 0 0 0 0 0 0 0 0 0 0 0 0 0 0 0 0 0 0 0 0 0 0 0 0 0 0 0 0 0 0 0 0 0 0 0 0 0 0 0 0 0 0 0 0 0 0 0 0 0 0 0 0 0 0 0 0 0 0 0 0 0 0 0 0 0 0 0 0 0 0 0 0 0 0 0 0 0 0 0 0 0 0 0 128 1 0 0 161 162 0 0 1 0 0 0 0 0 0 0 0 0 0 0 2 0 0 0 0 0 8 0 2 0 0 0 176 0 0 0 255 255 255 255 5 0 1 0 0 0 0 0 data 22 0x10005 0x0 0x23d15a80 0x1454 0x0 0x0 0xa0007 0x1454 0x20 0x0 0x110005 0x0 0x23d159d0 0x1454 0x0 0x0 0x170005 0x0 0x23d15a80 0x1454 0x0 0x0 oops 3 2 sun/util/calendar/Gregorian$Date 12 sun/util/calendar/Gregorian 18 sun/util/calendar/Gregorian$Date
ciMethodData sun/util/calendar/ZoneInfo getOffsetsByWall (J[I)I 2 6767 orig 264 152 98 115 94 0 0 0 0 240 16 203 23 0 0 0 0 72 1 0 0 0 0 0 0 0 0 0 0 0 0 0 0 0 0 0 0 0 0 0 0 0 0 0 0 0 0 0 0 0 0 0 0 0 0 0 0 0 0 0 0 0 0 0 0 0 0 0 0 0 0 0 0 0 0 0 0 0 0 0 0 77 68 79 32 101 120 116 114 97 32 100 97 116 97 32 108 111 99 107 0 0 0 0 0 0 0 0 0 0 0 0 0 0 0 0 0 0 0 0 0 0 0 0 0 0 0 0 0 0 0 0 0 0 0 0 0 0 0 0 0 0 0 0 0 0 0 0 0 0 0 0 0 0 0 0 0 0 0 0 0 0 0 0 0 0 0 0 0 0 0 0 0 0 0 0 0 0 0 0 0 0 0 0 0 0 0 0 0 0 0 0 0 0 0 0 0 0 0 0 0 0 0 0 0 0 0 0 0 0 0 0 0 0 0 0 0 168 0 0 0 57 206 0 0 1 0 0 0 0 0 0 0 0 0 0 0 2 0 0 0 0 0 3 0 2 0 0 0 16 0 0 0 255 255 255 255 2 0 4 0 0 0 0 0 data 2 0x40002 0x19c7 oops 0
ciMethodData sun/util/calendar/BaseCalendar getFixedDate (Lsun/util/calendar/CalendarDate;)J 2 5505 orig 264 152 98 115 94 0 0 0 0 144 151 202 23 0 0 0 0 240 2 0 0 80 0 0 0 0 0 0 0 0 0 0 0 0 0 0 0 0 0 0 0 0 0 0 0 0 0 0 0 0 0 0 0 0 0 0 0 0 0 0 0 0 0 0 0 0 0 0 0 0 0 0 0 0 0 0 0 0 0 0 0 77 68 79 32 101 120 116 114 97 32 100 97 116 97 32 108 111 99 107 0 0 0 0 0 0 0 0 0 0 0 0 0 0 0 0 0 0 0 0 0 0 0 0 0 0 0 0 0 0 0 0 0 0 0 0 0 0 0 0 0 0 0 0 0 0 0 0 0 0 0 0 0 0 0 0 0 0 0 0 0 0 0 0 0 0 0 0 0 0 0 0 0 0 0 0 0 0 0 0 0 0 0 0 0 0 0 0 0 0 0 0 0 0 0 0 0 0 0 0 0 0 0 0 0 0 0 0 0 0 0 0 0 0 0 0 0 128 1 0 0 9 160 0 0 1 0 0 0 0 0 0 0 0 0 0 0 2 0 0 0 0 0 6 0 2 0 0 0 160 1 0 0 255 255 255 255 5 0 1 0 0 0 0 0 data 52 0x10005 0x0 0x23d15a80 0x1401 0x0 0x0 0x40007 0x0 0x50 0x1401 0x90005 0x0 0x23d159d0 0x1401 0x0 0x0 0xe0004 0x0 0x23d15a80 0x1401 0x0 0x0 0x110005 0x0 0x23d15a80 0x1401 0x0 0x0 0x150005 0x0 0x23d15a80 0x1401 0x0 0x0 0x190005 0x0 0x23d15a80 0x1401 0x0 0x0 0x1d0004 0x0 0x23d15a80 0x1401 0x0 0x0 0x200005 0x0 0x23d159d0 0x1401 0x0 0x0 oops 8 2 sun/util/calendar/Gregorian$Date 12 sun/util/calendar/Gregorian 18 sun/util/calendar/Gregorian$Date 24 sun/util/calendar/Gregorian$Date 30 sun/util/calendar/Gregorian$Date 36 sun/util/calendar/Gregorian$Date 42 sun/util/calendar/Gregorian$Date 48 sun/util/calendar/Gregorian
ciMethodData java/util/Date getTime ()J 2 5934 orig 264 152 98 115 94 0 0 0 0 32 46 202 23 0 0 0 0 48 1 0 0 0 0 0 0 0 0 0 0 0 0 0 0 0 0 0 0 0 0 0 0 0 0 0 0 0 0 0 0 0 0 0 0 0 0 0 0 0 0 0 0 0 0 0 0 0 0 0 0 0 0 0 0 0 0 0 0 0 0 0 0 77 68 79 32 101 120 116 114 97 32 100 97 116 97 32 108 111 99 107 0 0 0 0 0 0 0 0 0 0 0 0 0 0 0 0 0 0 0 0 0 0 0 0 0 0 0 0 0 0 0 0 0 0 0 0 0 0 0 0 0 0 0 0 0 0 0 0 0 0 0 0 0 0 0 0 0 0 0 0 0 0 0 0 0 0 0 0 0 0 0 0 0 0 0 0 0 0 0 0 0 0 0 0 0 0 0 0 0 0 0 0 0 0 0 0 0 0 0 0 0 0 0 0 0 0 0 0 0 0 0 0 0 0 0 0 0 0 1 0 0 113 177 0 0 1 0 0 0 0 0 0 0 0 0 0 0 2 0 0 0 0 0 9 0 2 0 0 0 16 0 0 0 255 255 255 255 2 0 1 0 0 0 0 0 data 2 0x10002 0x162e oops 0
ciMethodData java/util/concurrent/atomic/AtomicBoolean <init> (Z)V 2 6006 orig 264 152 98 115 94 0 0 0 0 216 225 194 27 0 0 0 0 112 1 0 0 0 0 0 0 0 0 0 0 0 0 0 0 0 0 0 0 0 0 0 0 0 0 0 0 0 0 0 0 0 0 0 0 0 0 0 0 0 0 0 0 0 0 0 0 0 0 0 0 0 0 0 0 0 0 0 0 0 0 0 0 77 68 79 32 101 120 116 114 97 32 100 97 116 97 32 108 111 99 107 0 0 0 0 0 0 0 0 0 0 0 0 0 0 0 0 0 0 0 0 0 0 0 0 0 0 0 0 0 0 0 0 0 0 0 0 0 0 0 0 0 0 0 0 0 0 0 0 0 0 0 0 0 0 0 0 0 0 0 0 0 0 0 0 0 0 0 0 0 0 0 0 0 0 0 0 0 0 0 0 0 0 0 0 0 0 0 0 0 0 0 0 0 0 0 0 0 0 0 0 0 0 0 0 0 0 0 0 0 0 0 0 0 0 0 0 0 0 1 0 0 177 179 0 0 1 0 0 0 0 0 0 0 0 0 0 0 2 0 0 0 0 0 6 0 2 0 0 0 72 0 0 0 255 255 255 255 2 0 1 0 0 0 0 0 data 9 0x10002 0x1675 0x60007 0x1675 0x38 0x0 0xa0003 0x0 0x18 oops 0
ciMethodData java/util/zip/ZipEntry getTime ()J 2 5422 orig 264 152 98 115 94 0 0 0 0 128 54 188 23 0 0 0 0 224 1 0 0 32 0 0 0 0 0 0 0 0 0 0 0 0 0 0 0 0 0 0 0 0 0 0 0 0 0 0 0 0 0 0 0 0 0 0 0 0 0 0 0 0 0 0 0 0 0 0 0 0 0 0 0 0 0 0 0 0 0 0 0 77 68 79 32 101 120 116 114 97 32 100 97 116 97 32 108 111 99 107 0 0 0 0 0 0 0 0 0 0 0 0 0 0 0 0 0 0 0 0 0 0 0 0 0 0 0 0 0 0 0 0 0 0 0 0 0 0 0 0 0 0 0 0 0 0 0 0 0 0 0 0 0 0 0 0 0 0 0 0 0 0 0 0 0 0 0 0 0 0 0 0 0 0 0 0 0 0 0 0 0 0 0 0 0 0 0 0 0 0 0 0 0 0 0 0 0 0 0 0 0 0 0 0 0 0 0 0 0 0 0 0 0 0 0 0 0 0 1 0 0 113 161 0 0 1 0 0 0 0 0 0 0 0 0 0 0 2 0 0 0 0 0 8 0 2 0 0 0 152 0 0 0 255 255 255 255 7 0 4 0 0 0 0 0 data 19 0x40007 0x13a5 0x50 0x89 0xb0005 0x0 0x2572bbd0 0x89 0x0 0x0 0x170007 0x0 0x48 0x13a5 0x1e0002 0x13a5 0x210003 0x13a5 0x18 oops 1 6 java/nio/file/attribute/FileTime
ciMethodData java/nio/file/attribute/FileTime toMillis ()J 1 519 orig 264 152 98 115 94 0 0 0 0 232 28 118 32 0 0 0 0 128 2 0 0 32 0 0 0 0 0 0 0 0 0 0 0 0 0 0 0 0 0 0 0 0 0 0 0 0 0 0 0 0 0 0 0 0 0 0 0 0 0 0 0 0 0 0 0 0 0 0 0 0 0 0 0 0 0 0 0 0 0 0 0 77 68 79 32 101 120 116 114 97 32 100 97 116 97 32 108 111 99 107 0 0 0 0 0 0 0 0 0 0 0 0 0 0 0 0 0 0 0 0 0 0 0 0 0 0 0 0 0 0 0 0 0 0 0 0 0 0 0 0 0 0 0 0 0 0 0 0 0 0 0 0 0 0 0 0 0 0 0 0 0 0 0 0 0 0 0 0 0 0 0 0 0 0 0 0 0 0 0 0 0 0 0 0 0 0 0 0 0 0 0 0 0 0 0 0 0 0 0 0 0 0 0 0 0 0 0 0 0 0 0 0 0 0 0 0 0 31 0 0 0 65 15 0 0 1 0 0 0 0 0 0 0 0 0 0 0 2 0 0 0 0 0 17 0 2 0 0 0 56 1 0 0 255 255 255 255 7 0 4 0 0 0 0 0 data 39 0x40007 0x0 0x50 0x1e8 0xf0005 0x0 0x2311ac10 0x1e8 0x0 0x0 0x170005 0x0 0x0 0x0 0x0 0x0 0x1f0005 0x0 0x0 0x0 0x0 0x0 0x2b0002 0x0 0x3b0007 0x0 0x78 0x0 0x460007 0x0 0x58 0x0 0x4c0007 0x0 0x38 0x0 0x520003 0x0 0x18 oops 1 6 java/util/concurrent/TimeUnit$4
ciMethodData java/util/zip/ZipUtils extendedDosToJavaTime (J)J 2 5254 orig 264 152 98 115 94 0 0 0 0 8 26 188 23 0 0 0 0 96 1 0 0 0 0 0 0 0 0 0 0 0 0 0 0 0 0 0 0 0 0 0 0 0 0 0 0 0 0 0 0 0 0 0 0 0 0 0 0 0 0 0 0 0 0 0 0 0 0 0 0 0 0 0 0 0 0 0 0 0 0 0 0 77 68 79 32 101 120 116 114 97 32 100 97 116 97 32 108 111 99 107 0 0 0 0 0 0 0 0 0 0 0 0 0 0 0 0 0 0 0 0 0 0 0 0 0 0 0 0 0 0 0 0 0 0 0 0 0 0 0 0 0 0 0 0 0 0 0 0 0 0 0 0 0 0 0 0 0 0 0 0 0 0 0 0 0 0 0 0 0 0 0 0 0 0 0 0 0 0 0 0 0 0 0 0 0 0 0 0 0 0 0 0 0 0 0 0 0 0 0 0 0 0 0 0 0 0 0 0 0 0 0 0 0 0 0 0 0 225 0 0 0 41 157 0 0 1 0 0 0 0 0 0 0 0 0 0 0 2 0 0 0 0 0 0 0 0 0 0 0 16 0 0 0 255 255 255 255 2 0 1 0 0 0 0 0 data 2 0x10002 0x13a5 oops 0
ciMethodData java/util/zip/ZipUtils dosToJavaTime (J)J 2 5254 orig 264 152 98 115 94 0 0 0 0 104 25 188 23 0 0 0 0 144 1 0 0 0 0 0 0 0 0 0 0 0 0 0 0 0 0 0 0 0 0 0 0 0 0 0 0 0 0 0 0 0 0 0 0 0 0 0 0 0 0 0 0 0 0 0 0 0 0 0 0 0 0 0 0 0 0 0 0 0 0 0 0 77 68 79 32 101 120 116 114 97 32 100 97 116 97 32 108 111 99 107 0 0 0 0 0 0 0 0 0 0 0 0 0 0 0 0 0 0 0 0 0 0 0 0 0 0 0 0 0 0 0 0 0 0 0 0 0 0 0 0 0 0 0 0 0 0 0 0 0 0 0 0 0 0 0 0 0 0 0 0 0 0 0 0 0 0 0 0 0 0 0 0 0 0 0 0 0 0 0 0 0 0 0 0 0 0 0 0 0 0 0 0 0 0 0 0 0 0 0 0 0 0 0 0 0 0 0 0 0 0 0 0 0 0 0 0 0 225 0 0 0 41 157 0 0 1 0 0 0 0 0 0 0 0 0 0 0 2 0 0 0 0 0 10 0 2 0 0 0 64 0 0 0 255 255 255 255 2 0 62 0 0 0 0 0 data 8 0x3e0002 0x13a5 0x430005 0x0 0x2311fef0 0x13a5 0x0 0x0 oops 1 4 java/util/Date
ciMethodData java/util/concurrent/atomic/AtomicBoolean compareAndSet (ZZ)Z 2 5746 orig 264 152 98 115 94 0 0 0 0 200 227 194 27 0 0 0 0 248 1 0 0 88 0 0 0 0 0 0 0 0 0 0 0 0 0 0 0 0 0 0 0 0 0 0 0 0 0 0 0 0 0 0 0 0 0 0 0 0 0 0 0 0 0 0 0 0 0 0 0 0 0 0 0 0 0 0 0 0 0 0 0 77 68 79 32 101 120 116 114 97 32 100 97 116 97 32 108 111 99 107 0 0 0 0 0 0 0 0 0 0 0 0 0 0 0 0 0 0 0 0 0 0 0 0 0 0 0 0 0 0 0 0 0 0 0 0 0 0 0 0 0 0 0 0 0 0 0 0 0 0 0 0 0 0 0 0 0 0 0 0 0 0 0 0 0 0 0 0 0 0 0 0 0 0 0 0 0 0 0 0 0 0 0 0 0 0 0 0 0 0 0 0 0 0 0 0 0 0 0 0 0 0 0 0 0 0 0 0 0 0 0 0 0 0 0 0 0 129 1 0 0 137 167 0 0 1 0 0 0 0 0 0 0 0 0 0 0 2 0 0 0 0 0 9 0 2 0 0 0 160 0 0 0 255 255 255 255 7 0 1 0 0 0 0 0 data 20 0x10007 0x14f1 0x38 0x0 0x50003 0x0 0x18 0xb0007 0x0 0x38 0x14f1 0xf0003 0x14f1 0x18 0x1f0005 0x0 0x0 0x0 0x0 0x0 oops 0
ciMethodData java/util/Date <init> (IIIIII)V 2 5254 orig 264 152 98 115 94 0 0 0 0 216 27 202 23 0 0 0 0 240 2 0 0 120 0 0 0 0 0 0 0 0 0 0 0 0 0 0 0 0 0 0 0 0 0 0 0 0 0 0 0 0 0 0 0 0 0 0 0 0 0 0 0 0 0 0 0 0 0 0 0 0 0 0 0 0 0 0 0 0 0 0 0 77 68 79 32 101 120 116 114 97 32 100 97 116 97 32 108 111 99 107 0 0 0 0 0 0 0 0 0 0 0 0 0 0 0 0 0 0 0 0 0 0 0 0 0 0 0 0 0 0 0 0 0 0 0 0 0 0 0 0 0 0 0 0 0 0 0 0 0 0 0 0 0 0 0 0 0 0 0 0 0 0 0 0 0 0 0 0 0 0 0 0 0 0 0 0 0 0 0 0 0 0 0 0 0 0 0 0 0 0 0 0 0 0 0 0 0 0 0 0 0 0 0 0 0 0 0 0 0 0 0 0 0 0 0 0 0 0 1 0 0 49 156 0 0 1 0 0 0 0 0 0 0 0 0 0 0 2 0 0 0 0 0 61 0 2 0 0 0 120 1 0 0 255 255 255 255 2 0 1 0 0 0 0 0 data 47 0x10002 0x1386 0xe0007 0x1386 0x38 0x0 0x1f0003 0x0 0x58 0x230007 0x1386 0x40 0x0 0x2b0002 0x0 0x340002 0x0 0x3a0002 0x1386 0x420002 0x1386 0x450005 0x0 0x23d159d0 0x1386 0x0 0x0 0x480004 0x0 0x23d15a80 0x1386 0x0 0x0 0x580005 0x0 0x23d15a80 0x1386 0x0 0x0 0x620005 0x0 0x23d15a80 0x1386 0x0 0x0 0x670002 0x1386 oops 4 23 sun/util/calendar/Gregorian 29 sun/util/calendar/Gregorian$Date 35 sun/util/calendar/Gregorian$Date 41 sun/util/calendar/Gregorian$Date
ciMethodData sun/util/calendar/BaseCalendar$Date setNormalizedDate (III)Lsun/util/calendar/BaseCalendar$Date; 2 5254 orig 264 152 98 115 94 0 0 0 0 40 234 203 23 0 0 0 0 240 1 0 0 0 0 0 0 0 0 0 0 0 0 0 0 0 0 0 0 0 0 0 0 0 0 0 0 0 0 0 0 0 0 0 0 0 0 0 0 0 0 0 0 0 0 0 0 0 0 0 0 0 0 0 0 0 0 0 0 0 0 0 0 77 68 79 32 101 120 116 114 97 32 100 97 116 97 32 108 111 99 107 0 0 0 0 0 0 0 0 0 0 0 0 0 0 0 0 0 0 0 0 0 0 0 0 0 0 0 0 0 0 0 0 0 0 0 0 0 0 0 0 0 0 0 0 0 0 0 0 0 0 0 0 0 0 0 0 0 0 0 0 0 0 0 0 0 0 0 0 0 0 0 0 0 0 0 0 0 0 0 0 0 0 0 0 0 0 0 0 0 0 0 0 0 0 0 0 0 0 0 0 0 0 0 0 0 0 0 0 0 0 0 0 0 0 0 0 0 0 1 0 0 49 156 0 0 1 0 0 0 0 0 0 0 0 0 0 0 2 0 0 0 0 0 11 0 2 0 0 0 144 0 0 0 255 255 255 255 5 0 2 0 0 0 0 0 data 18 0x20005 0x0 0x23d15a80 0x1386 0x0 0x0 0x70005 0x0 0x23d15a80 0x1386 0x0 0x0 0xb0005 0x0 0x23d15a80 0x1386 0x0 0x0 oops 3 2 sun/util/calendar/Gregorian$Date 8 sun/util/calendar/Gregorian$Date 14 sun/util/calendar/Gregorian$Date
ciMethodData sun/util/calendar/Gregorian getCalendarDate (JLsun/util/calendar/CalendarDate;)Lsun/util/calendar/CalendarDate; 2 5588 orig 264 152 98 115 94 0 0 0 0 248 124 202 23 0 0 0 0 144 1 0 0 0 0 0 0 0 0 0 0 0 0 0 0 0 0 0 0 0 0 0 0 0 0 0 0 0 0 0 0 0 0 0 0 0 0 0 0 0 0 0 0 0 0 0 0 0 0 0 0 0 0 0 0 0 0 0 0 0 0 0 0 77 68 79 32 101 120 116 114 97 32 100 97 116 97 32 108 111 99 107 0 0 0 0 0 0 0 0 0 0 0 0 0 0 0 0 0 0 0 0 0 0 0 0 0 0 0 0 0 0 0 0 0 0 0 0 0 0 0 0 0 0 0 0 0 0 0 0 0 0 0 0 0 0 0 0 0 0 0 0 0 0 0 0 0 0 0 0 0 0 0 0 0 0 0 0 0 0 0 0 0 0 0 0 0 0 0 0 0 0 0 0 0 0 0 0 0 0 0 0 0 0 0 0 0 0 0 0 0 0 0 0 0 0 0 0 0 0 2 0 0 161 158 0 0 1 0 0 0 0 0 0 0 0 0 0 0 2 0 0 0 0 0 3 0 2 0 0 0 48 0 0 0 255 255 255 255 5 0 3 0 0 0 0 0 data 6 0x30005 0x0 0x23d159d0 0x13d4 0x0 0x0 oops 1 2 sun/util/calendar/Gregorian
ciMethodData java/util/jar/JarVerifier$VerifierStream close ()V 2 4532 orig 264 152 98 115 94 0 0 0 0 128 78 130 29 0 0 0 0 152 1 0 0 0 0 0 0 0 0 0 0 0 0 0 0 0 0 0 0 0 0 0 0 0 0 0 0 0 0 0 0 0 0 0 0 0 0 0 0 0 0 0 0 0 0 0 0 0 0 0 0 0 0 0 0 0 0 0 0 0 0 0 0 77 68 79 32 101 120 116 114 97 32 100 97 116 97 32 108 111 99 107 0 0 0 0 0 0 0 0 0 0 0 0 0 0 0 0 0 0 0 0 0 0 0 0 0 0 0 0 0 0 0 0 0 0 0 0 0 0 0 0 0 0 0 0 0 0 0 0 0 0 0 0 0 0 0 0 0 0 0 0 0 0 0 0 0 0 0 0 0 0 0 0 0 0 0 0 0 0 0 0 0 0 0 0 0 0 0 0 0 0 0 0 0 0 0 0 0 0 0 0 0 0 0 0 0 0 0 0 0 0 0 0 0 0 0 0 0 5 1 0 0 121 133 0 0 1 0 0 0 0 0 0 0 0 0 0 0 2 0 0 0 0 0 6 0 2 0 0 0 80 0 0 0 255 255 255 255 7 0 4 0 0 0 0 0 data 10 0x40007 0x0 0x50 0x10af 0xb0005 0x0 0x21295c00 0x10af 0x0 0x0 oops 1 6 java/util/zip/ZipFile$ZipFileInflaterInputStream
ciMethodData java/util/concurrent/CopyOnWriteArrayList size ()I 2 9247 orig 264 152 98 115 94 0 0 0 0 144 33 189 23 0 0 0 0 120 1 0 0 0 0 0 0 0 0 0 0 0 0 0 0 0 0 0 0 0 0 0 0 0 0 0 0 0 0 0 0 0 0 0 0 0 0 0 0 0 0 0 0 0 0 0 0 0 0 0 0 0 0 0 0 0 0 0 0 0 0 0 0 77 68 79 32 101 120 116 114 97 32 100 97 116 97 32 108 111 99 107 0 0 0 0 0 0 0 0 0 0 0 0 0 0 0 0 0 0 0 0 0 0 0 0 0 0 0 0 0 0 0 0 0 0 0 0 0 0 0 0 0 0 0 0 0 0 0 0 0 0 0 0 0 0 0 0 0 0 0 0 0 0 0 0 0 0 0 0 0 0 0 0 0 0 0 0 0 0 0 0 0 0 0 0 0 0 0 0 0 0 0 0 0 0 0 0 0 0 0 0 0 0 0 0 0 0 0 0 0 0 0 0 0 0 0 0 0 0 2 0 0 249 16 1 0 1 0 0 0 0 0 0 0 0 0 0 0 2 0 0 0 0 0 3 0 2 0 0 0 48 0 0 0 255 255 255 255 5 0 1 0 0 0 0 0 data 6 0x10005 0x170 0x2288e130 0x20ae 0x229b9e20 0x1 oops 2 2 java/util/concurrent/CopyOnWriteArrayList 4 org/springframework/beans/factory/support/AbstractBeanFactory$BeanPostProcessorCacheAwareList
ciMethodData org/apache/catalina/webresources/AbstractArchiveResource getContentLength ()J 2 5109 orig 264 152 98 115 94 0 0 0 0 192 39 121 32 0 0 0 0 200 1 0 0 48 0 0 0 0 0 0 0 0 0 0 0 0 0 0 0 0 0 0 0 0 0 0 0 0 0 0 0 0 0 0 0 0 0 0 0 0 0 0 0 0 0 0 0 0 0 0 0 0 0 0 0 0 0 0 0 0 0 0 0 77 68 79 32 101 120 116 114 97 32 100 97 116 97 32 108 111 99 107 0 0 0 0 0 0 0 0 0 0 0 0 0 0 0 0 0 0 0 0 0 0 0 0 0 0 0 0 0 0 0 0 0 0 0 0 0 0 0 0 0 0 0 0 0 0 0 0 0 0 0 0 0 0 0 0 0 0 0 0 0 0 0 0 0 0 0 0 0 0 0 0 0 0 0 0 0 0 0 0 0 0 0 0 0 0 0 0 0 0 0 0 0 0 0 0 0 0 0 0 0 0 0 0 0 0 0 0 0 0 0 0 0 0 0 0 0 1 1 0 0 161 151 0 0 1 0 0 0 0 0 0 0 0 0 0 0 2 0 0 0 0 0 5 0 2 0 0 0 128 0 0 0 255 255 255 255 5 0 1 0 0 0 0 0 data 16 0x10005 0x0 0x2288dfd0 0x12f4 0x0 0x0 0x40007 0x12f2 0x20 0x2 0xf0005 0x0 0x2572a6f0 0x12f2 0x0 0x0 oops 2 2 org/apache/catalina/webresources/JarResource 12 java/util/jar/JarFile$JarFileEntry
ciMethodData org/apache/catalina/webresources/AbstractArchiveResource$JarInputStreamWrapper getCertificates ()[Ljava/security/cert/Certificate; 2 5051 orig 264 152 98 115 94 0 0 0 0 216 63 121 32 0 0 0 0 120 1 0 0 0 0 0 0 0 0 0 0 0 0 0 0 0 0 0 0 0 0 0 0 0 0 0 0 0 0 0 0 0 0 0 0 0 0 0 0 0 0 0 0 0 0 0 0 0 0 0 0 0 0 0 0 0 0 0 0 0 0 0 0 77 68 79 32 101 120 116 114 97 32 100 97 116 97 32 108 111 99 107 0 0 0 0 0 0 0 0 0 0 0 0 0 0 0 0 0 0 0 0 0 0 0 0 0 0 0 0 0 0 0 0 0 0 0 0 0 0 0 0 0 0 0 0 0 0 0 0 0 0 0 0 0 0 0 0 0 0 0 0 0 0 0 0 0 0 0 0 0 0 0 0 0 0 0 0 0 0 0 0 0 0 0 0 0 0 0 0 0 0 0 0 0 0 0 0 0 0 0 0 0 0 0 0 0 0 0 0 0 0 0 0 0 0 0 0 0 0 1 0 0 217 149 0 0 1 0 0 0 0 0 0 0 0 0 0 0 2 0 0 0 0 0 0 0 0 0 0 0 48 0 0 0 255 255 255 255 5 0 4 0 0 0 0 0 data 6 0x40005 0x0 0x2572a6f0 0x12bb 0x0 0x0 oops 1 2 java/util/jar/JarFile$JarFileEntry
ciMethodData org/apache/catalina/webresources/AbstractArchiveResource getCertificates ()[Ljava/security/cert/Certificate; 2 5002 orig 264 152 98 115 94 0 0 0 0 224 47 121 32 0 0 0 0 80 1 0 0 0 0 0 0 0 0 0 0 0 0 0 0 0 0 0 0 0 0 0 0 0 0 0 0 0 0 0 0 0 0 0 0 0 0 0 0 0 0 0 0 0 0 0 0 0 0 0 0 0 0 0 0 0 0 0 0 0 0 0 0 77 68 79 32 101 120 116 114 97 32 100 97 116 97 32 108 111 99 107 0 0 0 0 0 0 0 0 0 0 0 0 0 0 0 0 0 0 0 0 0 0 0 0 0 0 0 0 0 0 0 0 0 0 0 0 0 0 0 0 0 0 0 0 0 0 0 0 0 0 0 0 0 0 0 0 0 0 0 0 0 0 0 0 0 0 0 0 0 0 0 0 0 0 0 0 0 0 0 0 0 0 0 0 0 0 0 0 0 0 0 0 0 0 0 0 0 0 0 0 0 0 0 0 0 0 0 0 0 0 0 0 0 0 0 0 0 128 1 0 0 81 144 0 0 1 0 0 0 0 0 0 0 0 0 0 0 2 0 0 0 0 0 5 0 2 0 0 0 48 0 0 0 255 255 255 255 7 0 4 0 0 0 0 0 data 6 0x40007 0x120a 0x30 0x0 0xb0002 0x0 oops 0
ciMethodData org/apache/catalina/webresources/AbstractArchiveResource getContent ()[B 2 5269 orig 264 152 98 115 94 0 0 0 0 168 46 121 32 0 0 0 0 88 8 0 0 88 5 0 0 0 0 0 0 0 0 0 0 0 0 0 0 0 0 0 0 0 0 0 0 0 0 0 0 0 0 0 0 0 0 0 0 0 0 0 0 0 0 0 0 0 0 0 0 0 0 0 0 0 0 0 0 0 0 0 0 77 68 79 32 101 120 116 114 97 32 100 97 116 97 32 108 111 99 107 0 0 0 0 0 0 0 0 0 0 0 0 0 0 0 0 0 0 0 0 0 0 0 0 0 0 0 0 0 0 0 0 0 0 0 0 0 0 0 0 0 0 0 0 0 0 0 0 0 0 0 0 0 0 0 0 0 0 0 0 0 0 0 0 0 0 0 0 0 0 0 0 0 0 0 0 0 0 0 0 0 0 0 0 0 0 0 0 0 0 0 0 0 0 0 0 0 0 0 0 0 0 0 0 0 0 0 0 0 0 0 0 0 0 0 0 0 9 1 0 0 209 149 0 0 97 156 0 0 0 0 0 0 0 0 0 0 2 0 0 0 1 0 89 0 2 0 0 0 16 7 0 0 255 255 255 255 5 0 1 0 0 0 0 0 data 226 0x10005 0x0 0x2288dfd0 0x12ba 0x0 0x0 0xa0007 0x12ba 0x100 0x0 0x1d0005 0x0 0x0 0x0 0x0 0x0 0x200004 0x0 0x0 0x0 0x0 0x0 0x240002 0x0 0x270004 0x0 0x0 0x0 0x0 0x0 0x280005 0x0 0x0 0x0 0x0 0x0 0x2b0002 0x0 0x320007 0x12ba 0x20 0x0 0x430005 0x0 0x2288dfd0 0x12ba 0x0 0x0 0x4d0007 0x12ba 0x120 0x0 0x550007 0x0 0x100 0x0 0x5a0007 0x0 0xb0 0x0 0x5f0005 0x0 0x0 0x0 0x0 0x0 0x620003 0x0 0x90 0x6b0005 0x0 0x0 0x0 0x0 0x0 0x6e0003 0x0 0x48 0x730005 0x0 0x0 0x0 0x0 0x0 0x7c0007 0x12ba 0xa0 0x138c 0x890005 0x0 0x2394e5e0 0x138c 0x0 0x0 0x900007 0x138c 0x38 0x0 0x930003 0x0 0x30 0x9d0003 0x138c 0xffffffffffffff78 0xa30005 0x0 0x2394e5e0 0x12ba 0x0 0x0 0xb00007 0x0 0x218 0x12ba 0xb50007 0x12ba 0xb0 0x0 0xba0005 0x0 0x0 0x0 0x0 0x0 0xbd0003 0x0 0x1a8 0xc60005 0x0 0x0 0x0 0x0 0x0 0xc90003 0x0 0x160 0xce0005 0x0 0x2394e5e0 0x12ba 0x0 0x0 0xd10003 0x12ba 0x118 0xe10007 0x0 0x100 0x0 0xe60007 0x0 0xb0 0x0 0xeb0005 0x0 0x0 0x0 0x0 0x0 0xee0003 0x0 0x90 0xf70005 0x0 0x0 0x0 0x0 0x0 0xfa0003 0x0 0x48 0xff0005 0x0 0x0 0x0 0x0 0x0 0x1050003 0x12ba 0x188 0x10b0005 0x0 0x0 0x0 0x0 0x0 0x10e0005 0x0 0x0 0x0 0x0 0x0 0x1130007 0x0 0x110 0x0 0x1170005 0x0 0x0 0x0 0x0 0x0 0x1260005 0x0 0x0 0x0 0x0 0x0 0x1290004 0x0 0x0 0x0 0x0 0x0 0x12a0005 0x0 0x0 0x0 0x0 0x0 0x12f0005 0x0 0x0 0x0 0x0 0x0 oops 5 2 org/apache/catalina/webresources/JarResource 44 org/apache/catalina/webresources/JarResource 90 org/apache/catalina/webresources/AbstractArchiveResource$JarInputStreamWrapper 106 org/apache/catalina/webresources/AbstractArchiveResource$JarInputStreamWrapper 138 org/apache/catalina/webresources/AbstractArchiveResource$JarInputStreamWrapper
ciMethodData org/apache/tomcat/util/compat/JreCompat isGraalAvailable ()Z 2 17626 orig 264 152 98 115 94 0 0 0 0 248 58 117 29 0 0 0 0 24 1 0 0 0 0 0 0 0 0 0 0 0 0 0 0 0 0 0 0 0 0 0 0 0 0 0 0 0 0 0 0 0 0 0 0 0 0 0 0 0 0 0 0 0 0 0 0 0 0 0 0 0 0 0 0 0 0 0 0 0 0 0 0 77 68 79 32 101 120 116 114 97 32 100 97 116 97 32 108 111 99 107 0 0 0 0 0 0 0 0 0 0 0 0 0 0 0 0 0 0 0 0 0 0 0 0 0 0 0 0 0 0 0 0 0 0 0 0 0 0 0 0 0 0 0 0 0 0 0 0 0 0 0 0 0 0 0 0 0 0 0 0 0 0 0 0 0 0 0 0 0 0 0 0 0 0 0 0 0 0 0 0 0 0 0 0 0 0 0 0 0 0 0 0 0 0 0 0 0 0 0 0 0 0 0 0 0 0 0 0 0 0 0 0 0 0 0 0 0 2 1 0 0 193 30 2 0 1 0 0 0 0 0 0 0 0 0 0 0 2 0 0 0 0 0 3 0 1 0 0 0 0 0 0 0 255 255 255 255 0 0 0 0 0 0 0 0 data 0 oops 0
ciMethodData org/apache/catalina/loader/WebappClassLoaderBase findClassInternal (Ljava/lang/String;)Ljava/lang/Class; 2 5504 orig 264 152 98 115 94 0 0 0 0 32 82 119 32 0 0 0 0 72 15 0 0 208 13 0 0 0 0 0 0 0 0 0 0 0 0 0 0 0 0 0 0 0 0 0 0 0 0 0 0 0 0 0 0 0 0 0 0 0 0 0 0 0 0 0 0 0 0 0 0 0 0 0 0 0 0 0 0 0 0 0 0 77 68 79 32 101 120 116 114 97 32 100 97 116 97 32 108 111 99 107 0 0 0 0 0 0 0 0 0 0 0 0 0 0 0 0 0 0 0 0 0 0 0 0 0 0 0 0 0 0 0 0 0 0 0 0 0 0 0 0 0 0 0 0 0 1 0 0 0 0 0 0 0 0 0 0 0 0 0 0 0 0 0 0 0 0 0 0 0 0 0 0 0 0 0 0 0 0 0 0 0 0 0 0 0 0 0 0 0 0 0 0 0 0 0 0 0 0 0 0 0 0 0 0 0 0 0 0 0 0 0 0 0 0 0 0 0 0 1 0 0 1 164 0 0 1 0 0 0 0 0 0 0 0 0 0 0 2 0 0 0 1 0 101 0 2 0 0 0 248 13 0 0 255 255 255 255 5 0 2 0 0 0 0 0 data 447 0x20005 0x0 0x2288dd10 0x1480 0x0 0x0 0x60007 0x1480 0x20 0x0 0xe0002 0x1480 0x170005 0x0 0x2288ddc0 0x1480 0x0 0x0 0x1c0104 0x0 0x2288de70 0x4f8 0x0 0x0 0x240007 0x4f8 0x1c0 0xf87 0x2c0005 0x0 0x2288df20 0xf88 0x0 0x0 0x350005 0x0 0x2288dfd0 0xd8c 0x2288e080 0x1fb 0x3a0007 0xd8b 0x20 0x1fb 0x430002 0xd8b 0x4a0005 0x0 0x2288dfd0 0xd8b 0x0 0x0 0x5f0005 0x0 0x2288ddc0 0xd8c 0x0 0x0 0x640104 0x0 0x0 0x0 0x0 0x0 0x6b0007 0x0 0x68 0xd8c 0x740005 0x0 0x2288ddc0 0xd8c 0x0 0x0 0x7a0003 0xd8c 0x18 0x830003 0xd8c 0x18 0x960007 0x1284 0x20 0x0 0x9c0002 0x1284 0x9f0007 0x1284 0x38 0x0 0xa30003 0x0 0x48 0xa80005 0x0 0x2288dd10 0x1284 0x0 0x0 0xb70007 0x1284 0x20 0x0 0xc20007 0xd8c 0x50 0x4f8 0xca0005 0x0 0x2288df20 0x4f8 0x0 0x0 0xd30005 0x0 0x2288dfd0 0x1284 0x0 0x0 0xd80007 0x1284 0x20 0x0 0xe20005 0x0 0x2288dfd0 0x1284 0x0 0x0 0xeb0007 0x1284 0x20 0x0 0xf50005 0x0 0x2288dfd0 0x1284 0x0 0x0 0xfe0005 0x0 0x2288dfd0 0x1283 0x0 0x0 0x1070005 0x0 0x2288dfd0 0x1283 0x0 0x0 0x1120005 0x0 0x2288e130 0x1281 0x0 0x0 0x1170007 0x1283 0x2a0 0x0 0x11d0005 0x0 0x0 0x0 0x0 0x0 0x1230005 0x0 0x0 0x0 0x0 0x0 0x1270005 0x0 0x0 0x0 0x0 0x0 0x1300005 0x0 0x0 0x0 0x0 0x0 0x1390005 0x0 0x0 0x0 0x0 0x0 0x13e0007 0x0 0x190 0x0 0x1430005 0x0 0x0 0x0 0x0 0x0 0x1480004 0x0 0x0 0x0 0x0 0x0 0x1560005 0x0 0x0 0x0 0x0 0x0 0x15f0007 0x0 0x20 0x0 0x1660003 0x0 0xa8 0x17b0004 0x0 0x0 0x0 0x0 0x0 0x17c0005 0x0 0x0 0x0 0x0 0x0 0x1810005 0x0 0x0 0x0 0x0 0x0 0x18b0003 0x0 0xfffffffffffffe58 0x1940005 0xe 0x1a28c860 0x1276 0x0 0x0 0x19c0007 0x0 0x50 0x1284 0x1a30005 0xe 0x1a28c860 0x1276 0x0 0x0 0x1ad0007 0x0 0x150 0x1284 0x1b30005 0x0 0x2288dd10 0x1284 0x0 0x0 0x1ba0007 0x102b 0x100 0x259 0x1bf0007 0x249 0x68 0x10 0x1cc0005 0x0 0x2288dd10 0x10 0x0 0x0 0x1d00003 0x10 0x48 0x1da0005 0x0 0x2288dd10 0x249 0x0 0x0 0x1de0003 0x259 0x18 0x1e60005 0x0 0x2288dd10 0x259 0x0 0x0 0x1ef0007 0x1284 0x2c0 0x0 0x1f40007 0x0 0x2a0 0x0 0x1fc0005 0x0 0x0 0x0 0x0 0x0 0x1ff0007 0x0 0x68 0x0 0x2060005 0x0 0x0 0x0 0x0 0x0 0x20b0003 0x0 0xa0 0x2100007 0x0 0x70 0x0 0x2180005 0x0 0x0 0x0 0x0 0x0 0x21b0007 0x0 0x38 0x0 0x21f0003 0x0 0x18 0x2270007 0x0 0x160 0x0 0x2320002 0x0 0x2380005 0x0 0x0 0x0 0x0 0x0 0x23c0005 0x0 0x0 0x0 0x0 0x0 0x2420005 0x0 0x0 0x0 0x0 0x0 0x2470005 0x0 0x0 0x0 0x0 0x0 0x24d0005 0x0 0x0 0x0 0x0 0x0 0x2500005 0x0 0x0 0x0 0x0 0x0 0x2530002 0x0 0x2670002 0x1284 0x26a0005 0xe 0x2288dd10 0x1276 0x0 0x0 0x26f0003 0x1284 0x188 0x27c0002 0x0 0x2810005 0x0 0x0 0x0 0x0 0x0 0x2840005 0x0 0x0 0x0 0x0 0x0 0x28a0005 0x0 0x0 0x0 0x0 0x0 0x29a0004 0x0 0x0 0x0 0x0 0x0 0x29b0005 0x0 0x0 0x0 0x0 0x0 0x29e0005 0x0 0x0 0x0 0x0 0x0 0x2a10005 0x0 0x0 0x0 0x0 0x0 0x2a40002 0x0 0x2b10003 0x1284 0x18 oops 24 2 org/apache/catalina/loader/ParallelWebappClassLoader 14 java/util/concurrent/ConcurrentHashMap 20 org/apache/catalina/loader/ResourceEntry 30 org/apache/catalina/webresources/StandardRoot 36 org/apache/catalina/webresources/JarResource 38 org/apache/catalina/webresources/EmptyResource 48 org/apache/catalina/webresources/JarResource 54 java/util/concurrent/ConcurrentHashMap 70 java/util/concurrent/ConcurrentHashMap 95 org/apache/catalina/loader/ParallelWebappClassLoader 109 org/apache/catalina/webresources/StandardRoot 115 org/apache/catalina/webresources/JarResource 125 org/apache/catalina/webresources/JarResource 135 org/apache/catalina/webresources/JarResource 141 org/apache/catalina/webresources/JarResource 147 org/apache/catalina/webresources/JarResource 153 java/util/concurrent/CopyOnWriteArrayList 243 java/lang/String 253 java/lang/String 263 org/apache/catalina/loader/ParallelWebappClassLoader 277 org/apache/catalina/loader/ParallelWebappClassLoader 286 org/apache/catalina/loader/ParallelWebappClassLoader 295 org/apache/catalina/loader/ParallelWebappClassLoader 391 org/apache/catalina/loader/ParallelWebappClassLoader
ciMethodData java/util/jar/JarFile$JarFileEntry getCertificates ()[Ljava/security/cert/Certificate; 2 5270 orig 264 152 98 115 94 0 0 0 0 64 15 193 23 0 0 0 0 168 2 0 0 232 0 0 0 0 0 0 0 0 0 0 0 0 0 0 0 0 0 0 0 0 0 0 0 0 0 0 0 0 0 0 0 0 0 0 0 0 0 0 0 0 0 0 0 0 0 0 0 0 0 0 0 0 0 0 0 0 0 0 0 77 68 79 32 101 120 116 114 97 32 100 97 116 97 32 108 111 99 107 0 0 0 0 0 0 0 0 0 0 0 0 0 0 0 0 0 0 0 0 0 0 0 0 0 0 0 0 0 0 0 0 0 0 0 0 0 0 0 0 0 0 0 0 0 0 0 0 0 0 0 0 0 0 0 0 0 0 0 0 0 0 0 0 0 0 0 0 0 0 0 0 0 0 0 0 0 0 0 0 0 0 0 0 0 0 0 0 0 0 0 0 0 0 0 0 0 0 0 0 0 0 0 0 0 0 0 0 0 0 0 0 0 0 0 0 0 0 1 0 0 177 156 0 0 1 0 0 0 0 0 0 0 0 0 0 0 2 0 0 0 0 0 14 0 2 0 0 0 96 1 0 0 255 255 255 255 2 0 4 0 0 0 0 0 data 44 0x40002 0x1396 0x70003 0x1396 0x28 0x100002 0x0 0x180007 0x0 0x90 0x1396 0x1f0002 0x1396 0x220007 0x12d3 0x60 0xc3 0x2a0002 0xc3 0x320005 0x0 0x1d3edb70 0xc3 0x0 0x0 0x3c0007 0xc1 0x38 0x12d5 0x400003 0x12d5 0x78 0x470005 0x0 0x1d52f4b0 0xc1 0x0 0x0 0x4a0004 0x0 0x1d52f4b0 0xc1 0x0 0x0 oops 3 21 java/util/jar/JarVerifier 34 [Ljava/security/cert/Certificate; 40 [Ljava/security/cert/Certificate;
ciMethodData java/time/Instant getEpochSecond ()J 1 84 orig 264 152 98 115 94 0 0 0 0 16 222 243 23 0 0 0 0 32 1 0 0 0 0 0 0 0 0 0 0 0 0 0 0 0 0 0 0 0 0 0 0 0 0 0 0 0 0 0 0 0 0 0 0 0 0 0 0 0 0 0 0 0 0 0 0 0 0 0 0 0 0 0 0 0 0 0 0 0 0 0 0 77 68 79 32 101 120 116 114 97 32 100 97 116 97 32 108 111 99 107 0 0 0 0 0 0 0 0 0 0 0 0 0 0 0 0 0 0 0 0 0 0 0 0 0 0 0 0 0 0 0 0 0 0 0 0 0 0 0 0 0 0 0 0 0 0 0 0 0 0 0 0 0 0 0 0 0 0 0 0 0 0 0 0 0 0 0 0 0 0 0 0 0 0 0 0 0 0 0 0 0 0 0 0 0 0 0 0 0 0 0 0 0 0 0 0 0 0 0 0 0 0 0 0 0 0 0 0 0 0 0 0 0 0 0 0 0 8 0 0 0 97 2 0 0 1 0 0 0 0 0 0 0 0 0 0 0 2 0 0 0 0 0 0 0 0 0 0 0 0 0 0 0 255 255 255 255 0 0 0 0 0 0 0 0 data 0 oops 0
ciMethod java/util/concurrent/ConcurrentHashMap$TreeNode findTreeNode (ILjava/lang/Object;Ljava/lang/Class;)Ljava/util/concurrent/ConcurrentHashMap$TreeNode; 137 369 17 0 -1
ciMethod java/util/concurrent/ConcurrentHashMap$TreeBin find (ILjava/lang/Object;)Ljava/util/concurrent/ConcurrentHashMap$Node; 137 1 17 0 0
ciMethod java/util/concurrent/ConcurrentHashMap$TreeBin putTreeVal (ILjava/lang/Object;Ljava/lang/Object;)Ljava/util/concurrent/ConcurrentHashMap$TreeNode; 1 1 12 0 -1
ciMethodData java/util/HashMap$TreeNode getTreeNode (ILjava/lang/Object;)Ljava/util/HashMap$TreeNode; 1 708 orig 264 152 98 115 94 0 0 0 0 96 180 181 23 0 0 0 0 240 1 0 0 80 0 0 0 0 0 0 0 0 0 0 0 0 0 0 0 0 0 0 0 0 0 0 0 0 0 0 0 0 0 0 0 0 0 0 0 0 0 0 0 0 0 0 0 0 0 0 0 0 0 0 0 0 0 0 0 0 0 0 0 77 68 79 32 101 120 116 114 97 32 100 97 116 97 32 108 111 99 107 0 0 0 0 0 0 0 0 0 0 0 0 0 0 0 0 0 0 0 0 0 0 0 0 0 0 0 0 0 0 0 0 0 0 0 0 0 0 0 0 0 0 0 0 0 0 0 0 0 0 0 0 0 0 0 0 0 0 0 0 0 0 0 0 0 0 0 0 0 0 0 0 0 0 0 0 0 0 0 0 0 0 0 0 0 0 0 0 0 0 0 0 0 0 0 0 0 0 0 0 0 0 0 0 0 0 0 0 0 0 0 0 0 0 0 0 0 2 0 0 0 17 22 0 0 1 0 0 0 0 0 0 0 0 0 0 0 2 0 0 0 1 0 10 0 2 0 0 0 152 0 0 0 255 255 255 255 7 0 4 0 0 0 0 0 data 19 0x40007 0x2c2 0x68 0x0 0x80005 0x0 0x0 0x0 0x0 0x0 0xb0003 0x0 0x18 0x120005 0x166 0x229bac90 0x15c 0x0 0x0 oops 1 15 java/util/HashMap$TreeNode
ciMethod java/util/SimpleTimeZone getOffset (J)I 0 0 1 0 -1
ciMethod java/util/SimpleTimeZone getRawOffset ()I 0 0 1 0 -1
instanceKlass org/apache/logging/log4j/core/util/CronExpression$ValueSet
instanceKlass cn/hutool/core/comparator/CompareUtil
instanceKlass java/util/TreeMap$NavigableSubMap$SubMapIterator
instanceKlass cn/hutool/core/date/DateTime$$Lambda$1244
instanceKlass cn/hutool/core/util/ObjectUtil
instanceKlass cn/hutool/core/date/DateTime$$Lambda$1243
instanceKlass cn/hutool/core/util/SystemPropsUtil
instanceKlass cn/hutool/core/date/format/FastDatePrinter$Iso8601_Rule
instanceKlass cn/hutool/core/date/format/FastDatePrinter$TimeZoneNumberRule
instanceKlass cn/hutool/core/date/format/FastDateParser$TimeZoneStrategy$TzInfo
instanceKlass sun/util/locale/provider/CalendarNameProviderImpl$LengthBasedComparator
instanceKlass sun/util/locale/provider/CalendarDataUtility$CalendarFieldValueNamesMapGetter
instanceKlass cn/hutool/core/date/format/FastDatePrinter$TimeZoneDisplayKey
instanceKlass cn/hutool/core/date/format/FastDatePrinter$TimeZoneNameRule
instanceKlass cn/hutool/core/date/format/FastDatePrinter$StringLiteral
instanceKlass cn/hutool/core/date/format/FastDatePrinter$TextField
instanceKlass cn/hutool/core/date/format/FastDatePrinter$TwoDigitNumberField
instanceKlass cn/hutool/core/date/format/FastDateParser$StrategyAndWidth
instanceKlass cn/hutool/core/date/format/FastDateParser$StrategyParser
instanceKlass java/util/Collections$ReverseComparator
instanceKlass cn/hutool/core/date/format/FastDateParser$Strategy
instanceKlass cn/hutool/core/date/format/FastDatePrinter$TwoDigitMonthField
instanceKlass cn/hutool/core/date/format/FastDatePrinter$CharacterLiteral
instanceKlass cn/hutool/core/date/format/FastDatePrinter$PaddedNumberField
instanceKlass cn/hutool/core/date/format/FastDatePrinter$NumberRule
instanceKlass cn/hutool/core/date/format/FastDatePrinter$Rule
instanceKlass cn/hutool/core/date/format/AbstractDateBasic
instanceKlass cn/hutool/core/clone/CloneSupport
instanceKlass cn/hutool/core/clone/Cloneable
instanceKlass cn/hutool/core/lang/Assert$$Lambda$1242
instanceKlass cn/hutool/core/date/format/FormatCache
instanceKlass cn/hutool/core/date/format/DatePrinter
instanceKlass cn/hutool/core/date/DatePattern
instanceKlass cn/hutool/core/text/CharSequenceUtil$$Lambda$1241
instanceKlass cn/hutool/core/util/NumberUtil
instanceKlass cn/hutool/core/lang/Assert$$Lambda$1240
instanceKlass cn/hutool/core/lang/Assert
instanceKlass cn/hutool/core/collection/ComputeIter
instanceKlass cn/hutool/core/text/StrSplitter$$Lambda$1239
instanceKlass cn/hutool/core/text/finder/TextFinder
instanceKlass cn/hutool/core/text/finder/Finder
instanceKlass cn/hutool/core/text/StrSplitter
instanceKlass cn/hutool/core/util/CharUtil
instanceKlass cn/hutool/core/text/CharPool
instanceKlass cn/hutool/core/text/CharSequenceUtil
instanceKlass cn/hutool/core/text/StrPool
instanceKlass cn/hutool/core/date/format/DateParser
instanceKlass cn/hutool/core/date/format/DateBasic
instanceKlass cn/hutool/core/date/CalendarUtil
instanceKlass com/ais/bmc/ops/util/TaskPeriodUtils$$Lambda$1238
instanceKlass com/ais/bmc/ops/util/TaskPeriodUtils$$Lambda$1237
instanceKlass com/alibaba/fastjson/parser/ParserConfig$2
instanceKlass com/alibaba/fastjson/parser/deserializer/TimeDeserializer
instanceKlass com/alibaba/fastjson/parser/deserializer/JSONPDeserializer
instanceKlass com/alibaba/fastjson/parser/deserializer/StackTraceElementDeserializer
instanceKlass com/alibaba/fastjson/serializer/CharArrayCodec
instanceKlass com/alibaba/fastjson/parser/deserializer/NumberDeserializer
instanceKlass com/alibaba/fastjson/parser/deserializer/JavaObjectDeserializer
instanceKlass com/alibaba/fastjson/parser/deserializer/ContextObjectDeserializer
instanceKlass com/alibaba/fastjson/parser/deserializer/ASMDeserializerFactory
instanceKlass com/alibaba/fastjson/parser/ParserConfig$1
instanceKlass com/alibaba/fastjson/util/ModuleUtil
instanceKlass com/alibaba/fastjson/JSONPObject
instanceKlass com/alibaba/fastjson/serializer/JSONSerializable
instanceKlass com/alibaba/fastjson/util/TypeUtils$6
instanceKlass com/alibaba/fastjson/util/TypeUtils$5
instanceKlass com/alibaba/fastjson/util/TypeUtils$4
instanceKlass com/alibaba/fastjson/util/TypeUtils$3
instanceKlass com/alibaba/fastjson/util/TypeUtils$2
instanceKlass com/alibaba/fastjson/util/TypeUtils$1
instanceKlass com/alibaba/fastjson/util/BiFunction
instanceKlass com/alibaba/fastjson/util/Function
instanceKlass com/ais/bmc/ops/util/TaskPeriodUtils
instanceKlass com/ais/bmc/ops/controller/TaskController$$Lambda$1236
instanceKlass com/ais/bmc/ops/controller/TaskController$$Lambda$1235
instanceKlass com/ais/bmc/ops/util/CommonUtil
instanceKlass org/apache/commons/lang3/time/DateUtils
instanceKlass com/ais/cs/csmf/jdbc/sequence/Sequence
instanceKlass java/lang/invoke/LambdaForm$MH
instanceKlass java/lang/invoke/LambdaForm$DMH
instanceKlass java/lang/invoke/LambdaForm$DMH
instanceKlass com/github/benmanes/caffeine/cache/BoundedLocalCache$$Lambda$1234
instanceKlass java/lang/invoke/LambdaForm$DMH
instanceKlass org/mybatis/spring/SqlSessionUtils$$Lambda$1233
instanceKlass com/ais/cs/csmf/jdbc/sequence/SequenceHelper$$Lambda$1232
instanceKlass com/github/pagehelper/PageSerializable
instanceKlass com/github/pagehelper/util/MetaObjectWithReflectCache
instanceKlass com/github/pagehelper/util/MetaObjectUtil
instanceKlass net/sf/jsqlparser/statement/select/SpecialSubSelect
instanceKlass net/sf/jsqlparser/statement/select/ValuesList
instanceKlass net/sf/jsqlparser/statement/select/SubJoin
instanceKlass net/sf/jsqlparser/statement/select/OrderByElement
instanceKlass net/sf/jsqlparser/expression/operators/relational/SupportsOldOracleJoinSyntax
instanceKlass net/sf/jsqlparser/statement/select/GroupByElement
instanceKlass com/ais/bmc/ops/service/impl/OpsHomeServiceImpl$$Lambda$1231
instanceKlass net/sf/jsqlparser/schema/MultiPartName
instanceKlass net/sf/jsqlparser/expression/operators/relational/ExpressionList
instanceKlass com/ais/bmc/ops/controller/OpsHomeController$$Lambda$1230
instanceKlass com/ais/bmc/ops/controller/OpsHomeController$$Lambda$1229
instanceKlass com/ais/bmc/ops/controller/OpsHomeController$$Lambda$1228
instanceKlass com/ais/bmc/ops/controller/OpsHomeController$$Lambda$1227
instanceKlass com/ais/bmc/ops/controller/OpsHomeController$$Lambda$1226
instanceKlass com/ais/bmc/ops/controller/OpsHomeController$$Lambda$1225
instanceKlass net/sf/jsqlparser/parser/ASTNodeAccessImpl
instanceKlass net/sf/jsqlparser/statement/select/SetOperationList
instanceKlass net/sf/jsqlparser/statement/select/Select
instanceKlass net/sf/jsqlparser/parser/SimpleNode
instanceKlass net/sf/jsqlparser/parser/BaseToken
instanceKlass java/util/JumboEnumSet$EnumSetIterator
instanceKlass net/sf/jsqlparser/parser/feature/FeatureConfiguration$$Lambda$1224
instanceKlass net/sf/jsqlparser/parser/feature/FeatureConfiguration$$Lambda$1223
instanceKlass net/sf/jsqlparser/parser/feature/FeatureConfiguration
instanceKlass net/sf/jsqlparser/parser/CCJSqlParserTokenManager
instanceKlass net/sf/jsqlparser/parser/SimpleCharStream
instanceKlass net/sf/jsqlparser/parser/CCJSqlParser$JJCalls
instanceKlass net/sf/jsqlparser/parser/JJTCCJSqlParserState
instanceKlass net/sf/jsqlparser/parser/StringProvider
instanceKlass net/sf/jsqlparser/statement/CreateFunctionalStatement
instanceKlass net/sf/jsqlparser/statement/create/table/Index
instanceKlass com/ais/bmc/ops/service/impl/OpsHomeServiceImpl$$Lambda$1222
instanceKlass net/sf/jsqlparser/statement/select/Pivot
instanceKlass com/fasterxml/jackson/core/io/NumberInput
instanceKlass net/sf/jsqlparser/statement/select/SelectItem
instanceKlass com/fasterxml/jackson/core/io/NumberOutput
instanceKlass net/sf/jsqlparser/statement/Statement
instanceKlass net/sf/jsqlparser/parser/Node
instanceKlass net/sf/jsqlparser/expression/operators/relational/ItemsList
instanceKlass net/sf/jsqlparser/parser/AbstractJSqlParser
instanceKlass net/sf/jsqlparser/parser/CCJSqlParserConstants
instanceKlass net/sf/jsqlparser/parser/CCJSqlParserTreeConstants
instanceKlass com/fasterxml/jackson/databind/ser/std/MapSerializer$1
instanceKlass org/json/JSONObject$Null
instanceKlass net/sf/jsqlparser/parser/Provider
instanceKlass net/sf/jsqlparser/parser/CCJSqlParserUtil
instanceKlass com/ais/cs/ddi/web/utils/JsonDataUtil
instanceKlass com/google/common/cache/LocalCache$StrongValueReference
instanceKlass com/ais/cs/csmf/web/data/options/service/DefaultQueryOptionsServiceImpl$$Lambda$1221
instanceKlass com/fasterxml/jackson/databind/ser/std/StdKeySerializers
instanceKlass com/fasterxml/jackson/databind/ser/BasicSerializerFactory$1
instanceKlass com/ais/cs/csmf/util/ResponseUtil
instanceKlass com/github/pagehelper/util/MSUtils
instanceKlass com/fasterxml/jackson/databind/ser/std/NumberSerializers$1
instanceKlass org/apache/ibatis/builder/annotation/ProviderContext
instanceKlass org/apache/ibatis/builder/annotation/ProviderSqlSource
instanceKlass com/github/pagehelper/util/ExecutorUtil
instanceKlass com/google/common/base/Charsets
instanceKlass java/util/stream/Collectors$$Lambda$1220
instanceKlass java/util/stream/Collectors$$Lambda$1219
instanceKlass com/ais/bmc/ops/service/impl/OpsHomeServiceImpl$$Lambda$1218
instanceKlass com/ais/bmc/ops/service/impl/OpsHomeServiceImpl$$Lambda$1217
instanceKlass com/ais/wapi/persistance/util/PersistanceUtil
instanceKlass com/ais/cs/csmf/security/web/auth/service/impl/AuthRestServiceImpl$$Lambda$1216
instanceKlass com/ais/cs/csmf/security/web/auth/service/impl/AuthRestServiceImpl$$Lambda$1215
instanceKlass com/ais/cs/csmf/security/web/auth/dao/AuthRestMapper$$Lambda$1214
instanceKlass java/util/concurrent/CopyOnWriteArrayList$1
instanceKlass org/apache/ibatis/type/SimpleTypeRegistry
instanceKlass org/apache/ibatis/scripting/xmltags/TextSqlNode$BindingTokenParser
instanceKlass com/ais/cs/ddi/frame/jdbc/DBOperation$QueryBuilder
instanceKlass com/ais/cs/csmf/security/web/auth/service/impl/MenuRestServiceImpl$1
instanceKlass com/ais/cs/csmf/i18n/service/impl/I18nMsgServiceImpl$CsmfMessageSource$MessageHolder
instanceKlass com/ais/cs/csmf/i18n/service/impl/I18nMsgServiceImpl$$Lambda$1213
instanceKlass com/ais/cs/csmf/security/web/auth/service/impl/AuthRestServiceImpl$$Lambda$1212
instanceKlass com/ais/cs/csmf/security/web/auth/service/impl/AuthRestServiceImpl$$Lambda$1211
instanceKlass com/ais/cs/csmf/security/web/auth/service/impl/AuthRestServiceImpl$$Lambda$1210
instanceKlass com/ais/cs/csmf/security/web/auth/service/impl/AuthRestServiceImpl$$Lambda$1209
instanceKlass com/ais/cs/csmf/security/web/auth/service/impl/AuthRestServiceImpl$$Lambda$1208
instanceKlass com/ais/cs/csmf/security/web/auth/service/impl/AuthRestServiceImpl$$Lambda$1207
instanceKlass com/ais/cs/csmf/security/web/auth/service/impl/AuthRestServiceImpl$$Lambda$1206
instanceKlass com/ais/cs/csmf/security/web/auth/service/impl/AuthRestServiceImpl$$Lambda$1205
instanceKlass com/ais/cs/csmf/security/web/auth/dao/AuthRestMapper$$Lambda$1204
instanceKlass com/ais/cs/csmf/security/web/auth/dao/AuthRestMapper$$Lambda$1203
instanceKlass com/ais/cs/csmf/license/util/LicenseUtil
instanceKlass com/fasterxml/jackson/databind/util/ObjectBuffer
instanceKlass com/fasterxml/jackson/databind/deser/std/NumberDeserializers
instanceKlass com/alibaba/fastjson/annotation/JSONField
instanceKlass com/ais/cs/csmf/security/web/auth/model/LoginRsp$SecInfo
instanceKlass java/time/format/DateTimeFormatterBuilder$3
instanceKlass java/time/format/DateTimePrintContext
instanceKlass javax/servlet/http/HttpSessionBindingListener
instanceKlass com/ais/cs/csmf/basic/web/context/RequestContextUtil
instanceKlass com/ais/cs/csmf/auth/AccessUtil
instanceKlass com/ais/cs/csmf/auth/model/TokenSign
instanceKlass com/ais/cs/csmf/auth/listener/DefaultAuthEventListener
instanceKlass com/ais/cs/csmf/auth/session/AuthSession
instanceKlass com/ais/cs/csmf/auth/LoginStrategy
instanceKlass com/ais/cs/csmf/auth/model/LoginModel
instanceKlass com/atomikos/icatch/imp/Reply
instanceKlass com/atomikos/icatch/imp/Propagator$PropagatorThread
instanceKlass com/atomikos/recovery/CoordinatorLogEntry$1
instanceKlass com/atomikos/recovery/CoordinatorLogEntry
instanceKlass com/atomikos/recovery/ParticipantLogEntry
instanceKlass com/atomikos/icatch/imp/ActiveStateHandler$6
instanceKlass com/atomikos/icatch/imp/ExtentImp
instanceKlass com/atomikos/icatch/jta/TransactionImp$1
instanceKlass org/mybatis/spring/SqlSessionUtils$SqlSessionSynchronization$$Lambda$1202
instanceKlass org/mybatis/spring/SqlSessionUtils$SqlSessionSynchronization$$Lambda$1201
instanceKlass org/mybatis/spring/SqlSessionUtils$SqlSessionSynchronization$$Lambda$1200
instanceKlass org/mybatis/spring/SqlSessionUtils$$Lambda$1199
instanceKlass com/atomikos/jdbc/AtomikosConnectionProxy$JdbcRequeueSynchronization
instanceKlass com/atomikos/datasource/xa/StringUtils
instanceKlass com/atomikos/datasource/xa/XID
instanceKlass com/atomikos/datasource/xa/XAResourceTransaction
instanceKlass com/atomikos/datasource/ResourceTransaction
instanceKlass com/atomikos/datasource/xa/SiblingMapper
instanceKlass org/springframework/jdbc/datasource/DataSourceUtils$ConnectionSynchronization
instanceKlass org/springframework/jdbc/datasource/SimpleConnectionHandle
instanceKlass org/springframework/jdbc/datasource/ConnectionHandle
instanceKlass org/apache/ibatis/ognl/AccessibleObjectHandlerJDK9Plus
instanceKlass java/lang/ProcessBuilder
instanceKlass org/apache/ibatis/ognl/OgnlRuntime$MatchingMethod
instanceKlass org/apache/ibatis/ognl/enhance/OrderedReturn
instanceKlass org/springframework/transaction/support/TransactionSynchronizationAdapter
instanceKlass org/springframework/transaction/support/ResourceHolderSupport
instanceKlass org/springframework/transaction/support/ResourceHolder
instanceKlass org/mybatis/spring/SqlSessionUtils$$Lambda$1198
instanceKlass com/atomikos/icatch/jta/TransactionImp
instanceKlass com/atomikos/icatch/Extent
instanceKlass com/atomikos/icatch/imp/TransactionStateHandler
instanceKlass com/atomikos/icatch/imp/AbstractCompositeTransaction
instanceKlass com/atomikos/icatch/imp/Propagator
instanceKlass com/atomikos/icatch/imp/RollbackCallback
instanceKlass com/atomikos/icatch/imp/CommitCallback
instanceKlass com/atomikos/icatch/imp/PropagationMessage
instanceKlass com/atomikos/icatch/imp/Result
instanceKlass com/atomikos/finitestates/FSMImp
instanceKlass com/atomikos/finitestates/FSM
instanceKlass com/atomikos/finitestates/FSMPreTransitionEventSource
instanceKlass com/atomikos/finitestates/FSMTransitionEventSource
instanceKlass com/atomikos/finitestates/FSMEnterEventSource
instanceKlass com/atomikos/finitestates/StateMutable
instanceKlass com/atomikos/icatch/imp/CoordinatorStateHandler
instanceKlass com/atomikos/icatch/imp/CoordinatorImp
instanceKlass com/atomikos/finitestates/FSMTransitionListener
instanceKlass com/atomikos/icatch/RecoveryCoordinator
instanceKlass org/springframework/transaction/support/DelegatingTransactionDefinition
instanceKlass org/springframework/transaction/support/CallbackPreferringPlatformTransactionManager
instanceKlass org/springframework/transaction/interceptor/TransactionInterceptor$1
instanceKlass com/ais/cs/csmf/util/MD5Utils
instanceKlass com/ais/cs/csmf/security/web/auth/core/userdetails/User$AuthorityComparator
instanceKlass com/ais/cs/csmf/security/web/auth/core/userdetails/User$UserBuilder$$Lambda$1197
instanceKlass com/ais/cs/csmf/security/web/auth/core/userdetails/User$UserBuilder
instanceKlass com/ais/cs/csmf/security/web/auth/core/userdetails/User
instanceKlass org/apache/commons/lang3/ObjectUtils$Null
instanceKlass org/apache/commons/lang3/ObjectUtils
instanceKlass com/ais/wapi/persistance/util/RowValueUtils
instanceKlass com/mysql/jdbc/TimeUtil
instanceKlass org/apache/ibatis/executor/resultset/DefaultResultSetHandler$UnMappedColumnAutoMapping
instanceKlass org/apache/ibatis/executor/loader/ResultLoaderMap
instanceKlass com/github/pagehelper/IPage
instanceKlass org/apache/ibatis/scripting/xmltags/DynamicSqlSource$$Lambda$1196
instanceKlass org/apache/ibatis/ognl/OgnlOps
instanceKlass org/apache/ibatis/ognl/AbstractMemberAccess
instanceKlass org/apache/ibatis/ognl/SimpleNode
instanceKlass org/apache/ibatis/ognl/NodeType
instanceKlass org/apache/ibatis/ognl/Token
instanceKlass org/apache/ibatis/ognl/OgnlParserTokenManager
instanceKlass org/apache/ibatis/ognl/JavaCharStream
instanceKlass org/apache/ibatis/ognl/OgnlParser$JJCalls
instanceKlass org/apache/ibatis/ognl/JJTOgnlParserState
instanceKlass org/apache/ibatis/ognl/Node
instanceKlass org/apache/ibatis/ognl/JavaSource
instanceKlass org/apache/ibatis/ognl/OgnlParser
instanceKlass org/apache/ibatis/ognl/OgnlParserConstants
instanceKlass org/apache/ibatis/ognl/OgnlParserTreeConstants
instanceKlass org/apache/ibatis/ognl/DefaultTypeConverter
instanceKlass org/apache/ibatis/ognl/TypeConverter
instanceKlass org/apache/ibatis/ognl/OgnlContext
instanceKlass org/apache/ibatis/ognl/Ognl
instanceKlass org/apache/ibatis/ognl/DefaultClassResolver
instanceKlass org/apache/ibatis/scripting/xmltags/OgnlMemberAccess
instanceKlass org/apache/ibatis/ognl/MemberAccess
instanceKlass org/apache/ibatis/scripting/xmltags/OgnlCache
instanceKlass com/ais/cs/csmf/basic/util/SysAccountUtil
instanceKlass com/ais/cs/csmf/security/web/auth/core/authority/AuthorityUtils
instanceKlass com/fasterxml/jackson/databind/annotation/JacksonStdImpl
instanceKlass com/fasterxml/jackson/databind/deser/ContextualKeyDeserializer
instanceKlass com/fasterxml/jackson/databind/deser/BasicDeserializerFactory$ContainerDefaultMappings
instanceKlass sun/security/rsa/RSACore$BlindingRandomPair
instanceKlass sun/security/rsa/RSACore$BlindingParameters
instanceKlass javax/crypto/spec/PSource
instanceKlass com/fasterxml/jackson/databind/ser/impl/PropertySerializerMap$TypeAndSerializer
instanceKlass com/ais/cs/csmf/security/web/captcha/model/TicketRsp
instanceKlass com/ais/cs/csmf/security/web/captcha/util/TicketUtils
instanceKlass com/github/benmanes/caffeine/cache/BoundedLocalCache$RemovalTask
instanceKlass com/github/benmanes/caffeine/cache/BoundedLocalCache$$Lambda$1195
instanceKlass org/springframework/beans/PropertyAccessorFactory
instanceKlass org/springframework/validation/DefaultMessageCodesResolver
instanceKlass org/springframework/validation/annotation/ValidationAnnotationUtils
instanceKlass org/springframework/context/support/DefaultMessageSourceResolvable
instanceKlass org/springframework/context/MessageSourceResolvable
instanceKlass org/springframework/validation/DefaultBindingErrorProcessor
instanceKlass org/springframework/validation/AbstractErrors
instanceKlass org/springframework/validation/BindingErrorProcessor
instanceKlass org/springframework/web/servlet/mvc/method/annotation/AbstractMessageConverterMethodArgumentResolver$$Lambda$1194
instanceKlass com/fasterxml/jackson/core/json/ByteSourceJsonBootstrapper
instanceKlass org/springframework/http/converter/json/MappingJacksonInputMessage
instanceKlass org/springframework/web/servlet/mvc/method/annotation/AbstractMessageConverterMethodArgumentResolver$EmptyBodyCheckingHttpInputMessage
instanceKlass java/util/UUID$Holder
instanceKlass com/ais/cs/csmf/util/UniqueKeyUtil
instanceKlass org/apache/commons/io/IOUtils$$Lambda$1193
instanceKlass org/apache/commons/io/function/IOConsumer$$Lambda$1192
instanceKlass org/apache/commons/io/IOUtils$$Lambda$1191
instanceKlass org/apache/commons/io/function/IOConsumer
instanceKlass org/apache/commons/io/output/ThresholdingOutputStream$$Lambda$1190
instanceKlass org/apache/commons/io/function/IOFunction
instanceKlass org/apache/commons/io/IOUtils$$Lambda$1189
instanceKlass org/apache/commons/io/IOUtils$$Lambda$1188
instanceKlass org/apache/commons/io/IOUtils
instanceKlass org/springframework/util/Base64Utils
instanceKlass com/sun/imageio/plugins/jpeg/SOSMarkerSegment$ScanComponentSpec
instanceKlass com/sun/imageio/plugins/jpeg/SOFMarkerSegment$ComponentSpec
instanceKlass com/sun/imageio/plugins/jpeg/DHTMarkerSegment$Htable
instanceKlass com/sun/imageio/plugins/jpeg/DQTMarkerSegment$Qtable
instanceKlass com/sun/imageio/plugins/jpeg/MarkerSegment
instanceKlass com/sun/imageio/plugins/jpeg/JPEGImageWriter$JPEGWriterDisposerRecord
instanceKlass com/sun/imageio/plugins/jpeg/JPEGImageWriter$CallBackLock
instanceKlass java/awt/geom/Dimension2D
instanceKlass com/sun/imageio/plugins/jpeg/JPEGImageWriter$1
instanceKlass java/util/zip/Deflater
instanceKlass com/sun/imageio/plugins/png/CRC
instanceKlass javax/imageio/IIOImage
instanceKlass com/sun/imageio/plugins/png/RowFilter
instanceKlass javax/imageio/ImageIO$ImageWriterIterator
instanceKlass javax/imageio/ImageIO$CanEncodeImageAndFormatFilter
instanceKlass sun/java2d/loops/GraphicsPrimitive$GeneralBinaryOp
instanceKlass sun/awt/image/MultiResolutionImage
instanceKlass java/awt/RenderingHints
instanceKlass java/awt/GraphicsDevice
instanceKlass java/awt/GraphicsConfiguration
instanceKlass sun/java2d/loops/GraphicsPrimitiveMgr$PrimitiveSpec
instanceKlass sun/java2d/loops/GraphicsPrimitiveMgr$2
instanceKlass sun/java2d/loops/GraphicsPrimitiveMgr$1
instanceKlass sun/java2d/loops/GeneralRenderer
instanceKlass sun/java2d/loops/CustomComponent
instanceKlass sun/awt/SunHints$Value
instanceKlass java/awt/RenderingHints$Key
instanceKlass sun/java2d/pipe/ValidatePipe
instanceKlass sun/misc/PerformanceLogger$TimeData
instanceKlass sun/misc/PerformanceLogger
instanceKlass java/awt/BasicStroke
instanceKlass sun/awt/SunHints
instanceKlass java/awt/geom/Path2D
instanceKlass java/awt/AlphaComposite
instanceKlass sun/java2d/loops/XORComposite
instanceKlass java/awt/Composite
instanceKlass java/awt/Color
instanceKlass java/awt/Paint
instanceKlass java/awt/Graphics
instanceKlass sun/awt/ConstrainableGraphics
instanceKlass sun/java2d/loops/GraphicsPrimitiveMgr
instanceKlass sun/java2d/loops/GraphicsPrimitive
instanceKlass sun/java2d/loops/CompositeType
instanceKlass sun/java2d/DefaultDisposerRecord
instanceKlass sun/java2d/loops/RenderLoops
instanceKlass sun/awt/image/BufImgSurfaceData$ICMColorData
instanceKlass sun/font/AttributeValues
instanceKlass java/awt/geom/AffineTransform
instanceKlass sun/font/FontAccess
instanceKlass java/awt/Font
instanceKlass sun/java2d/SunGraphicsEnvironment$1
instanceKlass sun/awt/SunDisplayChanger
instanceKlass sun/java2d/SurfaceManagerFactory
instanceKlass sun/java2d/windows/WindowsFlags$1
instanceKlass sun/java2d/windows/WindowsFlags
instanceKlass sun/awt/windows/WToolkit$2
instanceKlass java/awt/Component$DummyRequestFocusController
instanceKlass sun/awt/RequestFocusController
instanceKlass java/awt/Component$1
instanceKlass sun/awt/AWTAccessor$ComponentAccessor
instanceKlass java/awt/Component$AWTTreeLock
instanceKlass java/awt/Component
instanceKlass java/awt/MenuContainer
instanceKlass java/awt/image/ImageObserver
instanceKlass sun/java2d/DestSurfaceProvider
instanceKlass sun/java2d/loops/RenderCache$Entry
instanceKlass sun/java2d/loops/RenderCache
instanceKlass sun/java2d/pipe/DrawImage
instanceKlass sun/java2d/pipe/GeneralCompositePipe
instanceKlass sun/java2d/pipe/SpanShapeRenderer
instanceKlass sun/java2d/pipe/AlphaPaintPipe
instanceKlass sun/java2d/pipe/AAShapePipe
instanceKlass sun/java2d/pipe/RegionIterator
instanceKlass sun/java2d/pipe/Region
instanceKlass sun/java2d/pipe/SpanClipRenderer
instanceKlass sun/java2d/pipe/PixelToShapeConverter
instanceKlass sun/java2d/pipe/AlphaColorPipe
instanceKlass sun/java2d/pipe/CompositePipe
instanceKlass sun/java2d/pipe/GlyphListPipe
instanceKlass sun/java2d/pipe/OutlineTextRenderer
instanceKlass sun/java2d/pipe/RenderingEngine$1
instanceKlass sun/java2d/pipe/RenderingEngine
instanceKlass sun/java2d/pipe/LoopPipe
instanceKlass sun/java2d/pipe/LoopBasedPipe
instanceKlass sun/java2d/pipe/ParallelogramPipe
instanceKlass sun/java2d/pipe/NullPipe
instanceKlass sun/java2d/pipe/DrawImagePipe
instanceKlass sun/java2d/pipe/TextPipe
instanceKlass sun/java2d/pipe/ShapeDrawPipe
instanceKlass sun/java2d/pipe/PixelFillPipe
instanceKlass sun/java2d/pipe/PixelDrawPipe
instanceKlass sun/awt/image/PixelConverter
instanceKlass sun/java2d/loops/SurfaceType
instanceKlass sun/java2d/SurfaceData
instanceKlass sun/java2d/Surface
instanceKlass sun/awt/windows/WToolkit$1
instanceKlass sun/awt/DisplayChangedListener
instanceKlass com/sun/imageio/plugins/jpeg/JPEG$JCS
instanceKlass com/sun/imageio/plugins/jpeg/ImageTypeIterator
instanceKlass com/sun/imageio/plugins/jpeg/ImageTypeProducer
instanceKlass com/sun/imageio/plugins/jpeg/JPEGImageReader$JPEGReaderDisposerRecord
instanceKlass com/sun/imageio/plugins/jpeg/JPEGImageReader$CallBackLock
instanceKlass javax/imageio/plugins/jpeg/JPEGHuffmanTable
instanceKlass javax/imageio/plugins/jpeg/JPEGQTable
instanceKlass com/sun/imageio/plugins/jpeg/JPEGImageReader$1
instanceKlass java/io/RandomAccessFile$1
instanceKlass com/sun/imageio/plugins/common/ReaderUtil
instanceKlass java/awt/image/BufferedImage$1
instanceKlass sun/awt/image/SurfaceManager
instanceKlass sun/awt/image/SurfaceManager$ImageAccessor
instanceKlass java/awt/ImageCapabilities
instanceKlass sun/awt/image/NativeLibLoader$1
instanceKlass sun/awt/image/NativeLibLoader
instanceKlass sun/java2d/StateTrackableDelegate$2
instanceKlass sun/java2d/StateTrackableDelegate
instanceKlass sun/java2d/StateTrackable
instanceKlass java/awt/geom/RectangularShape
instanceKlass java/awt/Shape
instanceKlass sun/java2d/cmm/CMSManager
instanceKlass java/awt/image/SampleModel
instanceKlass java/awt/image/ColorModel$1
instanceKlass java/awt/image/ColorModel
instanceKlass java/awt/image/Raster
instanceKlass java/awt/image/DataBuffer$1
instanceKlass sun/awt/image/SunWritableRaster$DataStealer
instanceKlass java/awt/image/DataBuffer
instanceKlass java/awt/color/ICC_Profile$1
instanceKlass sun/java2d/cmm/ProfileActivator
instanceKlass sun/java2d/cmm/ProfileDeferralMgr
instanceKlass java/awt/color/ICC_Profile
instanceKlass java/awt/color/ColorSpace
instanceKlass com/sun/imageio/plugins/png/PNGImageDataEnumeration
instanceKlass javax/imageio/IIOParam
instanceKlass javax/imageio/metadata/IIOMetadata
instanceKlass java/awt/geom/Point2D
instanceKlass javax/imageio/ImageIO$ImageReaderIterator
instanceKlass javax/imageio/spi/FilterIterator
instanceKlass javax/imageio/ImageIO$CanDecodeInputFilter
instanceKlass javax/imageio/spi/ServiceRegistry$Filter
instanceKlass sun/java2d/DisposerTarget
instanceKlass sun/misc/ThreadGroupUtils
instanceKlass sun/java2d/Disposer$$Lambda$1187
instanceKlass sun/java2d/Disposer$1
instanceKlass sun/java2d/Disposer
instanceKlass javax/imageio/stream/FileCacheImageInputStream$StreamDisposerRecord
instanceKlass sun/java2d/DisposerRecord
instanceKlass com/sun/imageio/stream/StreamCloser$2
instanceKlass com/sun/imageio/stream/StreamCloser$1
instanceKlass com/sun/imageio/stream/StreamCloser$CloseAction
instanceKlass com/sun/imageio/stream/StreamCloser
instanceKlass sun/nio/fs/WindowsChannelFactory$2
instanceKlass sun/nio/fs/WindowsPath$1
instanceKlass java/nio/file/TempFileHelper
instanceKlass javax/imageio/stream/ImageInputStreamImpl
instanceKlass javax/imageio/ImageIO$CacheInfo
instanceKlass javax/imageio/spi/PartialOrderIterator
instanceKlass javax/imageio/ImageWriter
instanceKlass javax/imageio/ImageTranscoder
instanceKlass javax/imageio/ImageTypeSpecifier
instanceKlass javax/imageio/metadata/IIOMetadataFormat
instanceKlass javax/imageio/ImageReader
instanceKlass javax/imageio/spi/IIORegistry$1
instanceKlass com/sun/imageio/plugins/jpeg/JPEG
instanceKlass javax/imageio/stream/ImageOutputStream
instanceKlass javax/imageio/spi/DigraphNode
instanceKlass javax/imageio/stream/ImageInputStream
instanceKlass javax/imageio/spi/SubRegistry
instanceKlass sun/awt/PostEventQueue
instanceKlass sun/awt/MostRecentKeyValue
instanceKlass java/awt/Queue
instanceKlass java/awt/EventQueue$2
instanceKlass sun/awt/AWTAccessor$EventQueueAccessor
instanceKlass java/awt/EventQueue$1
instanceKlass java/awt/EventQueue
instanceKlass sun/awt/AppContext$1
instanceKlass java/awt/GraphicsEnvironment$$Lambda$1186
instanceKlass java/awt/GraphicsEnvironment
instanceKlass java/awt/Toolkit$1
instanceKlass java/awt/Toolkit$3
instanceKlass java/awt/Toolkit$5
instanceKlass sun/awt/AWTAccessor
instanceKlass java/awt/Toolkit$4
instanceKlass sun/awt/AWTAccessor$ToolkitAccessor
instanceKlass java/awt/Toolkit
instanceKlass sun/awt/KeyboardFocusManagerPeerProvider
instanceKlass sun/awt/InputMethodSupport
instanceKlass sun/awt/ComponentFactory
instanceKlass sun/awt/WindowClosingListener
instanceKlass sun/awt/WindowClosingSupport
instanceKlass sun/awt/AppContext$2
instanceKlass sun/awt/AppContext$3
instanceKlass sun/awt/AppContext$6
instanceKlass sun/misc/JavaAWTAccess
instanceKlass sun/awt/AppContext$GetAppContextLock
instanceKlass sun/awt/AppContext
instanceKlass javax/imageio/spi/IIOServiceProvider
instanceKlass javax/imageio/spi/RegisterableService
instanceKlass javax/imageio/spi/ServiceRegistry
instanceKlass javax/imageio/ImageIO
instanceKlass java/awt/Transparency
instanceKlass java/awt/image/WritableRenderedImage
instanceKlass java/awt/image/RenderedImage
instanceKlass java/awt/Stroke
instanceKlass com/ais/cs/csmf/security/web/captcha/util/PuzzleUtils
instanceKlass com/ais/bmc/ops/schedule/ScheduledTaskExecutor$MonitorRunner$$Lambda$1185
instanceKlass org/apache/commons/collections4/collection/AbstractCollectionDecorator
instanceKlass org/apache/commons/collections4/Unmodifiable
instanceKlass org/apache/commons/collections4/Transformer
instanceKlass org/apache/commons/collections4/CollectionUtils
instanceKlass java/util/concurrent/ConcurrentLinkedQueue$Itr
instanceKlass org/apache/ibatis/executor/result/DefaultResultContext
instanceKlass org/apache/ibatis/executor/result/DefaultResultHandler
instanceKlass com/mysql/jdbc/ResultSetMetaData
instanceKlass org/apache/ibatis/executor/resultset/ResultSetWrapper
instanceKlass org/apache/ibatis/executor/statement/StatementUtil
instanceKlass org/apache/ibatis/executor/resultset/DefaultResultSetHandler
instanceKlass org/apache/ibatis/scripting/defaults/DefaultParameterHandler
instanceKlass org/apache/ibatis/executor/statement/BaseStatementHandler
instanceKlass org/apache/ibatis/executor/statement/RoutingStatementHandler$1
instanceKlass org/apache/ibatis/executor/statement/RoutingStatementHandler
instanceKlass com/github/pagehelper/BoundSqlInterceptor$Chain$1
instanceKlass org/apache/ibatis/reflection/ArrayUtil
instanceKlass org/apache/ibatis/binding/MapperMethod$1
instanceKlass org/apache/ibatis/reflection/ParamNameResolver
instanceKlass org/apache/ibatis/binding/MapperMethod$MethodSignature
instanceKlass org/apache/ibatis/binding/MapperMethod$SqlCommand
instanceKlass org/apache/ibatis/binding/MapperMethod
instanceKlass org/apache/ibatis/binding/MapperProxy$PlainMethodInvoker
instanceKlass org/apache/ibatis/binding/MapperProxy$$Lambda$1184
instanceKlass org/springframework/cache/support/NullValue
instanceKlass org/springframework/cache/support/SimpleValueWrapper
instanceKlass com/github/benmanes/caffeine/cache/BBHeader$PadReadCounter
instanceKlass org/springframework/web/method/annotation/SessionAttributesHandler$$Lambda$1183
instanceKlass com/fasterxml/jackson/databind/ser/impl/PropertySerializerMap$SerializerAndMapResult
instanceKlass com/fasterxml/jackson/databind/ObjectWriter$Prefetch
instanceKlass com/fasterxml/jackson/databind/ObjectWriter$GeneratorSettings
instanceKlass com/fasterxml/jackson/core/util/MinimalPrettyPrinter
instanceKlass org/springframework/util/TypeUtils
instanceKlass org/springframework/http/converter/json/MappingJacksonValue
instanceKlass org/springframework/web/servlet/mvc/method/annotation/AbstractMessageConverterMethodProcessor$$Lambda$1182
instanceKlass org/apache/tomcat/util/http/NamesEnumerator
instanceKlass java/util/stream/DoubleStream
instanceKlass java/util/OptionalDouble
instanceKlass java/util/OptionalLong
instanceKlass java/util/OptionalInt
instanceKlass org/springframework/http/server/ServerHttpAsyncRequestControl
instanceKlass org/springframework/http/server/ServletServerHttpRequest
instanceKlass org/springframework/web/context/request/async/WebAsyncTask
instanceKlass org/springframework/web/context/request/async/DeferredResult
instanceKlass org/springframework/web/servlet/mvc/method/annotation/StreamingResponseBody
instanceKlass org/springframework/web/method/support/AsyncHandlerMethodReturnValueHandler
instanceKlass com/fasterxml/jackson/databind/util/LinkedNode
instanceKlass com/fasterxml/jackson/databind/deser/impl/ReadableObjectId$Referring
instanceKlass com/fasterxml/jackson/databind/deser/impl/BeanPropertyMap
instanceKlass com/fasterxml/jackson/annotation/JsonAlias
instanceKlass com/fasterxml/jackson/databind/util/ViewMatcher
instanceKlass com/fasterxml/jackson/databind/introspect/POJOPropertyBuilder$4
instanceKlass com/fasterxml/jackson/databind/deser/impl/NullsConstantProvider
instanceKlass com/fasterxml/jackson/databind/util/IgnorePropertiesUtil
instanceKlass com/fasterxml/jackson/databind/deser/BeanDeserializerBuilder
instanceKlass com/fasterxml/jackson/databind/deser/impl/CreatorCandidate$Param
instanceKlass com/fasterxml/jackson/databind/deser/impl/CreatorCandidate
instanceKlass com/fasterxml/jackson/annotation/JsonCreator
instanceKlass com/fasterxml/jackson/databind/deser/BasicDeserializerFactory$CreatorCollectionState
instanceKlass com/fasterxml/jackson/databind/deser/impl/CreatorCollector
instanceKlass com/fasterxml/jackson/core/JsonLocation
instanceKlass com/fasterxml/jackson/databind/deser/impl/JDKValueInstantiators
instanceKlass com/fasterxml/jackson/databind/annotation/JsonValueInstantiator
instanceKlass com/fasterxml/jackson/databind/jsontype/impl/SubTypeValidator
instanceKlass com/fasterxml/jackson/databind/deser/std/JdkDeserializers
instanceKlass com/fasterxml/jackson/annotation/JsonFilter
instanceKlass com/fasterxml/jackson/annotation/JsonIncludeProperties$Value
instanceKlass com/fasterxml/jackson/annotation/JsonIncludeProperties
instanceKlass com/fasterxml/jackson/annotation/JsonIgnoreProperties$Value
instanceKlass com/fasterxml/jackson/databind/annotation/JsonAppend
instanceKlass com/fasterxml/jackson/databind/ser/impl/PropertySerializerMap
instanceKlass com/fasterxml/jackson/databind/introspect/POJOPropertyBuilder$1
instanceKlass com/fasterxml/jackson/databind/ser/PropertyBuilder$1
instanceKlass com/fasterxml/jackson/databind/annotation/JsonTypeResolver
instanceKlass com/fasterxml/jackson/databind/BeanProperty$Std
instanceKlass com/fasterxml/jackson/databind/introspect/POJOPropertyBuilder$2
instanceKlass com/fasterxml/jackson/annotation/JsonTypeId
instanceKlass com/fasterxml/jackson/databind/introspect/POJOPropertyBuilder$3
instanceKlass com/fasterxml/jackson/databind/ser/PropertyBuilder
instanceKlass com/fasterxml/jackson/annotation/JsonIgnoreType
instanceKlass com/fasterxml/jackson/databind/ser/BeanSerializerBuilder
instanceKlass com/fasterxml/jackson/databind/util/BeanUtil
instanceKlass com/fasterxml/jackson/databind/ext/Java7Handlers
instanceKlass com/fasterxml/jackson/databind/ext/OptionalHandlerFactory
instanceKlass com/fasterxml/jackson/databind/util/ArrayIterator
instanceKlass com/fasterxml/jackson/databind/util/TypeKey
instanceKlass com/fasterxml/jackson/databind/ser/impl/ReadOnlyClassToSerializerMap$Bucket
instanceKlass com/fasterxml/jackson/databind/ser/impl/ReadOnlyClassToSerializerMap
instanceKlass com/fasterxml/jackson/core/util/JacksonFeatureSet
instanceKlass com/fasterxml/jackson/core/JsonStreamContext
instanceKlass com/fasterxml/jackson/core/io/IOContext
instanceKlass com/fasterxml/jackson/core/io/ContentReference
instanceKlass com/fasterxml/jackson/core/util/TextBuffer
instanceKlass com/fasterxml/jackson/core/util/BufferRecycler
instanceKlass com/fasterxml/jackson/core/util/BufferRecyclers
instanceKlass com/ais/cs/csmf/security/web/encrpypt/model/RsaRsp
instanceKlass com/github/benmanes/caffeine/cache/UnsafeRefArrayAccess
instanceKlass com/github/benmanes/caffeine/cache/BoundedLocalCache$AddTask
instanceKlass com/ais/cs/csmf/core/cache/CacheValue
instanceKlass com/ais/cs/csmf/util/RsaKeyPair
instanceKlass java/security/KeyPair
instanceKlass java/math/BitSieve
instanceKlass sun/security/jca/JCAUtil$CachedSecureRandomHolder
instanceKlass sun/security/jca/JCAUtil
instanceKlass java/security/spec/RSAKeyGenParameterSpec
instanceKlass com/ais/cs/csmf/util/RSAUtil
instanceKlass com/ais/cs/csmf/core/cache/CacheKey
instanceKlass org/springframework/cache/support/AbstractValueAdaptingCache
instanceKlass com/github/benmanes/caffeine/cache/Scheduler
instanceKlass com/github/benmanes/caffeine/cache/TimerWheel
instanceKlass com/github/benmanes/caffeine/cache/Ticker
instanceKlass com/github/benmanes/caffeine/cache/LinkedDeque$PeekingIterator
instanceKlass com/github/benmanes/caffeine/cache/FrequencySketch
instanceKlass com/github/benmanes/caffeine/cache/BoundedLocalCache$$Lambda$1181
instanceKlass com/github/benmanes/caffeine/cache/StripedBuffer
instanceKlass com/github/benmanes/caffeine/cache/Node
instanceKlass com/github/benmanes/caffeine/cache/References$InternalReference
instanceKlass com/github/benmanes/caffeine/cache/NodeFactory
instanceKlass java/util/concurrent/ForkJoinPool$1
instanceKlass java/util/concurrent/ForkJoinPool$DefaultForkJoinWorkerThreadFactory
instanceKlass java/util/concurrent/ForkJoinTask
instanceKlass java/util/concurrent/ForkJoinPool$WorkQueue
instanceKlass com/github/benmanes/caffeine/cache/UnsafeAccess
instanceKlass com/github/benmanes/caffeine/cache/LinkedDeque
instanceKlass java/util/concurrent/CompletionStage
instanceKlass com/github/benmanes/caffeine/cache/WriteOrderDeque$WriteOrder
instanceKlass com/github/benmanes/caffeine/cache/AccessOrderDeque$AccessOrder
instanceKlass com/github/benmanes/caffeine/cache/Buffer
instanceKlass com/github/benmanes/caffeine/cache/LocalCacheFactory
instanceKlass com/github/benmanes/caffeine/cache/Policy
instanceKlass com/github/benmanes/caffeine/cache/LocalCache
instanceKlass com/github/benmanes/caffeine/cache/BoundedLocalCache$BoundedLocalManualCache
instanceKlass com/github/benmanes/caffeine/cache/LocalManualCache
instanceKlass org/springframework/cache/caffeine/CaffeineCacheManager$$Lambda$1180
instanceKlass com/ais/cs/csmf/core/cache/CacheHolder$$Lambda$1179
instanceKlass com/ais/cs/csmf/core/cache/CacheHolder$$Lambda$1178
instanceKlass com/ais/cs/csmf/cache/util/CacheUtil
instanceKlass com/ais/cs/csmf/security/web/encrpypt/util/RsaReqUtils
instanceKlass org/aspectj/lang/reflect/SourceLocation
instanceKlass org/aspectj/lang/Signature
instanceKlass org/springframework/aop/aspectj/MethodInvocationProceedingJoinPoint
instanceKlass org/aspectj/lang/JoinPoint$StaticPart
instanceKlass org/springframework/aop/aspectj/RuntimeTestWalker$TestVisitorAdapter
instanceKlass org/springframework/aop/aspectj/RuntimeTestWalker
instanceKlass org/springframework/aop/aspectj/AspectJExpressionPointcut$DefensiveShadowMatch
instanceKlass org/aspectj/weaver/reflect/PointcutParameterImpl
instanceKlass org/aspectj/weaver/reflect/JoinPointMatchImpl
instanceKlass org/aspectj/weaver/reflect/ShadowMatchImpl$RuntimeTestEvaluator
instanceKlass org/aspectj/weaver/ast/ITestVisitor
instanceKlass org/apache/catalina/webresources/Cache$EvictionOrder
instanceKlass org/springframework/web/bind/annotation/RequestAttribute
instanceKlass org/springframework/web/bind/annotation/CookieValue
instanceKlass org/springframework/web/bind/annotation/MatrixVariable
instanceKlass org/springframework/web/multipart/support/MultipartResolutionDelegate
instanceKlass org/springframework/web/context/request/async/WebAsyncManager$$Lambda$1177
instanceKlass javax/servlet/AsyncListener
instanceKlass org/springframework/ui/ModelMap$$Lambda$1176
instanceKlass org/springframework/web/bind/support/SimpleSessionStatus
instanceKlass org/springframework/web/bind/support/SessionStatus
instanceKlass org/springframework/web/servlet/mvc/method/annotation/RequestMappingHandlerAdapter$$Lambda$1175
instanceKlass org/springframework/web/bind/annotation/SessionAttributes
instanceKlass org/springframework/web/servlet/mvc/method/annotation/RequestMappingHandlerAdapter$$Lambda$1174
instanceKlass org/springframework/web/servlet/mvc/method/annotation/RequestMappingHandlerAdapter$$Lambda$1173
instanceKlass org/springframework/web/servlet/handler/AbstractHandlerMethodMapping$Match
instanceKlass com/alibaba/fastjson/util/ServiceLoader
instanceKlass com/alibaba/fastjson/serializer/AutowiredObjectSerializer
instanceKlass com/alibaba/fastjson/serializer/CollectionCodec
instanceKlass java/util/concurrent/atomic/AtomicLongArray
instanceKlass java/util/concurrent/atomic/AtomicIntegerArray
instanceKlass com/alibaba/fastjson/serializer/ReferenceCodec
instanceKlass com/alibaba/fastjson/serializer/AtomicCodec
instanceKlass com/alibaba/fastjson/serializer/ToStringSerializer
instanceKlass com/alibaba/fastjson/serializer/AppendableSerializer
instanceKlass com/alibaba/fastjson/serializer/MiscCodec
instanceKlass com/alibaba/fastjson/serializer/ObjectArrayCodec
instanceKlass com/alibaba/fastjson/serializer/PrimitiveArraySerializer
instanceKlass com/alibaba/fastjson/serializer/StringCodec
instanceKlass com/alibaba/fastjson/serializer/BigIntegerCodec
instanceKlass com/alibaba/fastjson/serializer/BigDecimalCodec
instanceKlass com/alibaba/fastjson/serializer/DoubleSerializer
instanceKlass com/alibaba/fastjson/serializer/FloatCodec
instanceKlass com/alibaba/fastjson/serializer/LongCodec
instanceKlass com/alibaba/fastjson/serializer/IntegerCodec
instanceKlass com/alibaba/fastjson/serializer/CharacterCodec
instanceKlass com/alibaba/fastjson/serializer/BooleanCodec
instanceKlass com/alibaba/fastjson/parser/deserializer/FieldDeserializer
instanceKlass com/alibaba/fastjson/serializer/BeanContext
instanceKlass com/alibaba/fastjson/parser/deserializer/ExtraTypeProvider
instanceKlass com/alibaba/fastjson/parser/deserializer/ExtraProcessable
instanceKlass com/alibaba/fastjson/parser/deserializer/ExtraProcessor
instanceKlass com/alibaba/fastjson/parser/deserializer/ParseProcess
instanceKlass com/alibaba/fastjson/parser/deserializer/AutowiredObjectDeserializer
instanceKlass com/alibaba/fastjson/parser/SymbolTable
instanceKlass com/alibaba/fastjson/parser/JSONToken
instanceKlass com/alibaba/fastjson/parser/ParseContext
instanceKlass com/alibaba/fastjson/parser/JSONLexerBase
instanceKlass com/alibaba/fastjson/parser/JSONLexer
instanceKlass com/alibaba/fastjson/parser/DefaultJSONParser
instanceKlass com/alibaba/fastjson/parser/ParserConfig
instanceKlass com/alibaba/fastjson/parser/deserializer/JavaBeanDeserializer
instanceKlass com/alibaba/fastjson/parser/deserializer/ObjectDeserializer
instanceKlass com/alibaba/fastjson/serializer/ContextObjectSerializer
instanceKlass com/alibaba/fastjson/serializer/ValueFilter
instanceKlass com/alibaba/fastjson/serializer/PropertyPreFilter
instanceKlass com/alibaba/fastjson/serializer/PropertyFilter
instanceKlass com/alibaba/fastjson/serializer/NameFilter
instanceKlass com/alibaba/fastjson/serializer/BeforeFilter
instanceKlass com/alibaba/fastjson/serializer/AfterFilter
instanceKlass com/alibaba/fastjson/serializer/ContextValueFilter
instanceKlass com/alibaba/fastjson/serializer/LabelFilter
instanceKlass com/alibaba/fastjson/serializer/Labels
instanceKlass com/alibaba/fastjson/serializer/SerializeBeanInfo
instanceKlass com/alibaba/fastjson/util/JavaBeanInfo
instanceKlass com/alibaba/fastjson/util/ParameterizedTypeImpl
instanceKlass com/alibaba/fastjson/util/TypeUtils
instanceKlass com/alibaba/fastjson/util/FieldInfo
instanceKlass com/alibaba/fastjson/JSONWriter
instanceKlass com/alibaba/fastjson/JSONReader
instanceKlass com/alibaba/fastjson/JSONPath
instanceKlass com/alibaba/fastjson/util/ASMClassLoader$1
instanceKlass com/alibaba/fastjson/serializer/SerialContext
instanceKlass com/alibaba/fastjson/asm/MethodVisitor
instanceKlass com/alibaba/fastjson/serializer/ASMSerializerFactory
instanceKlass com/alibaba/fastjson/asm/Opcodes
instanceKlass com/alibaba/fastjson/util/IdentityHashMap$Entry
instanceKlass com/alibaba/fastjson/util/IdentityHashMap
instanceKlass com/alibaba/fastjson/util/ASMUtils
instanceKlass com/alibaba/fastjson/serializer/ListSerializer
instanceKlass com/alibaba/fastjson/serializer/SerializeFilterable
instanceKlass com/alibaba/fastjson/serializer/ObjectSerializer
instanceKlass com/alibaba/fastjson/serializer/SerializeConfig
instanceKlass com/alibaba/fastjson/util/IOUtils$1
instanceKlass com/alibaba/fastjson/util/IOUtils
instanceKlass com/alibaba/fastjson/serializer/SerializeFilter
instanceKlass com/ais/cs/csmf/core/web/api/ApiEnumCode
instanceKlass com/ais/cs/csmf/auth/RepoKey
instanceKlass com/ais/cs/csmf/auth/data/DefaultAuthRepository
instanceKlass com/ais/cs/csmf/auth/TokenUtil
instanceKlass com/ais/cs/csmf/auth/servlet/model/AuthRequestForServlet
instanceKlass com/ais/cs/csmf/auth/servlet/model/AuthStorageForServlet
instanceKlass com/ais/cs/csmf/auth/context/AuthContextHolder
instanceKlass com/ais/cs/csmf/auth/AuthLogic
instanceKlass com/ais/cs/csmf/auth/AuthUtil
instanceKlass java/util/concurrent/locks/ReentrantReadWriteLock$Sync$HoldCounter
instanceKlass sun/util/locale/InternalLocaleBuilder$CaseInsensitiveChar
instanceKlass sun/util/locale/InternalLocaleBuilder
instanceKlass sun/util/locale/StringTokenIterator
instanceKlass sun/util/locale/ParseStatus
instanceKlass org/apache/tomcat/util/http/parser/AcceptLanguage
instanceKlass org/apache/tomcat/util/http/parser/Cookie$ByteBuffer
instanceKlass org/apache/tomcat/util/http/parser/Cookie
instanceKlass org/apache/tomcat/util/buf/C2BConverter
instanceKlass org/apache/tomcat/util/security/Escape
instanceKlass org/apache/catalina/core/AccessLogAdapter
instanceKlass org/apache/tomcat/util/net/NioBlockingSelector$BlockPoller$RunnableRemove
instanceKlass org/apache/tomcat/util/net/NioBlockingSelector$KeyReference
instanceKlass org/apache/coyote/http11/Constants
instanceKlass org/apache/tomcat/util/buf/HexUtils
instanceKlass org/springframework/util/StreamUtils
instanceKlass org/apache/coyote/Constants
instanceKlass org/springframework/http/server/ServletServerHttpResponse$$Lambda$1172
instanceKlass org/springframework/http/StreamingHttpOutputMessage
instanceKlass org/springframework/http/server/ServletServerHttpResponse
instanceKlass org/springframework/web/servlet/resource/HttpResource
instanceKlass org/apache/tomcat/util/http/parser/MediaType
instanceKlass org/springframework/web/servlet/handler/AbstractHandlerMapping$CorsInterceptor
instanceKlass org/springframework/util/AntPathMatcher$AntPatternComparator$PatternInfo
instanceKlass org/springframework/web/util/UrlPathHelper$Servlet4Delegate
instanceKlass org/springframework/web/servlet/mvc/method/RequestMappingInfoHandlerMapping$PartialMatchHelper
instanceKlass org/apache/catalina/core/ApplicationDispatcher$State
instanceKlass org/apache/catalina/core/ApplicationMapping$MappingImpl
instanceKlass org/apache/catalina/core/ApplicationMapping$1
instanceKlass org/apache/catalina/core/ApplicationContext$DispatchData
instanceKlass com/ais/cs/csmf/security/filter/HeaderWriterFilter$HeaderWriterRequestDispatcher
instanceKlass org/springframework/web/servlet/view/AbstractView$$Lambda$1171
instanceKlass org/springframework/web/servlet/support/RequestContext
instanceKlass org/springframework/web/accept/ContentNegotiationManager$$Lambda$1170
instanceKlass com/ais/cs/csmf/util/RequestUtil
instanceKlass org/springframework/web/servlet/support/RequestContextUtils
instanceKlass org/springframework/web/servlet/mvc/LastModified
instanceKlass org/springframework/web/cors/CorsUtils
instanceKlass org/springframework/web/util/ServletRequestPathUtils
instanceKlass org/springframework/web/servlet/handler/AbstractUrlHandlerMapping$PathExposingHandlerInterceptor
instanceKlass org/springframework/util/AntPathMatcher$AntPatternComparator
instanceKlass org/springframework/web/util/UriUtils
instanceKlass org/springframework/core/log/LogFormatUtils
instanceKlass org/springframework/web/servlet/DispatcherServlet$$Lambda$1169
instanceKlass org/springframework/web/servlet/FrameworkServlet$RequestBindingInterceptor
instanceKlass org/springframework/web/context/request/async/TimeoutDeferredResultProcessingInterceptor
instanceKlass org/springframework/web/context/request/async/TimeoutCallableProcessingInterceptor
instanceKlass org/springframework/web/context/request/async/AsyncWebRequest
instanceKlass org/springframework/web/context/request/async/WebAsyncUtils
instanceKlass com/ais/cs/csmf/i18n/CsmfLocaleResolver$1
instanceKlass org/springframework/context/i18n/TimeZoneAwareLocaleContext
instanceKlass org/springframework/web/util/WebUtils
instanceKlass com/ais/cs/csmf/security/util/matcher/AntPathRequestMatcher$SpringAntMatcher
instanceKlass com/ais/cs/csmf/security/util/matcher/AntPathRequestMatcher$SubpathMatcher
instanceKlass com/ais/cs/csmf/security/util/matcher/AntPathRequestMatcher$Matcher
instanceKlass com/ais/cs/csmf/security/util/matcher/AntPathRequestMatcher
instanceKlass com/ais/cs/csmf/security/util/matcher/RequestMatcher
instanceKlass com/ais/cs/csmf/security/util/matcher/RequestMatchers$1
instanceKlass com/ais/cs/csmf/security/util/matcher/MethodHelper
instanceKlass com/ais/cs/csmf/security/util/matcher/RequestMatchers
instanceKlass javax/servlet/http/CookieNameValidator
instanceKlass org/apache/catalina/session/ManagerBase$SessionTiming
instanceKlass org/apache/catalina/session/StandardSessionFacade
instanceKlass javax/servlet/http/HttpSessionContext
instanceKlass org/apache/catalina/session/StandardSession
instanceKlass javax/servlet/ServletRequestWrapper
instanceKlass org/apache/catalina/util/TLSUtil
instanceKlass org/apache/catalina/connector/ResponseFacade
instanceKlass org/apache/catalina/core/ApplicationFilterFactory$1
instanceKlass org/apache/catalina/core/ApplicationDispatcher
instanceKlass org/apache/catalina/AsyncDispatcher
instanceKlass org/apache/catalina/core/ApplicationFilterChain
instanceKlass org/apache/catalina/core/ApplicationFilterFactory
instanceKlass org/apache/coyote/AbstractProcessor$1
instanceKlass org/apache/catalina/authenticator/jaspic/PersistentProviderRegistrations$Property
instanceKlass org/apache/catalina/authenticator/jaspic/PersistentProviderRegistrations$Provider
instanceKlass org/apache/catalina/authenticator/jaspic/PersistentProviderRegistrations$Providers
instanceKlass org/apache/catalina/authenticator/jaspic/PersistentProviderRegistrations
instanceKlass javax/security/auth/message/config/AuthConfigFactory$1
instanceKlass javax/security/auth/message/config/AuthConfigFactory$2
instanceKlass javax/security/auth/message/config/AuthConfigFactory
instanceKlass org/springframework/context/i18n/SimpleLocaleContext
instanceKlass org/springframework/context/i18n/LocaleContextHolder
instanceKlass org/apache/catalina/connector/RequestFacade
instanceKlass org/apache/catalina/util/SessionConfig
instanceKlass org/apache/tomcat/util/buf/UEncoder
instanceKlass org/apache/tomcat/util/collections/ConcurrentCache
instanceKlass org/apache/tomcat/util/http/parser/MediaTypeCache
instanceKlass org/apache/catalina/core/ApplicationMapping
instanceKlass org/apache/catalina/mapper/MappingData
instanceKlass org/apache/catalina/util/ParameterMap
instanceKlass org/apache/tomcat/util/buf/ByteChunk$ByteInputChannel
instanceKlass org/apache/catalina/connector/Request$7
instanceKlass org/apache/catalina/connector/Request$6
instanceKlass org/apache/catalina/connector/Request$5
instanceKlass org/apache/catalina/connector/Request$4
instanceKlass org/apache/catalina/connector/Request$3
instanceKlass org/apache/catalina/connector/Request$2
instanceKlass org/apache/catalina/connector/Request$1
instanceKlass org/apache/catalina/connector/Request$SpecialAttributeAdapter
instanceKlass org/apache/tomcat/util/http/fileupload/RequestContext
instanceKlass org/apache/tomcat/util/http/fileupload/FileItemFactory
instanceKlass org/apache/tomcat/util/http/parser/Host
instanceKlass org/apache/tomcat/util/buf/StringCache$ByteEntry
instanceKlass org/apache/tomcat/util/http/parser/TokenList
instanceKlass org/apache/tomcat/util/http/ValuesEnumerator
instanceKlass org/apache/tomcat/util/buf/Ascii
instanceKlass org/apache/coyote/http11/filters/GzipOutputFilter
instanceKlass org/apache/coyote/http11/filters/BufferedInputFilter
instanceKlass org/apache/coyote/http11/filters/VoidOutputFilter
instanceKlass org/apache/coyote/http11/filters/VoidInputFilter
instanceKlass org/apache/coyote/http11/filters/ChunkedOutputFilter
instanceKlass org/apache/coyote/http11/filters/ChunkedInputFilter
instanceKlass org/apache/coyote/http11/filters/IdentityOutputFilter
instanceKlass org/apache/coyote/http11/filters/IdentityInputFilter
instanceKlass org/apache/coyote/http11/Http11OutputBuffer$SocketOutputBuffer
instanceKlass org/apache/coyote/http11/Http11OutputBuffer
instanceKlass org/apache/coyote/http11/Http11InputBuffer$SocketInputBuffer
instanceKlass org/apache/coyote/http11/Http11InputBuffer$HeaderParseData
instanceKlass org/apache/coyote/http11/Http11InputBuffer
instanceKlass org/apache/tomcat/util/net/ApplicationBufferHandler
instanceKlass org/apache/tomcat/util/http/parser/HttpParser
instanceKlass org/apache/coyote/AsyncStateMachine
instanceKlass org/apache/coyote/RequestInfo
instanceKlass org/apache/tomcat/util/log/UserDataHelper
instanceKlass org/apache/tomcat/util/http/Parameters
instanceKlass org/apache/tomcat/util/http/ServerCookie
instanceKlass org/apache/tomcat/util/http/ServerCookies
instanceKlass org/apache/tomcat/util/http/MimeHeaderField
instanceKlass org/apache/tomcat/util/http/MimeHeaders
instanceKlass org/apache/tomcat/util/buf/MessageBytes$MessageBytesFactory
instanceKlass org/apache/tomcat/util/buf/MessageBytes
instanceKlass org/apache/coyote/http11/OutputFilter
instanceKlass org/apache/coyote/http11/HttpOutputBuffer
instanceKlass org/apache/coyote/http11/InputFilter
instanceKlass org/apache/coyote/OutputBuffer
instanceKlass org/apache/coyote/InputBuffer
instanceKlass org/apache/coyote/AbstractProcessorLight
instanceKlass org/apache/coyote/ActionHook
instanceKlass org/apache/tomcat/util/net/ContainerThreadMarker
instanceKlass org/apache/coyote/ContainerThreadMarker
instanceKlass sun/nio/ch/WindowsSelectorImpl$MapEntry
instanceKlass org/apache/tomcat/util/net/NioEndpoint$PollerEvent
instanceKlass java/util/concurrent/Semaphore
instanceKlass org/apache/tomcat/util/net/WriteBuffer
instanceKlass org/apache/tomcat/util/net/SocketWrapperBase$3
instanceKlass org/apache/tomcat/util/net/SocketWrapperBase$2
instanceKlass org/apache/tomcat/util/net/SocketWrapperBase$1
instanceKlass org/apache/tomcat/util/net/SocketWrapperBase$OperationState
instanceKlass org/apache/tomcat/util/net/SendfileDataBase
instanceKlass org/apache/tomcat/util/net/SocketWrapperBase$CompletionCheck
instanceKlass org/apache/tomcat/util/net/SocketBufferHandler
instanceKlass org/apache/catalina/mapper/WrapperMappingInfo
instanceKlass org/apache/jasper/servlet/JspCServletContext
instanceKlass org/apache/jasper/compiler/tagplugin/TagPluginContext
instanceKlass org/apache/jasper/compiler/Node$Visitor
instanceKlass org/apache/jasper/compiler/TagPluginManager
instanceKlass org/apache/jasper/EmbeddedServletOptions
instanceKlass org/apache/jasper/Constants
instanceKlass javax/servlet/SingleThreadModel
instanceKlass javax/servlet/annotation/MultipartConfig
instanceKlass org/apache/catalina/ContainerServlet
instanceKlass com/ais/cs/csmf/core/web/api/ApiCode
instanceKlass org/apache/catalina/core/ApplicationFilterConfig
instanceKlass org/apache/catalina/core/StandardContext$NoPluggabilityServletContext
instanceKlass org/apache/tomcat/websocket/server/WsContextListener
instanceKlass org/apache/tomcat/websocket/server/WsSessionListener
instanceKlass javax/servlet/GenericFilter
instanceKlass java/util/concurrent/ConcurrentSkipListMap$Node
instanceKlass java/util/concurrent/ConcurrentSkipListMap$Index
instanceKlass org/apache/tomcat/websocket/server/WsWriteTimeout$EndpointComparator
instanceKlass java/util/concurrent/ConcurrentNavigableMap
instanceKlass org/apache/tomcat/websocket/server/WsWriteTimeout
instanceKlass org/apache/tomcat/websocket/WsExtension
instanceKlass javax/websocket/Extension
instanceKlass org/apache/tomcat/websocket/Constants
instanceKlass javax/websocket/CloseReason
instanceKlass javax/websocket/HandshakeResponse
instanceKlass javax/websocket/Session
instanceKlass org/apache/tomcat/websocket/WsRemoteEndpointImplBase
instanceKlass javax/websocket/RemoteEndpoint
instanceKlass javax/websocket/EndpointConfig
instanceKlass org/apache/tomcat/websocket/AsyncChannelWrapper
instanceKlass javax/websocket/CloseReason$CloseCode
instanceKlass org/apache/tomcat/websocket/WsWebSocketContainer
instanceKlass org/apache/tomcat/websocket/BackgroundProcess
instanceKlass org/apache/jasper/compiler/TldCache$TaglibXmlCacheEntry
instanceKlass org/apache/tomcat/util/scan/ReferenceCountedJar
instanceKlass org/apache/jasper/compiler/TldCache
instanceKlass org/apache/jasper/compiler/Localizer
instanceKlass javax/servlet/jsp/tagext/FunctionInfo
instanceKlass com/sun/org/apache/xerces/internal/impl/dtd/XMLNotationDecl
instanceKlass com/sun/org/apache/xerces/internal/impl/XMLEntityDescription
instanceKlass org/apache/tomcat/util/descriptor/tld/TaglibXml
instanceKlass org/apache/tomcat/util/descriptor/tld/TldResourcePath
instanceKlass java/nio/file/FileVisitor
instanceKlass org/apache/jasper/servlet/TldScanner$TldScannerCallback
instanceKlass org/apache/jasper/compiler/JarScannerFactory
instanceKlass org/apache/tomcat/util/descriptor/tld/TagFileXml
instanceKlass javax/servlet/jsp/tagext/TagAttributeInfo
instanceKlass org/apache/tomcat/util/descriptor/tld/TldRuleSet$Attribute
instanceKlass javax/servlet/jsp/tagext/TagVariableInfo
instanceKlass org/apache/tomcat/util/descriptor/tld/TldRuleSet$Variable
instanceKlass org/apache/tomcat/util/descriptor/tld/TagXml
instanceKlass org/apache/tomcat/util/descriptor/tld/ValidatorXml
instanceKlass org/apache/tomcat/util/descriptor/tld/TldRuleSet
instanceKlass org/apache/tomcat/util/descriptor/tld/TldParser
instanceKlass org/apache/jasper/servlet/TldScanner
instanceKlass org/springframework/boot/SpringApplicationRunListeners$$Lambda$1168
instanceKlass org/springframework/boot/CommandLineRunner
instanceKlass org/springframework/boot/ApplicationRunner
instanceKlass org/springframework/boot/SpringApplicationRunListeners$$Lambda$1167
instanceKlass org/springframework/util/ConcurrentReferenceHashMap$EntryIterator
instanceKlass java/util/AbstractMap$1$1
instanceKlass org/springframework/beans/CachedIntrospectionResults$$Lambda$1166
instanceKlass org/springframework/beans/CachedIntrospectionResults$$Lambda$1165
instanceKlass org/springframework/beans/CachedIntrospectionResults$$Lambda$1164
instanceKlass org/springframework/context/support/LiveBeansView
instanceKlass org/springframework/context/support/LiveBeansViewMBean
instanceKlass com/ais/bmc/ops/queue/OpsProcessDetailRecordHandle
instanceKlass com/ais/cs/csmf/web/task/exporter/ExportTaskParam
instanceKlass com/ais/cs/csmf/web/task/importer/ImportTaskParam
instanceKlass com/ais/wapi/core/service/WapiResourceService$$Lambda$1163
instanceKlass com/ais/wapi/core/service/WapiResourceService$$Lambda$1162
instanceKlass com/ais/wapi/core/service/WapiResourceService$$Lambda$1161
instanceKlass com/ais/wapi/core/service/WapiResourceService$$Lambda$1160
instanceKlass com/ais/wapi/core/service/WapiResourceService$$Lambda$1159
instanceKlass com/ais/wapi/core/service/WapiResourceService$$Lambda$1158
instanceKlass com/ais/wapi/core/service/WapiResourceService$$Lambda$1157
instanceKlass java/util/AbstractList$1
instanceKlass com/ais/wapi/core/service/WapiResourceService$$Lambda$1156
instanceKlass com/ais/wapi/core/service/WapiResourceService$$Lambda$1155
instanceKlass com/ais/wapi/core/service/WapiResourceService$$Lambda$1154
instanceKlass com/sun/xml/internal/bind/DatatypeConverterImpl
instanceKlass javax/xml/bind/DatatypeConverterInterface
instanceKlass com/sun/xml/internal/bind/v2/runtime/unmarshaller/TagName
instanceKlass com/sun/xml/internal/bind/v2/runtime/unmarshaller/SAXConnector
instanceKlass javax/xml/bind/UnmarshallerHandler
instanceKlass com/sun/xml/internal/bind/v2/util/XmlFactory$1
instanceKlass com/sun/xml/internal/bind/v2/util/XmlFactory
instanceKlass com/sun/xml/internal/bind/v2/runtime/unmarshaller/UnmarshallingContext$State
instanceKlass com/sun/xml/internal/bind/v2/runtime/unmarshaller/Scope
instanceKlass com/sun/xml/internal/bind/v2/runtime/unmarshaller/LocatorExWrapper
instanceKlass com/sun/xml/internal/bind/v2/runtime/unmarshaller/LocatorEx
instanceKlass com/sun/xml/internal/bind/v2/runtime/Coordinator
instanceKlass com/sun/xml/internal/bind/v2/runtime/unmarshaller/XmlVisitor$TextPredictor
instanceKlass com/sun/xml/internal/bind/v2/runtime/unmarshaller/XmlVisitor
instanceKlass javax/xml/namespace/NamespaceContext
instanceKlass com/sun/xml/internal/bind/IDResolver
instanceKlass javax/xml/bind/helpers/DefaultValidationEventHandler
instanceKlass javax/xml/bind/helpers/AbstractUnmarshallerImpl
instanceKlass javax/xml/bind/ValidationEventHandler
instanceKlass com/sun/xml/internal/bind/v2/runtime/NameList
instanceKlass com/sun/xml/internal/bind/v2/runtime/unmarshaller/ChildLoader
instanceKlass com/sun/xml/internal/bind/v2/runtime/property/ArrayERProperty$ReceiverImpl
instanceKlass com/sun/xml/internal/bind/v2/runtime/unmarshaller/StructureLoader$1
instanceKlass com/sun/xml/internal/bind/v2/runtime/property/UnmarshallerChain
instanceKlass javax/xml/bind/annotation/W3CDomHandler
instanceKlass javax/xml/bind/annotation/DomHandler
instanceKlass com/sun/xml/internal/bind/v2/model/runtime/RuntimeArrayInfo
instanceKlass com/sun/xml/internal/bind/v2/model/core/ArrayInfo
instanceKlass com/sun/xml/internal/bind/v2/runtime/ElementBeanInfoImpl$1
instanceKlass javax/xml/bind/JAXBElement
instanceKlass com/sun/xml/internal/bind/v2/runtime/property/TagAndType
instanceKlass com/sun/xml/internal/bind/v2/runtime/LifecycleMethods
instanceKlass com/sun/xml/internal/bind/v2/runtime/reflect/opt/Injector$1
instanceKlass com/sun/xml/internal/bind/v2/runtime/reflect/opt/Injector
instanceKlass com/sun/xml/internal/bind/v2/runtime/reflect/opt/SecureLoader
instanceKlass com/sun/xml/internal/bind/v2/runtime/reflect/opt/AccessorInjector
instanceKlass com/sun/xml/internal/bind/v2/runtime/reflect/opt/Ref
instanceKlass com/sun/xml/internal/bind/v2/runtime/reflect/opt/Bean
instanceKlass com/sun/xml/internal/bind/v2/bytecode/ClassTailor
instanceKlass com/sun/xml/internal/bind/v2/runtime/reflect/opt/OptimizedTransducedAccessorFactory
instanceKlass com/sun/xml/internal/bind/v2/runtime/reflect/TransducedAccessor
instanceKlass com/sun/xml/internal/bind/v2/runtime/Name
instanceKlass com/sun/xml/internal/bind/v2/model/runtime/RuntimeElementInfo
instanceKlass com/sun/xml/internal/bind/v2/model/core/ElementInfo
instanceKlass com/sun/xml/internal/bind/v2/runtime/reflect/opt/OptimizedAccessorFactory
instanceKlass com/sun/xml/internal/bind/v2/ClassFactory
instanceKlass com/sun/xml/internal/bind/v2/runtime/reflect/Lister$2
instanceKlass com/sun/xml/internal/bind/v2/runtime/reflect/ListIterator
instanceKlass com/sun/xml/internal/bind/v2/runtime/reflect/Lister
instanceKlass com/sun/xml/internal/bind/v2/runtime/property/Utils$1
instanceKlass com/sun/xml/internal/bind/v2/runtime/property/Utils
instanceKlass com/sun/xml/internal/bind/v2/runtime/property/PropertyFactory$1
instanceKlass com/sun/xml/internal/bind/v2/model/runtime/RuntimeMapPropertyInfo
instanceKlass com/sun/xml/internal/bind/v2/model/core/MapPropertyInfo
instanceKlass com/sun/xml/internal/bind/v2/model/runtime/RuntimeReferencePropertyInfo
instanceKlass com/sun/xml/internal/bind/v2/model/core/ReferencePropertyInfo
instanceKlass com/sun/xml/internal/bind/v2/runtime/property/PropertyFactory
instanceKlass com/sun/xml/internal/bind/v2/runtime/property/PropertyImpl
instanceKlass com/sun/xml/internal/bind/v2/runtime/property/Property
instanceKlass com/sun/xml/internal/bind/v2/runtime/property/StructureLoaderBuilder
instanceKlass com/sun/xml/internal/bind/v2/runtime/AttributeAccessor
instanceKlass com/sun/xml/internal/bind/v2/runtime/unmarshaller/Loader
instanceKlass javax/xml/bind/Marshaller
instanceKlass javax/xml/bind/Unmarshaller
instanceKlass com/sun/xml/internal/bind/v2/runtime/JaxBeanInfo
instanceKlass com/sun/xml/internal/bind/v2/util/FlattenIterator
instanceKlass com/ais/wapi/core/xml/bean/Results
instanceKlass com/ais/wapi/core/xml/bean/WapiResult
instanceKlass javax/xml/bind/annotation/XmlSeeAlso
instanceKlass com/sun/xml/internal/bind/v2/model/runtime/RuntimeValuePropertyInfo
instanceKlass com/sun/xml/internal/bind/v2/model/core/ValuePropertyInfo
instanceKlass com/sun/xml/internal/bind/v2/model/impl/GetterSetterPropertySeed
instanceKlass com/sun/xml/internal/bind/v2/model/annotation/MethodLocatable
instanceKlass com/sun/xml/internal/bind/v2/runtime/reflect/Utils$1
instanceKlass com/sun/xml/internal/bind/v2/runtime/reflect/Utils
instanceKlass com/sun/xml/internal/bind/v2/model/core/Adapter
instanceKlass com/ais/wapi/core/xml/bean/Params
instanceKlass com/ais/wapi/core/xml/bean/WapiParam
instanceKlass javax/xml/bind/annotation/adapters/XmlAdapter
instanceKlass javax/xml/bind/annotation/adapters/XmlJavaTypeAdapter$DEFAULT
instanceKlass com/ais/wapi/core/xml/bean/unit/package-info
instanceKlass java/lang/Package$1PackageInfoProxy
instanceKlass com/sun/xml/internal/bind/v2/model/impl/AttributePropertyInfoImpl$1
instanceKlass com/sun/xml/internal/bind/v2/model/runtime/RuntimeAttributePropertyInfo
instanceKlass com/sun/xml/internal/bind/v2/model/core/AttributePropertyInfo
instanceKlass com/sun/xml/internal/bind/v2/model/impl/TypeRefImpl
instanceKlass com/sun/xml/internal/bind/v2/model/runtime/RuntimeTypeRef
instanceKlass com/sun/xml/internal/bind/v2/model/runtime/RuntimeNonElementRef
instanceKlass com/sun/xml/internal/bind/v2/model/core/TypeRef
instanceKlass com/sun/xml/internal/bind/v2/model/core/NonElementRef
instanceKlass com/sun/xml/internal/bind/v2/model/impl/PropertyInfoImpl$1
instanceKlass com/sun/xml/internal/bind/v2/TODO
instanceKlass com/sun/xml/internal/bind/annotation/XmlLocation
instanceKlass javax/xml/bind/annotation/XmlSchemaTypes
instanceKlass com/sun/xml/internal/bind/v2/model/nav/ParameterizedTypeImpl
instanceKlass com/sun/xml/internal/bind/v2/model/nav/ReflectionNavigator$BinderArg
instanceKlass javax/xml/bind/annotation/adapters/XmlJavaTypeAdapters
instanceKlass com/sun/xml/internal/bind/v2/model/impl/Util
instanceKlass com/sun/xml/internal/bind/v2/model/impl/PropertyInfoImpl
instanceKlass com/sun/xml/internal/bind/v2/model/runtime/RuntimeElementPropertyInfo
instanceKlass com/sun/xml/internal/bind/v2/model/runtime/RuntimePropertyInfo
instanceKlass com/sun/xml/internal/bind/v2/model/core/ElementPropertyInfo
instanceKlass com/sun/xml/internal/bind/v2/model/core/PropertyInfo
instanceKlass com/sun/xml/internal/bind/v2/model/impl/ClassInfoImpl$1
instanceKlass com/sun/xml/internal/bind/v2/model/impl/FieldPropertySeed
instanceKlass com/sun/xml/internal/bind/v2/model/impl/RuntimeClassInfoImpl$RuntimePropertySeed
instanceKlass com/sun/xml/internal/bind/v2/model/impl/PropertySeed
instanceKlass com/sun/xml/internal/bind/v2/model/annotation/AnnotationSource
instanceKlass com/sun/xml/internal/bind/v2/runtime/reflect/Accessor
instanceKlass com/sun/xml/internal/bind/v2/runtime/unmarshaller/Receiver
instanceKlass javax/xml/bind/annotation/XmlElement$DEFAULT
instanceKlass com/sun/xml/internal/bind/v2/model/annotation/SecureLoader
instanceKlass com/sun/xml/internal/bind/AccessorFactoryImpl
instanceKlass com/sun/xml/internal/bind/InternalAccessorFactory
instanceKlass com/sun/xml/internal/bind/AccessorFactory
instanceKlass javax/xml/bind/annotation/XmlAccessorOrder
instanceKlass com/sun/xml/internal/bind/api/impl/NameUtil
instanceKlass com/sun/xml/internal/bind/api/impl/NameConverter
instanceKlass com/ais/wapi/core/xml/bean/package-info
instanceKlass com/sun/xml/internal/bind/annotation/OverrideAnnotationOf
instanceKlass javax/xml/bind/annotation/XmlMixed
instanceKlass javax/xml/bind/annotation/XmlAnyElement
instanceKlass javax/xml/bind/annotation/XmlElements
instanceKlass javax/xml/bind/annotation/XmlAnyAttribute
instanceKlass javax/xml/bind/annotation/XmlList
instanceKlass javax/xml/bind/annotation/XmlAttachmentRef
instanceKlass javax/xml/bind/annotation/XmlMimeType
instanceKlass javax/xml/bind/annotation/XmlInlineBinaryData
instanceKlass javax/xml/bind/annotation/XmlIDREF
instanceKlass javax/xml/bind/annotation/XmlID
instanceKlass javax/xml/bind/annotation/adapters/XmlJavaTypeAdapter
instanceKlass com/sun/xml/internal/bind/v2/model/impl/TypeInfoImpl
instanceKlass com/sun/xml/internal/bind/v2/model/runtime/RuntimeElement
instanceKlass com/sun/xml/internal/bind/v2/model/core/Element
instanceKlass com/sun/xml/internal/bind/v2/model/runtime/RuntimeClassInfo
instanceKlass com/sun/xml/internal/bind/v2/model/core/ClassInfo
instanceKlass javax/xml/bind/annotation/XmlValue
instanceKlass javax/xml/bind/annotation/XmlTransient
instanceKlass javax/xml/bind/annotation/XmlSchemaType
instanceKlass javax/xml/bind/annotation/XmlEnum
instanceKlass javax/xml/bind/annotation/XmlElementRefs
instanceKlass javax/xml/bind/annotation/XmlElementRef
instanceKlass javax/xml/bind/annotation/XmlElementDecl
instanceKlass com/sun/xml/internal/bind/v2/model/annotation/Quick
instanceKlass com/sun/xml/internal/bind/v2/model/annotation/Init
instanceKlass com/sun/xml/internal/bind/v2/model/annotation/LocatableAnnotation
instanceKlass javax/xml/bind/annotation/XmlRegistry
instanceKlass com/sun/xml/internal/bind/v2/model/core/Ref
instanceKlass com/sun/xml/internal/bind/api/CompositeStructure
instanceKlass com/sun/xml/internal/bind/v2/runtime/IllegalAnnotationsException$Builder
instanceKlass com/sun/xml/internal/bind/v2/runtime/RuntimeUtil
instanceKlass com/sun/xml/internal/bind/v2/model/impl/AnyTypeImpl
instanceKlass com/sun/xml/internal/bind/v2/model/impl/TypeInfoSetImpl$1
instanceKlass javax/xml/datatype/Duration
instanceKlass javax/xml/datatype/XMLGregorianCalendar
instanceKlass javax/activation/DataHandler
instanceKlass java/awt/datatransfer/Transferable
instanceKlass java/awt/Image
instanceKlass javax/xml/datatype/DatatypeConstants$Field
instanceKlass javax/xml/datatype/DatatypeConstants
instanceKlass com/sun/xml/internal/bind/v2/model/impl/RuntimeBuiltinLeafInfoImpl$1
instanceKlass com/sun/xml/internal/bind/v2/model/impl/LeafInfoImpl
instanceKlass com/sun/xml/internal/bind/v2/runtime/Transducer
instanceKlass com/sun/xml/internal/bind/v2/model/runtime/RuntimeBuiltinLeafInfo
instanceKlass com/sun/xml/internal/bind/v2/model/runtime/RuntimeLeafInfo
instanceKlass com/sun/xml/internal/bind/v2/model/runtime/RuntimeNonElement
instanceKlass com/sun/xml/internal/bind/v2/model/runtime/RuntimeTypeInfo
instanceKlass com/sun/xml/internal/bind/v2/model/core/BuiltinLeafInfo
instanceKlass com/sun/xml/internal/bind/v2/model/core/LeafInfo
instanceKlass com/sun/xml/internal/bind/v2/model/core/MaybeElement
instanceKlass com/sun/xml/internal/bind/v2/model/core/NonElement
instanceKlass com/sun/xml/internal/bind/v2/model/core/TypeInfo
instanceKlass com/sun/xml/internal/bind/v2/model/annotation/Locatable
instanceKlass com/sun/xml/internal/bind/v2/model/impl/TypeInfoSetImpl
instanceKlass com/sun/xml/internal/bind/v2/model/runtime/RuntimeTypeInfoSet
instanceKlass com/sun/xml/internal/bind/v2/model/core/TypeInfoSet
instanceKlass com/sun/xml/internal/bind/v2/model/impl/ModelBuilder$1
instanceKlass com/sun/xml/internal/bind/v2/model/core/ErrorHandler
instanceKlass com/sun/xml/internal/bind/v2/runtime/Location
instanceKlass com/sun/xml/internal/bind/v2/model/impl/Utils$1
instanceKlass com/sun/xml/internal/bind/v2/model/nav/TypeVisitor
instanceKlass com/sun/xml/internal/bind/v2/model/nav/ReflectionNavigator
instanceKlass com/sun/xml/internal/bind/v2/model/nav/Navigator
instanceKlass com/sun/xml/internal/bind/v2/model/impl/Utils
instanceKlass com/sun/xml/internal/bind/WhiteSpaceProcessor
instanceKlass com/sun/xml/internal/bind/v2/model/impl/ModelBuilder
instanceKlass com/sun/xml/internal/bind/v2/model/impl/ModelBuilderI
instanceKlass com/sun/xml/internal/bind/v2/runtime/NameBuilder
instanceKlass com/sun/istack/internal/Pool$Impl
instanceKlass com/sun/istack/internal/Pool
instanceKlass com/sun/xml/internal/bind/v2/util/QNameMap$Entry
instanceKlass com/sun/xml/internal/bind/v2/util/QNameMap
instanceKlass com/sun/xml/internal/bind/v2/runtime/JAXBContextImpl$6
instanceKlass com/sun/xml/internal/bind/v2/model/annotation/AbstractInlineAnnotationReaderImpl
instanceKlass com/sun/xml/internal/bind/v2/runtime/JAXBContextImpl$JAXBContextBuilder
instanceKlass com/sun/xml/internal/bind/v2/util/TypeCast
instanceKlass com/sun/xml/internal/bind/Util
instanceKlass com/sun/xml/internal/bind/v2/model/annotation/RuntimeAnnotationReader
instanceKlass com/sun/xml/internal/bind/v2/model/annotation/AnnotationReader
instanceKlass com/sun/xml/internal/bind/v2/ContextFactory
instanceKlass javax/xml/bind/GetPropertyAction
instanceKlass javax/xml/bind/ContextFinder
instanceKlass javax/xml/bind/JAXBContext
instanceKlass com/ais/wapi/core/xml/utils/JAXBXmlUtil
instanceKlass com/ais/wapi/core/xml/bean/WapiRoot
instanceKlass com/ais/wapi/core/service/WapiResourceService$$Lambda$1153
instanceKlass org/springframework/jdbc/datasource/SmartDataSource
instanceKlass org/mybatis/spring/SqlSessionUtils$$Lambda$1152
instanceKlass org/mybatis/spring/transaction/SpringManagedTransaction$$Lambda$1151
instanceKlass java/sql/Struct
instanceKlass java/sql/Array
instanceKlass com/atomikos/datasource/xa/session/TransactionContextStateHandler
instanceKlass com/atomikos/datasource/xa/session/TransactionContext
instanceKlass com/atomikos/util/DynamicProxy
instanceKlass com/atomikos/datasource/pool/Reapable
instanceKlass com/atomikos/icatch/Synchronization
instanceKlass com/atomikos/jdbc/AbstractConnectionProxy
instanceKlass com/atomikos/jdbc/JdbcConnectionProxyHelper
instanceKlass com/mysql/jdbc/PreparedStatement$BatchVisitor
instanceKlass com/mysql/jdbc/PreparedStatement$ParseInfo
instanceKlass com/mysql/jdbc/ParameterBindings
instanceKlass java/sql/ParameterMetaData
instanceKlass org/springframework/jdbc/datasource/DataSourceUtils
instanceKlass org/mybatis/spring/SqlSessionUtils$$Lambda$1150
instanceKlass org/apache/ibatis/session/ResultContext
instanceKlass org/apache/ibatis/session/defaults/DefaultSqlSession
instanceKlass org/apache/ibatis/plugin/Plugin$$Lambda$1149
instanceKlass org/apache/ibatis/plugin/Plugin
instanceKlass org/apache/ibatis/cache/TransactionalCacheManager
instanceKlass org/apache/ibatis/executor/CachingExecutor
instanceKlass org/apache/ibatis/executor/BaseExecutor
instanceKlass org/mybatis/spring/transaction/SpringManagedTransaction
instanceKlass org/mybatis/spring/SqlSessionUtils$$Lambda$1148
instanceKlass org/springframework/transaction/support/TransactionSynchronizationUtils$ScopedProxyUnwrapper
instanceKlass org/springframework/core/InfrastructureProxy
instanceKlass org/springframework/transaction/support/TransactionSynchronizationUtils
instanceKlass org/springframework/transaction/support/TransactionSynchronizationManager
instanceKlass org/springframework/transaction/support/TransactionSynchronization
instanceKlass org/mybatis/spring/SqlSessionUtils
instanceKlass org/springframework/cglib/core/EmitUtils$16
instanceKlass org/springframework/cglib/core/EmitUtils$15
instanceKlass org/springframework/aop/framework/ReflectiveMethodInvocation
instanceKlass org/springframework/aop/ProxyMethodInvocation
instanceKlass java/time/LocalTime$1
instanceKlass java/time/ZonedDateTime$1
instanceKlass java/time/LocalDateTime$1
instanceKlass org/springframework/scheduling/support/SimpleTriggerContext
instanceKlass org/springframework/scheduling/TriggerContext
instanceKlass org/springframework/scheduling/support/DelegatingErrorHandlingRunnable
instanceKlass org/springframework/scheduling/support/TaskUtils$LoggingErrorHandler
instanceKlass org/springframework/scheduling/support/TaskUtils
instanceKlass org/springframework/boot/autoconfigure/condition/ConditionEvaluationReport$$Lambda$1147
instanceKlass org/springframework/boot/autoconfigure/condition/ConditionEvaluationReport$$Lambda$1146
instanceKlass springfox/documentation/builders/DocumentationBuilder$$Lambda$1145
instanceKlass springfox/documentation/builders/ServerBuilder
instanceKlass springfox/documentation/spi/service/contexts/DocumentationContext$$Lambda$1144
instanceKlass springfox/documentation/spring/web/scanners/ApiDocumentationScanner$$Lambda$1143
instanceKlass org/springframework/web/util/HierarchicalUriComponents$PathSegmentComponent
instanceKlass springfox/documentation/spring/web/scanners/ApiDocumentationScanner$$Lambda$1142
instanceKlass springfox/documentation/spring/web/scanners/ApiDocumentationScanner$$Lambda$1141
instanceKlass springfox/documentation/builders/DocumentationBuilder$$Lambda$1140
instanceKlass springfox/documentation/builders/DocumentationBuilder$$Lambda$1139
instanceKlass springfox/documentation/builders/DocumentationBuilder$$Lambda$1138
instanceKlass springfox/documentation/builders/DocumentationBuilder$$Lambda$1137
instanceKlass springfox/documentation/builders/DocumentationBuilder$$Lambda$1136
instanceKlass springfox/documentation/builders/DocumentationBuilder$$Lambda$1135
instanceKlass springfox/documentation/builders/DocumentationBuilder
instanceKlass springfox/documentation/service/Tags$$Lambda$1134
instanceKlass springfox/documentation/service/Tags$$Lambda$1133
instanceKlass springfox/documentation/service/Tags$$Lambda$1132
instanceKlass springfox/documentation/builders/BodyParameterSpecificationProvider$$Lambda$1131
instanceKlass springfox/documentation/builders/BodyParameterSpecificationProvider$$Lambda$1130
instanceKlass java/util/LinkedList$LLSpliterator
instanceKlass springfox/documentation/schema/DefaultModelSpecificationProvider$$Lambda$1129
instanceKlass springfox/documentation/schema/DefaultModelSpecificationProvider$$Lambda$1128
instanceKlass springfox/documentation/schema/DefaultModelSpecificationProvider$$Lambda$1127
instanceKlass java/lang/invoke/LambdaForm$DMH
instanceKlass com/fasterxml/jackson/databind/introspect/AnnotationCollector$TwoAnnotations
instanceKlass com/fasterxml/jackson/databind/util/Converter$None
instanceKlass com/fasterxml/jackson/databind/util/Converter
instanceKlass springfox/documentation/spring/web/scanners/ApiModelReader$$Lambda$1126
instanceKlass springfox/documentation/spring/web/scanners/ApiModelReader$$Lambda$1125
instanceKlass springfox/documentation/spring/web/scanners/ApiModelReader$$Lambda$1124
instanceKlass springfox/documentation/spring/web/scanners/ApiModelReader$$Lambda$1123
instanceKlass springfox/documentation/spring/web/scanners/ApiModelReader$$Lambda$1122
instanceKlass springfox/documentation/spring/web/scanners/ApiModelReader$$Lambda$1121
instanceKlass springfox/documentation/schema/DefaultModelSpecificationProvider$$Lambda$1120
instanceKlass springfox/documentation/schema/DefaultModelProvider$$Lambda$1119
instanceKlass springfox/documentation/swagger/readers/operation/OperationImplicitParameterReader$$Lambda$1118
instanceKlass springfox/documentation/builders/ExampleBuilder
instanceKlass springfox/documentation/swagger/readers/operation/OperationImplicitParameterReader$$Lambda$1117
instanceKlass springfox/documentation/swagger/readers/operation/OperationImplicitParameterReader$$Lambda$1116
instanceKlass springfox/documentation/swagger/readers/operation/OperationImplicitParameterReader$$Lambda$1115
instanceKlass springfox/documentation/swagger/readers/operation/OperationImplicitParameterReader$$Lambda$1114
instanceKlass springfox/documentation/swagger/readers/operation/OperationImplicitParameterReader$$Lambda$1113
instanceKlass springfox/documentation/builders/RequestParameterBuilder$$Lambda$1112
instanceKlass springfox/documentation/swagger/readers/operation/OperationImplicitParameterReader$$Lambda$1111
instanceKlass springfox/documentation/swagger/schema/ApiModelProperties
instanceKlass springfox/documentation/swagger/readers/operation/OperationImplicitParameterReader$$Lambda$1110
instanceKlass springfox/documentation/spring/web/readers/parameter/ParameterRequiredReader$$Lambda$1109
instanceKlass springfox/documentation/service/CollectionFormat
instanceKlass springfox/documentation/swagger/readers/parameter/ApiParamParameterBuilder$$Lambda$1108
instanceKlass springfox/documentation/swagger/readers/parameter/ApiParamParameterBuilder$$Lambda$1107
instanceKlass springfox/documentation/swagger/readers/parameter/ApiParamParameterBuilder$$Lambda$1106
instanceKlass springfox/documentation/swagger/readers/parameter/Examples
instanceKlass springfox/documentation/schema/ScalarType$$Lambda$1105
instanceKlass springfox/documentation/spring/web/readers/parameter/ModelAttributeParameterExpander$$Lambda$1104
instanceKlass springfox/documentation/spring/web/readers/parameter/ModelAttributeParameterExpander$$Lambda$1103
instanceKlass springfox/documentation/spring/web/readers/parameter/ModelAttributeParameterExpander$$Lambda$1102
instanceKlass springfox/documentation/spring/web/readers/parameter/ModelAttributeParameterExpander$$Lambda$1101
instanceKlass springfox/documentation/spring/web/readers/parameter/ModelAttributeParameterExpander$$Lambda$1100
instanceKlass springfox/documentation/spring/web/readers/parameter/ModelAttributeParameterExpander$$Lambda$1099
instanceKlass springfox/documentation/spring/web/readers/parameter/ModelAttributeParameterExpander$$Lambda$1098
instanceKlass springfox/documentation/spring/web/readers/parameter/ModelAttributeParameterExpander$$Lambda$1097
instanceKlass springfox/documentation/spring/web/readers/parameter/ModelAttributeParameterExpander$$Lambda$1096
instanceKlass springfox/documentation/spring/web/readers/parameter/ModelAttributeParameterExpander$$Lambda$1095
instanceKlass springfox/documentation/spring/web/readers/parameter/ModelAttributeParameterExpander$$Lambda$1094
instanceKlass springfox/documentation/spring/web/readers/parameter/ModelAttributeParameterExpander$$Lambda$1093
instanceKlass springfox/documentation/spring/web/readers/parameter/ModelAttributeParameterExpander$$Lambda$1092
instanceKlass springfox/documentation/spring/web/readers/parameter/ModelAttributeParameterExpander$$Lambda$1091
instanceKlass springfox/documentation/spring/web/readers/parameter/ModelAttributeParameterExpander$$Lambda$1090
instanceKlass springfox/documentation/spring/web/readers/parameter/ModelAttributeParameterExpander$$Lambda$1089
instanceKlass springfox/documentation/spring/web/readers/parameter/ModelAttributeParameterExpander$$Lambda$1088
instanceKlass springfox/documentation/spring/web/readers/parameter/ModelAttributeParameterExpander$$Lambda$1087
instanceKlass springfox/documentation/spring/web/readers/parameter/ModelAttributeParameterExpander$$Lambda$1086
instanceKlass springfox/documentation/spring/web/readers/parameter/ModelAttributeParameterExpander$$Lambda$1085
instanceKlass springfox/documentation/spring/web/readers/parameter/ModelAttributeParameterExpander$$Lambda$1084
instanceKlass springfox/documentation/builders/MapSpecificationBuilder$$Lambda$1083
instanceKlass springfox/documentation/builders/MapSpecificationBuilder$$Lambda$1082
instanceKlass springfox/documentation/spring/web/scanners/ApiModelReader$$Lambda$1081
instanceKlass springfox/documentation/spring/web/scanners/ApiModelReader$$Lambda$1080
instanceKlass springfox/documentation/schema/Enums$$Lambda$1079
instanceKlass springfox/documentation/schema/Enums$$Lambda$1078
instanceKlass springfox/documentation/builders/CollectionSpecificationBuilder$$Lambda$1077
instanceKlass springfox/documentation/schema/property/CollectionSpecificationProvider$$Lambda$1076
instanceKlass springfox/documentation/spring/web/scanners/ApiModelReader$$Lambda$1075
instanceKlass springfox/documentation/spring/web/scanners/ApiModelReader$$Lambda$1074
instanceKlass springfox/documentation/spring/web/scanners/ApiModelReader$$Lambda$1073
instanceKlass springfox/documentation/spring/web/scanners/ApiModelReader$$Lambda$1072
instanceKlass com/fasterxml/jackson/databind/type/TypeBindings$AsKey
instanceKlass com/fasterxml/jackson/databind/type/TypeBindings$TypeParamStash
instanceKlass sun/reflect/generics/tree/IntSignature
instanceKlass springfox/documentation/builders/SimpleParameterSpecificationBuilder$$Lambda$1071
instanceKlass springfox/documentation/spring/web/readers/parameter/ParameterTypeDeterminer
instanceKlass springfox/documentation/builders/BodyParameterSpecificationProvider$$Lambda$1070
instanceKlass springfox/documentation/builders/BodyParameterSpecificationProvider$$Lambda$1069
instanceKlass springfox/documentation/builders/SimpleParameterSpecificationBuilder$$Lambda$1068
instanceKlass springfox/documentation/builders/SimpleParameterSpecificationBuilder$$Lambda$1067
instanceKlass springfox/documentation/builders/SimpleParameterSpecificationBuilder$$Lambda$1066
instanceKlass springfox/documentation/spring/web/readers/parameter/ParameterDataTypeReader$$Lambda$1065
instanceKlass springfox/documentation/spring/web/readers/parameter/ParameterDataTypeReader$$Lambda$1064
instanceKlass springfox/documentation/spi/service/contexts/Orderings$$Lambda$1063
instanceKlass com/ais/bmc/ops/model/CascadeOption
instanceKlass org/springframework/web/bind/annotation/SessionAttribute
instanceKlass com/ais/bmc/ops/model/SelectOption
instanceKlass springfox/documentation/builders/ApiListingBuilder$$Lambda$1062
instanceKlass springfox/documentation/builders/ApiListingBuilder$$Lambda$1061
instanceKlass springfox/documentation/spring/web/scanners/ApiModelReader$$Lambda$1060
instanceKlass springfox/documentation/spring/web/scanners/ApiModelReader$$Lambda$1059
instanceKlass springfox/documentation/spring/web/scanners/ApiModelReader$$Lambda$1058
instanceKlass springfox/documentation/spring/web/scanners/ApiModelReader$$Lambda$1057
instanceKlass java/util/Collections$UnmodifiableList$1
instanceKlass springfox/documentation/spring/web/scanners/ApiModelReader$$Lambda$1056
instanceKlass springfox/documentation/spring/web/scanners/ApiModelReader$$Lambda$1055
instanceKlass springfox/documentation/service/ApiListing$$Lambda$1054
instanceKlass springfox/documentation/service/Tags$$Lambda$1053
instanceKlass springfox/documentation/service/Tags$$Lambda$1052
instanceKlass springfox/documentation/service/Tags$$Lambda$1051
instanceKlass springfox/documentation/builders/ApiListingBuilder$$Lambda$1050
instanceKlass springfox/documentation/swagger/web/SwaggerApiListingReader$$Lambda$1049
instanceKlass springfox/documentation/swagger/web/SwaggerApiListingReader$$Lambda$1048
instanceKlass springfox/documentation/swagger/web/SwaggerApiListingReader$$Lambda$1047
instanceKlass springfox/documentation/swagger/web/SwaggerApiListingReader$$Lambda$1046
instanceKlass springfox/documentation/spring/web/scanners/ApiListingReader$$Lambda$1045
instanceKlass springfox/documentation/builders/ApiListingBuilder$$Lambda$1044
instanceKlass springfox/documentation/builders/ApiListingBuilder
instanceKlass springfox/documentation/spring/web/scanners/DefaultModelNamesRegistryFactory$DefaultModelNamesRegistry$$Lambda$1043
instanceKlass springfox/documentation/builders/CompoundModelSpecificationBuilder$$Lambda$1042
instanceKlass springfox/documentation/spring/web/scanners/DefaultModelNamesRegistryFactory$DefaultModelNamesRegistry$$Lambda$1041
instanceKlass springfox/documentation/spring/web/scanners/DefaultModelNamesRegistryFactory$DefaultModelNamesRegistry$$Lambda$1040
instanceKlass springfox/documentation/spring/web/scanners/DefaultModelNamesRegistryFactory$DefaultModelNamesRegistry$$Lambda$1039
instanceKlass springfox/documentation/spring/web/scanners/DefaultModelNamesRegistryFactory$DefaultModelNamesRegistry$$Lambda$1038
instanceKlass springfox/documentation/spring/web/scanners/DefaultModelNamesRegistryFactory$DefaultModelNamesRegistry$$Lambda$1037
instanceKlass springfox/documentation/spring/web/scanners/DefaultModelNamesRegistryFactory$DefaultModelNamesRegistry$$Lambda$1036
instanceKlass springfox/documentation/spring/web/scanners/DefaultModelNamesRegistryFactory$DefaultModelNamesRegistry$$Lambda$1035
instanceKlass springfox/documentation/spring/web/scanners/ModelSpecificationRegistryBuilder$DefaultModelSpecificationRegistry$$Lambda$1034
instanceKlass springfox/documentation/spring/web/scanners/ModelSpecificationRegistryBuilder$DefaultModelSpecificationRegistry$$Lambda$1033
instanceKlass springfox/documentation/spring/web/scanners/DefaultModelNamesRegistryFactory$DefaultModelNamesRegistry$$Lambda$1032
instanceKlass springfox/documentation/spring/web/scanners/DefaultModelNamesRegistryFactory$DefaultModelNamesRegistry
instanceKlass springfox/documentation/spring/web/scanners/DefaultModelNamesRegistryFactory
instanceKlass springfox/documentation/spring/web/scanners/ModelSpecificationRegistryBuilder$DefaultModelSpecificationRegistry
instanceKlass springfox/documentation/spring/web/scanners/ApiListingScanner$$Lambda$1031
instanceKlass springfox/documentation/spring/web/scanners/ApiListingScanner$$Lambda$1030
instanceKlass springfox/documentation/spring/web/scanners/ApiListingScanner$$Lambda$1029
instanceKlass springfox/documentation/spring/web/scanners/ResourcePathProvider$$Lambda$1028
instanceKlass springfox/documentation/spring/web/scanners/ResourcePathProvider$$Lambda$1027
instanceKlass springfox/documentation/spring/web/scanners/ResourcePathProvider$$Lambda$1026
instanceKlass springfox/documentation/spring/web/scanners/ResourcePathProvider
instanceKlass springfox/documentation/spring/web/scanners/ApiListingScanner$$Lambda$1025
instanceKlass springfox/documentation/spring/web/scanners/ResourceGroups$$Lambda$1024
instanceKlass org/springframework/web/util/HierarchicalUriComponents$FullPathComponent
instanceKlass org/springframework/web/util/HierarchicalUriComponents$1
instanceKlass org/springframework/util/CollectionUtils$$Lambda$1023
instanceKlass org/springframework/web/util/UriComponents$UriTemplateVariables
instanceKlass org/springframework/web/util/UriComponentsBuilder$FullPathComponentBuilder
instanceKlass org/springframework/web/util/UriComponentsBuilder$PathSegmentComponentBuilder
instanceKlass org/springframework/web/util/HierarchicalUriComponents$PathComponent
instanceKlass org/springframework/web/util/UriComponentsBuilder$CompositePathComponentBuilder
instanceKlass org/springframework/web/util/UriComponentsBuilder$PathComponentBuilder
instanceKlass springfox/documentation/spring/web/paths/PathMappingAdjuster
instanceKlass springfox/documentation/spring/web/paths/OperationPathDecorator$$Lambda$1022
instanceKlass springfox/documentation/spring/web/paths/PathMappingDecorator$$Lambda$1021
instanceKlass springfox/documentation/spring/web/paths/PathSanitizer$$Lambda$1020
instanceKlass springfox/documentation/spring/web/plugins/DocumentationPluginsManager$$Lambda$1019
instanceKlass springfox/documentation/spring/web/plugins/DocumentationPluginsManager$$Lambda$1018
instanceKlass springfox/documentation/service/Operation$$Lambda$1017
instanceKlass springfox/documentation/service/Operation$$Lambda$1016
instanceKlass springfox/documentation/service/Operation$$Lambda$1015
instanceKlass springfox/documentation/service/Operation$$Lambda$1014
instanceKlass java/util/function/Predicate$$Lambda$1013
instanceKlass springfox/documentation/builders/OperationBuilder$$Lambda$1012
instanceKlass springfox/documentation/builders/ResponseBuilder$$Lambda$1011
instanceKlass springfox/documentation/builders/ResponseBuilder$$Lambda$1010
instanceKlass springfox/documentation/service/Response$$Lambda$1009
instanceKlass springfox/documentation/service/Response$$Lambda$1008
instanceKlass springfox/documentation/builders/OperationBuilder$$Lambda$1007
instanceKlass springfox/documentation/swagger/readers/operation/OpenApiResponseReader$$Lambda$1006
instanceKlass springfox/documentation/swagger/annotations/Annotations$$Lambda$1005
instanceKlass springfox/documentation/swagger/annotations/Annotations$$Lambda$1004
instanceKlass io/swagger/v3/oas/annotations/responses/ApiResponse
instanceKlass io/swagger/v3/oas/annotations/responses/ApiResponses
instanceKlass springfox/documentation/swagger/readers/operation/OpenApiOperationTagsReader$$Lambda$1003
instanceKlass springfox/documentation/swagger/readers/operation/OpenApiOperationTagsReader$$Lambda$1002
instanceKlass springfox/documentation/swagger/readers/operation/OpenApiOperationTagsReader$$Lambda$1001
instanceKlass springfox/documentation/swagger/readers/operation/OpenApiOperationTagsReader$$Lambda$1000
instanceKlass springfox/documentation/swagger/readers/operation/OpenApiOperationAuthReader$$Lambda$999
instanceKlass springfox/documentation/swagger/readers/operation/SwaggerOperationTagsReader$$Lambda$998
instanceKlass springfox/documentation/swagger/readers/operation/SwaggerOperationTagsReader$$Lambda$997
instanceKlass springfox/documentation/swagger/readers/operation/SwaggerOperationTagsReader$$Lambda$996
instanceKlass springfox/documentation/service/Tags$$Lambda$995
instanceKlass springfox/documentation/swagger/readers/operation/SwaggerOperationTagsReader$$Lambda$994
instanceKlass springfox/documentation/swagger/readers/operation/OperationNotesReader$$Lambda$993
instanceKlass springfox/documentation/builders/OperationBuilder$$Lambda$992
instanceKlass springfox/documentation/swagger/readers/operation/SwaggerResponseMessageReader$$Lambda$991
instanceKlass springfox/documentation/swagger/readers/operation/SwaggerResponseMessageReader$$Lambda$990
instanceKlass springfox/documentation/swagger/readers/operation/SwaggerResponseMessageReader$$Lambda$989
instanceKlass springfox/documentation/swagger/readers/operation/ResponseHeaders$$Lambda$988
instanceKlass springfox/documentation/swagger/readers/operation/ResponseHeaders$$Lambda$987
instanceKlass springfox/documentation/swagger/readers/operation/ResponseHeaders
instanceKlass springfox/documentation/swagger/readers/operation/SwaggerResponseMessageReader$$Lambda$986
instanceKlass springfox/documentation/swagger/readers/operation/SwaggerResponseMessageReader$$Lambda$985
instanceKlass springfox/documentation/swagger/readers/operation/SwaggerResponseMessageReader$$Lambda$984
instanceKlass springfox/documentation/swagger/readers/operation/OperationAuthReader$$Lambda$983
instanceKlass springfox/documentation/service/SecurityReference
instanceKlass springfox/documentation/swagger/readers/operation/OperationAuthReader$$Lambda$982
instanceKlass springfox/documentation/swagger/readers/operation/OperationAuthReader$$Lambda$981
instanceKlass springfox/documentation/spi/service/contexts/OperationContext$$Lambda$980
instanceKlass springfox/documentation/spi/service/contexts/SecurityContext
instanceKlass springfox/documentation/swagger/readers/operation/OperationImplicitParametersReader$$Lambda$979
instanceKlass springfox/documentation/swagger/readers/operation/OperationImplicitParametersReader$$Lambda$978
instanceKlass springfox/documentation/swagger/readers/operation/OperationImplicitParametersReader$$Lambda$977
instanceKlass springfox/documentation/swagger/readers/operation/OperationImplicitParametersReader$$Lambda$976
instanceKlass springfox/documentation/swagger/readers/operation/OperationImplicitParametersReader$$Lambda$975
instanceKlass springfox/documentation/swagger/readers/operation/OperationImplicitParametersReader$$Lambda$974
instanceKlass springfox/documentation/swagger/readers/operation/SwaggerMediaTypeReader$$Lambda$973
instanceKlass springfox/documentation/swagger/readers/operation/SwaggerMediaTypeReader$$Lambda$972
instanceKlass springfox/documentation/swagger/readers/operation/SwaggerOperationResponseClassReader$$Lambda$971
instanceKlass springfox/documentation/swagger/readers/operation/VendorExtensionsReader$$Lambda$970
instanceKlass springfox/documentation/swagger/readers/operation/VendorExtensionsReader$$Lambda$969
instanceKlass springfox/documentation/swagger/readers/operation/VendorExtensionsReader$$Lambda$968
instanceKlass springfox/documentation/swagger/readers/operation/OperationImplicitParameterReader$$Lambda$967
instanceKlass springfox/documentation/swagger/readers/operation/OperationImplicitParameterReader$$Lambda$966
instanceKlass springfox/documentation/swagger/readers/operation/OperationImplicitParameterReader$$Lambda$965
instanceKlass springfox/documentation/swagger/readers/operation/OperationImplicitParameterReader$$Lambda$964
instanceKlass springfox/documentation/swagger/readers/operation/OperationImplicitParameterReader$$Lambda$963
instanceKlass springfox/documentation/swagger/readers/operation/OperationImplicitParameterReader$$Lambda$962
instanceKlass springfox/documentation/swagger/readers/operation/OperationImplicitParameterReader$$Lambda$961
instanceKlass springfox/documentation/spring/web/readers/operation/OperationResponseClassReader$$Lambda$960
instanceKlass springfox/documentation/spring/web/readers/operation/ContentParameterAggregator$$Lambda$959
instanceKlass springfox/documentation/spring/web/readers/operation/ContentParameterAggregator$$Lambda$958
instanceKlass springfox/documentation/spring/web/readers/operation/ContentParameterAggregator$$Lambda$957
instanceKlass springfox/documentation/spring/web/readers/operation/ContentParameterAggregator$$Lambda$956
instanceKlass springfox/documentation/spring/web/readers/operation/ContentParameterAggregator$$Lambda$955
instanceKlass springfox/documentation/spring/web/readers/operation/ContentParameterAggregator$$Lambda$954
instanceKlass springfox/documentation/spring/web/readers/operation/ContentParameterAggregator$$Lambda$953
instanceKlass springfox/documentation/spring/web/readers/operation/ContentParameterAggregator$$Lambda$952
instanceKlass springfox/documentation/spring/web/readers/operation/ContentParameterAggregator$$Lambda$951
instanceKlass springfox/documentation/spring/web/readers/operation/OperationParameterReader$$Lambda$950
instanceKlass springfox/documentation/spring/web/readers/operation/OperationParameterReader$$Lambda$949
instanceKlass springfox/documentation/spring/web/readers/operation/OperationParameterReader$$Lambda$948
instanceKlass springfox/documentation/builders/RequestParameterMerger$$Lambda$947
instanceKlass springfox/documentation/builders/RequestParameterMerger$$Lambda$946
instanceKlass springfox/documentation/builders/RequestParameterMerger$$Lambda$945
instanceKlass springfox/documentation/builders/RequestParameterMerger$$Lambda$944
instanceKlass springfox/documentation/builders/RequestParameterMerger$$Lambda$943
instanceKlass springfox/documentation/builders/RequestParameterMerger$$Lambda$942
instanceKlass springfox/documentation/builders/RequestParameterMerger
instanceKlass springfox/documentation/builders/ParameterMerger$$Lambda$941
instanceKlass springfox/documentation/spring/web/readers/operation/OperationParameterReader$$Lambda$940
instanceKlass springfox/documentation/spring/web/readers/operation/OperationParameterReader$$Lambda$939
instanceKlass springfox/documentation/spring/web/readers/operation/OperationParameterReader$$Lambda$938
instanceKlass springfox/documentation/spring/web/readers/operation/OperationParameterReader$$Lambda$937
instanceKlass springfox/documentation/spring/web/readers/operation/OperationParameterReader$$Lambda$936
instanceKlass springfox/documentation/service/ParameterSpecification
instanceKlass springfox/documentation/builders/RepresentationBuilder$$Lambda$935
instanceKlass springfox/documentation/builders/RepresentationBuilder$$Lambda$934
instanceKlass springfox/documentation/builders/BodyParameterSpecificationProvider$$Lambda$933
instanceKlass springfox/documentation/builders/BodyParameterSpecificationProvider$$Lambda$932
instanceKlass springfox/documentation/builders/BodyParameterSpecificationProvider$$Lambda$931
instanceKlass springfox/documentation/builders/BodyParameterSpecificationProvider$$Lambda$930
instanceKlass springfox/documentation/builders/BodyParameterSpecificationProvider$$Lambda$929
instanceKlass springfox/documentation/service/ContentSpecification$$Lambda$928
instanceKlass springfox/documentation/builders/RootParameterSpecificationProvider$PassThroughSpecificationProvider
instanceKlass springfox/documentation/service/ContentSpecification$$Lambda$927
instanceKlass springfox/documentation/service/ContentSpecification$$Lambda$926
instanceKlass springfox/documentation/service/ContentSpecification$$Lambda$925
instanceKlass springfox/documentation/builders/ContentSpecificationBuilder$$Lambda$924
instanceKlass springfox/documentation/builders/ParameterSpecificationContext
instanceKlass springfox/documentation/swagger/readers/parameter/OpenApiParameterBuilder$$Lambda$923
instanceKlass springfox/documentation/swagger/readers/parameter/OpenApiParameterBuilder$$Lambda$922
instanceKlass springfox/documentation/swagger/readers/parameter/OpenApiParameterBuilder$$Lambda$921
instanceKlass springfox/documentation/swagger/readers/parameter/ApiParamParameterBuilder$$Lambda$920
instanceKlass springfox/documentation/builders/RequestParameterBuilder$$Lambda$919
instanceKlass springfox/documentation/builders/ContentSpecificationBuilder$$Lambda$918
instanceKlass springfox/documentation/builders/RequestParameterBuilder$$Lambda$917
instanceKlass springfox/documentation/builders/ContentSpecificationBuilder$$Lambda$916
instanceKlass springfox/documentation/builders/RequestParameterBuilder$$Lambda$915
instanceKlass springfox/documentation/builders/RequestParameterBuilder$$Lambda$914
instanceKlass springfox/documentation/spring/web/readers/parameter/ParameterNameReader$$Lambda$913
instanceKlass springfox/documentation/spring/web/readers/parameter/ParameterNameReader$$Lambda$912
instanceKlass springfox/documentation/spring/web/readers/parameter/ParameterNameReader$$Lambda$911
instanceKlass springfox/documentation/spring/web/readers/parameter/ParameterNameReader$$Lambda$910
instanceKlass springfox/documentation/spring/web/readers/parameter/ParameterNameReader$$Lambda$909
instanceKlass springfox/documentation/spring/web/readers/parameter/ParameterNameReader$$Lambda$908
instanceKlass springfox/documentation/spring/web/readers/parameter/ParameterDefaultReader$$Lambda$907
instanceKlass springfox/documentation/spring/web/readers/parameter/ParameterRequiredReader$$Lambda$906
instanceKlass springfox/documentation/spring/web/readers/parameter/ParameterRequiredReader$$Lambda$905
instanceKlass java/lang/invoke/LambdaForm$MH
instanceKlass springfox/documentation/spring/web/readers/parameter/ParameterRequiredReader$$Lambda$904
instanceKlass java/lang/invoke/LambdaForm$MH
instanceKlass java/lang/invoke/LambdaForm$DMH
instanceKlass java/lang/invoke/LambdaForm$DMH
instanceKlass springfox/documentation/spring/web/readers/parameter/ParameterRequiredReader$$Lambda$903
instanceKlass springfox/documentation/service/ParameterType$$Lambda$902
instanceKlass springfox/documentation/spring/web/readers/parameter/ParameterMultiplesReader$$Lambda$901
instanceKlass springfox/documentation/builders/MultipartFormDataParameterSpecificationProvider
instanceKlass springfox/documentation/builders/BodyParameterSpecificationProvider
instanceKlass springfox/documentation/builders/FormParameterSpecificationProvider
instanceKlass springfox/documentation/builders/PathParameterSpecificationProvider
instanceKlass springfox/documentation/builders/HeaderParameterSpecificationProvider
instanceKlass springfox/documentation/builders/CookieParameterSpecificationProvider
instanceKlass springfox/documentation/builders/QueryParameterSpecificationProvider
instanceKlass springfox/documentation/builders/RootParameterSpecificationProvider
instanceKlass springfox/documentation/builders/ParameterSpecificationProvider
instanceKlass springfox/documentation/builders/ParameterBuilder
instanceKlass springfox/documentation/spring/web/readers/operation/OperationParameterReader$$Lambda$900
instanceKlass java/lang/invoke/LambdaForm$DMH
instanceKlass springfox/documentation/spring/web/readers/operation/OperationParameterReader$$Lambda$899
instanceKlass springfox/documentation/spi/service/contexts/OperationContext$$Lambda$898
instanceKlass springfox/documentation/builders/ParameterMerger$$Lambda$897
instanceKlass springfox/documentation/builders/ParameterMerger$$Lambda$896
instanceKlass springfox/documentation/builders/ParameterMerger$$Lambda$895
instanceKlass springfox/documentation/builders/ParameterMerger$$Lambda$894
instanceKlass springfox/documentation/builders/ParameterMerger$$Lambda$893
instanceKlass springfox/documentation/builders/ParameterMerger
instanceKlass springfox/documentation/service/Representation$$Lambda$892
instanceKlass springfox/documentation/builders/RepresentationBuilder$$Lambda$891
instanceKlass springfox/documentation/builders/RepresentationBuilder$$Lambda$890
instanceKlass springfox/documentation/builders/ModelSpecificationBuilder$$Lambda$889
instanceKlass springfox/documentation/builders/ModelSpecificationBuilder$$Lambda$888
instanceKlass springfox/documentation/builders/ModelSpecificationBuilder$$Lambda$887
instanceKlass springfox/documentation/builders/ModelSpecificationBuilder$$Lambda$886
instanceKlass springfox/documentation/builders/ModelSpecificationBuilder$$Lambda$885
instanceKlass springfox/documentation/builders/ModelSpecificationBuilder$$Lambda$884
instanceKlass springfox/documentation/builders/ReferenceModelSpecificationBuilder$$Lambda$883
instanceKlass springfox/documentation/schema/property/ModelSpecificationFactory$$Lambda$882
instanceKlass springfox/documentation/schema/property/ModelSpecificationFactory$$Lambda$881
instanceKlass springfox/documentation/spring/web/readers/operation/ResponseMessagesReader$$Lambda$880
instanceKlass springfox/documentation/builders/ResponseBuilder$$Lambda$879
instanceKlass springfox/documentation/spring/web/readers/operation/ResponseMessagesReader$$Lambda$878
instanceKlass springfox/documentation/builders/ResponseBuilder$$Lambda$877
instanceKlass springfox/documentation/spring/web/readers/operation/ResponseMessagesReader$$Lambda$876
instanceKlass springfox/documentation/spring/web/readers/operation/ResponseMessagesReader$$Lambda$875
instanceKlass springfox/documentation/builders/OperationBuilder$$Lambda$874
instanceKlass springfox/documentation/builders/OperationBuilder$$Lambda$873
instanceKlass springfox/documentation/builders/OperationBuilder
instanceKlass springfox/documentation/spring/web/OperationCachingEquivalence
instanceKlass springfox/documentation/spring/web/scanners/ApiListingScanner$$Lambda$872
instanceKlass springfox/documentation/spring/web/scanners/ModelSpecificationRegistryBuilder$$Lambda$871
instanceKlass springfox/documentation/spring/web/scanners/ModelSpecificationRegistryBuilder$$Lambda$870
instanceKlass springfox/documentation/schema/ModelSpecification$$Lambda$869
instanceKlass springfox/documentation/spring/web/scanners/ApiListingScanner$$Lambda$868
instanceKlass springfox/documentation/spring/web/scanners/ApiModelSpecificationReader$$Lambda$867
instanceKlass springfox/documentation/builders/CompoundModelSpecificationBuilder$$Lambda$866
instanceKlass springfox/documentation/builders/CompoundModelSpecificationBuilder$$Lambda$865
instanceKlass springfox/documentation/builders/CompoundModelSpecificationBuilder$$Lambda$864
instanceKlass springfox/documentation/builders/CompoundModelSpecificationBuilder$$Lambda$863
instanceKlass springfox/documentation/builders/CompoundModelSpecificationBuilder$$Lambda$862
instanceKlass springfox/documentation/builders/CompoundModelSpecificationBuilder$$Lambda$861
instanceKlass springfox/documentation/builders/CompoundModelSpecificationBuilder$$Lambda$860
instanceKlass springfox/documentation/schema/QualifiedModelName
instanceKlass springfox/documentation/schema/property/PackageNames
instanceKlass springfox/documentation/schema/DefaultModelSpecificationProvider$$Lambda$859
instanceKlass springfox/documentation/schema/DefaultModelSpecificationProvider$$Lambda$858
instanceKlass springfox/documentation/schema/DefaultModelSpecificationProvider$$Lambda$857
instanceKlass springfox/documentation/schema/DefaultModelSpecificationProvider$$Lambda$856
instanceKlass springfox/documentation/schema/property/OptimizedModelPropertiesProvider$$Lambda$855
instanceKlass springfox/documentation/builders/PropertySpecificationBuilder$$Lambda$854
instanceKlass springfox/documentation/builders/PropertySpecificationBuilder$$Lambda$853
instanceKlass springfox/documentation/builders/PropertySpecificationBuilder$$Lambda$852
instanceKlass springfox/documentation/schema/property/OptimizedModelPropertiesProvider$$Lambda$851
instanceKlass springfox/documentation/builders/ModelFacetsBuilder$$Lambda$850
instanceKlass springfox/documentation/builders/ModelFacetsBuilder$$Lambda$849
instanceKlass springfox/documentation/builders/ModelFacetsBuilder$$Lambda$848
instanceKlass springfox/documentation/builders/NoopValidator$$Lambda$847
instanceKlass springfox/documentation/builders/NoopValidator$$Lambda$846
instanceKlass springfox/documentation/builders/ValidationResult
instanceKlass springfox/documentation/builders/NoopValidator
instanceKlass springfox/documentation/builders/ModelSpecificationBuilder$$Lambda$845
instanceKlass springfox/documentation/builders/ElementFacets$$Lambda$844
instanceKlass springfox/documentation/builders/ElementFacets
instanceKlass springfox/documentation/schema/property/ModelSpecificationFactory$$Lambda$843
instanceKlass springfox/documentation/schema/property/ModelSpecificationFactory$$Lambda$842
instanceKlass springfox/documentation/schema/property/ModelSpecificationFactory$$Lambda$841
instanceKlass springfox/documentation/schema/property/ModelSpecificationFactory$$Lambda$840
instanceKlass springfox/documentation/schema/property/ModelSpecificationFactory$$Lambda$839
instanceKlass springfox/documentation/schema/property/MapSpecificationProvider
instanceKlass springfox/documentation/schema/property/CollectionSpecificationProvider
instanceKlass springfox/documentation/schema/property/OptimizedModelPropertiesProvider$$Lambda$838
instanceKlass springfox/documentation/schema/property/OptimizedModelPropertiesProvider$$Lambda$837
instanceKlass springfox/documentation/schema/property/OptimizedModelPropertiesProvider$$Lambda$836
instanceKlass springfox/documentation/schema/plugins/SchemaPluginsManager$$Lambda$835
instanceKlass springfox/documentation/schema/plugins/SchemaPluginsManager$$Lambda$834
instanceKlass springfox/documentation/schema/ScalarTypes
instanceKlass springfox/documentation/spi/service/contexts/OperationModelContextsBuilder$$Lambda$833
instanceKlass springfox/documentation/spi/service/contexts/OperationModelContextsBuilder$$Lambda$832
instanceKlass springfox/documentation/spi/service/contexts/OperationModelContextsBuilder$$Lambda$831
instanceKlass springfox/documentation/spi/service/contexts/OperationModelContextsBuilder$$Lambda$830
instanceKlass springfox/documentation/spring/web/scanners/ApiModelReader$$Lambda$829
instanceKlass springfox/documentation/spring/web/scanners/ApiModelReader$$Lambda$828
instanceKlass springfox/documentation/spring/web/scanners/ApiModelReader$$Lambda$827
instanceKlass springfox/documentation/spring/web/scanners/ApiModelReader$$Lambda$826
instanceKlass springfox/documentation/spring/web/scanners/ApiModelReader$$Lambda$825
instanceKlass springfox/documentation/spring/web/scanners/ApiModelReader$$Lambda$824
instanceKlass springfox/documentation/spring/web/scanners/ApiModelReader$$Lambda$823
instanceKlass springfox/documentation/spring/web/scanners/ApiModelReader$$Lambda$822
instanceKlass springfox/documentation/spring/web/scanners/ApiModelReader$$Lambda$821
instanceKlass springfox/documentation/spring/web/scanners/ApiModelReader$$Lambda$820
instanceKlass springfox/documentation/spring/web/scanners/ApiModelReader$$Lambda$819
instanceKlass springfox/documentation/spring/web/scanners/ApiModelReader$$Lambda$818
instanceKlass java/util/stream/StreamSpliterators$WrappingSpliterator$$Lambda$817
instanceKlass springfox/documentation/schema/plugins/SchemaPluginsManager$$Lambda$816
instanceKlass springfox/documentation/schema/plugins/SchemaPluginsManager$$Lambda$815
instanceKlass springfox/documentation/schema/DefaultModelDependencyProvider$$Lambda$814
instanceKlass springfox/documentation/schema/DefaultModelDependencyProvider$$Lambda$813
instanceKlass springfox/documentation/schema/DefaultModelDependencyProvider$$Lambda$812
instanceKlass com/fasterxml/jackson/annotation/JsonSubTypes
instanceKlass org/springframework/plugin/core/SimplePluginRegistry$$Lambda$811
instanceKlass springfox/documentation/schema/DefaultModelProvider$$Lambda$810
instanceKlass springfox/documentation/schema/property/OptimizedModelPropertiesProvider$$Lambda$809
instanceKlass springfox/documentation/schema/ModelRef
instanceKlass springfox/documentation/schema/ModelReferenceProvider$$Lambda$808
instanceKlass springfox/documentation/schema/ModelReferenceProvider
instanceKlass springfox/documentation/schema/property/XmlPropertyPlugin$$Lambda$807
instanceKlass springfox/documentation/schema/property/XmlPropertyPlugin$$Lambda$806
instanceKlass springfox/documentation/swagger/schema/OpenApiSchemaPropertyBuilder$$Lambda$805
instanceKlass springfox/documentation/swagger/schema/OpenApiSchemaPropertyBuilder$$Lambda$804
instanceKlass springfox/documentation/schema/Annotations$$Lambda$803
instanceKlass springfox/documentation/schema/Annotations$$Lambda$802
instanceKlass springfox/documentation/swagger/schema/ApiModelPropertyPropertyBuilder$$Lambda$801
instanceKlass springfox/documentation/schema/Enums
instanceKlass springfox/documentation/builders/ModelPropertyBuilder
instanceKlass springfox/documentation/schema/property/BeanPropertyDefinitions$2
instanceKlass springfox/documentation/schema/Annotations
instanceKlass springfox/documentation/schema/property/OptimizedModelPropertiesProvider$$Lambda$800
instanceKlass springfox/documentation/schema/property/SimpleMethodSignatureEquality
instanceKlass springfox/documentation/schema/property/OptimizedModelPropertiesProvider$$Lambda$799
instanceKlass springfox/documentation/schema/property/bean/Accessors
instanceKlass springfox/documentation/schema/property/bean/AccessorsProvider$$Lambda$798
instanceKlass springfox/documentation/schema/property/bean/AccessorsProvider$$Lambda$797
instanceKlass java/lang/invoke/LambdaForm$MH
instanceKlass springfox/documentation/schema/property/OptimizedModelPropertiesProvider$$Lambda$796
instanceKlass java/lang/invoke/LambdaForm$DMH
instanceKlass springfox/documentation/schema/property/BeanPropertyDefinitions$1
instanceKlass springfox/documentation/schema/property/BeanPropertyDefinitions
instanceKlass com/fasterxml/jackson/databind/PropertyMetadata
instanceKlass com/fasterxml/jackson/annotation/JsonPropertyDescription
instanceKlass com/fasterxml/jackson/annotation/JsonPropertyOrder
instanceKlass com/fasterxml/jackson/databind/annotation/JsonNaming
instanceKlass com/fasterxml/jackson/annotation/JacksonInject
instanceKlass com/fasterxml/jackson/databind/introspect/POJOPropertyBuilder$6
instanceKlass com/fasterxml/jackson/databind/introspect/POJOPropertyBuilder$5
instanceKlass com/fasterxml/jackson/databind/introspect/MethodGenericTypeResolver
instanceKlass com/fasterxml/jackson/annotation/JsonSetter
instanceKlass com/fasterxml/jackson/databind/introspect/AnnotatedMethodMap
instanceKlass com/fasterxml/jackson/databind/introspect/AnnotatedMethodCollector$MethodBuilder
instanceKlass com/fasterxml/jackson/databind/introspect/MemberKey
instanceKlass com/fasterxml/jackson/databind/introspect/POJOPropertyBuilder$Linked
instanceKlass com/fasterxml/jackson/databind/AnnotationIntrospector$ReferenceProperty
instanceKlass com/fasterxml/jackson/databind/introspect/POJOPropertyBuilder$WithMember
instanceKlass com/fasterxml/jackson/annotation/JsonIgnore
instanceKlass com/fasterxml/jackson/annotation/JsonAutoDetect$1
instanceKlass com/fasterxml/jackson/annotation/JsonGetter
instanceKlass com/fasterxml/jackson/annotation/JsonAnySetter
instanceKlass com/fasterxml/jackson/annotation/JsonAnyGetter
instanceKlass com/fasterxml/jackson/annotation/JsonKey
instanceKlass com/fasterxml/jackson/databind/introspect/AnnotatedFieldCollector$FieldBuilder
instanceKlass com/fasterxml/jackson/databind/introspect/TypeResolutionContext$Basic
instanceKlass com/fasterxml/jackson/databind/introspect/AnnotationMap
instanceKlass com/fasterxml/jackson/databind/introspect/CollectorBase
instanceKlass com/fasterxml/jackson/annotation/JsonIdentityInfo
instanceKlass com/fasterxml/jackson/annotation/JsonAutoDetect
instanceKlass com/fasterxml/jackson/databind/introspect/POJOPropertiesCollector
instanceKlass com/fasterxml/jackson/databind/introspect/AnnotationCollector$OneAnnotation
instanceKlass com/fasterxml/jackson/annotation/JacksonAnnotationsInside
instanceKlass com/fasterxml/jackson/databind/type/ClassStack
instanceKlass springfox/documentation/schema/property/OptimizedModelPropertiesProvider$$Lambda$795
instanceKlass springfox/documentation/schema/plugins/SchemaPluginsManager$$Lambda$794
instanceKlass springfox/documentation/schema/plugins/SchemaPluginsManager$$Lambda$793
instanceKlass springfox/documentation/schema/plugins/SchemaPluginsManager$$Lambda$792
instanceKlass springfox/documentation/schema/Types$$Lambda$791
instanceKlass springfox/documentation/schema/Types$$Lambda$790
instanceKlass org/springframework/http/codec/multipart/FilePart
instanceKlass org/springframework/http/codec/multipart/Part
instanceKlass springfox/documentation/schema/Types
instanceKlass springfox/documentation/schema/Maps
instanceKlass springfox/documentation/schema/Collections
instanceKlass springfox/documentation/spi/service/contexts/OperationModelContextsBuilder$$Lambda$789
instanceKlass springfox/documentation/spi/service/contexts/OperationModelContextsBuilder$$Lambda$788
instanceKlass springfox/documentation/spi/service/contexts/OperationModelContextsBuilder$$Lambda$787
instanceKlass springfox/documentation/spi/service/contexts/OperationModelContextsBuilder$$Lambda$786
instanceKlass springfox/documentation/spi/service/contexts/RequestMappingContext$$Lambda$785
instanceKlass springfox/documentation/spi/service/contexts/RequestMappingContext$$Lambda$784
instanceKlass springfox/documentation/swagger/annotations/Annotations$$Lambda$783
instanceKlass springfox/documentation/swagger/annotations/Annotations
instanceKlass springfox/documentation/spi/service/contexts/RequestMappingContext$$Lambda$782
instanceKlass springfox/documentation/service/ResolvedMethodParameter$$Lambda$781
instanceKlass springfox/documentation/service/ResolvedMethodParameter$$Lambda$780
instanceKlass springfox/documentation/builders/ModelSpecificationBuilder$$Lambda$779
instanceKlass springfox/documentation/builders/Validator
instanceKlass springfox/documentation/builders/ModelBuilder
instanceKlass springfox/documentation/schema/plugins/SchemaPluginsManager$$Lambda$778
instanceKlass org/springframework/plugin/core/SimplePluginRegistry$$Lambda$777
instanceKlass springfox/documentation/schema/ResolvedTypes$$Lambda$776
instanceKlass springfox/documentation/schema/ResolvedTypes
instanceKlass springfox/documentation/schema/WildcardType$$Lambda$775
instanceKlass springfox/documentation/spi/schema/AlternateTypeProvider$$Lambda$774
instanceKlass springfox/documentation/spring/web/readers/operation/HandlerMethodResolver$$Lambda$773
instanceKlass springfox/documentation/swagger/common/SwaggerPluginSupport
instanceKlass springfox/documentation/schema/TypeNameIndexingAdapter
instanceKlass springfox/documentation/spi/service/contexts/Orderings$$Lambda$772
instanceKlass springfox/documentation/spi/service/contexts/ModelSpecificationRegistry
instanceKlass springfox/documentation/spring/web/scanners/ModelSpecificationRegistryBuilder
instanceKlass springfox/documentation/spi/service/contexts/Orderings$$Lambda$771
instanceKlass springfox/documentation/spi/service/contexts/Orderings$$Lambda$770
instanceKlass java/util/stream/Streams$2
instanceKlass java/util/stream/Streams
instanceKlass java/util/stream/Streams$ConcatSpliterator
instanceKlass springfox/documentation/spring/web/scanners/ResourceGroups$$Lambda$769
instanceKlass springfox/documentation/spring/web/scanners/ResourceGroups
instanceKlass springfox/documentation/builders/ApiDescriptionBuilder
instanceKlass springfox/documentation/spi/service/contexts/OperationModelContextsBuilder
instanceKlass springfox/documentation/spring/web/ControllerNamingUtils
instanceKlass springfox/documentation/service/ResourceGroup
instanceKlass springfox/documentation/builders/RequestHandlerSelectors$$Lambda$768
instanceKlass springfox/documentation/builders/RequestHandlerSelectors$$Lambda$767
instanceKlass springfox/documentation/spi/service/contexts/DocumentationContextBuilder$$Lambda$766
instanceKlass springfox/documentation/spring/web/plugins/DocumentationPluginsManager$$Lambda$765
instanceKlass org/springframework/plugin/core/SimplePluginRegistry$$Lambda$764
instanceKlass org/springframework/asm/Handle
instanceKlass springfox/documentation/spring/web/readers/operation/HandlerMethodResolver$$Lambda$763
instanceKlass springfox/documentation/spring/web/readers/operation/HandlerMethodResolver$$Lambda$762
instanceKlass springfox/documentation/spi/service/contexts/Orderings$$Lambda$761
instanceKlass springfox/documentation/spring/web/plugins/DefaultRequestHandlerCombiner$$Lambda$760
instanceKlass springfox/documentation/spring/web/plugins/DefaultRequestHandlerCombiner$$Lambda$759
instanceKlass springfox/documentation/spring/web/plugins/PathAndParametersEquivalence$$Lambda$758
instanceKlass springfox/documentation/spring/web/plugins/ResolvedMethodParameterEquivalence$Wrapper
instanceKlass springfox/documentation/spring/web/readers/operation/HandlerMethodResolver$$Lambda$757
instanceKlass springfox/documentation/spring/web/readers/operation/HandlerMethodResolver$$Lambda$756
instanceKlass springfox/documentation/spring/web/readers/operation/HandlerMethodResolver$$Lambda$755
instanceKlass com/fasterxml/classmate/Annotations
instanceKlass com/fasterxml/classmate/util/MethodKey
instanceKlass com/fasterxml/classmate/ResolvedTypeWithMembers$AnnotationHandler
instanceKlass com/fasterxml/classmate/AnnotationConfiguration
instanceKlass com/fasterxml/classmate/ResolvedTypeWithMembers
instanceKlass com/fasterxml/classmate/members/HierarchicType
instanceKlass springfox/documentation/spring/web/WebMvcNameValueExpressionWrapper$$Lambda$754
instanceKlass org/springframework/web/servlet/mvc/condition/NameValueExpression
instanceKlass springfox/documentation/spring/web/WebMvcNameValueExpressionWrapper
instanceKlass springfox/documentation/spring/web/plugins/DefaultRequestHandlerCombiner$$Lambda$753
instanceKlass springfox/documentation/spring/web/plugins/DefaultRequestHandlerCombiner$$Lambda$752
instanceKlass springfox/documentation/spring/web/plugins/PathAndParametersEquivalence$Wrapper
instanceKlass springfox/documentation/spring/web/plugins/ResolvedMethodParameterEquivalence
instanceKlass springfox/documentation/spring/web/plugins/PathAndParametersEquivalence
instanceKlass springfox/documentation/spring/web/plugins/DefaultRequestHandlerCombiner
instanceKlass springfox/documentation/spi/service/contexts/Defaults$$Lambda$751
instanceKlass springfox/documentation/schema/WildcardType
instanceKlass springfox/documentation/schema/AlternateTypeRules
instanceKlass com/fasterxml/classmate/util/ResolvedTypeKey
instanceKlass springfox/documentation/service/Tags$$Lambda$750
instanceKlass springfox/documentation/service/Tags$$Lambda$749
instanceKlass springfox/documentation/service/Tags
instanceKlass springfox/documentation/spring/web/plugins/AbstractDocumentationPluginsBootstrapper$$Lambda$748
instanceKlass springfox/documentation/spring/web/plugins/AbstractDocumentationPluginsBootstrapper$$Lambda$747
instanceKlass java/util/stream/Collectors$$Lambda$746
instanceKlass java/util/stream/Collectors$$Lambda$745
instanceKlass java/util/stream/Collectors$$Lambda$744
instanceKlass java/util/stream/Collectors$$Lambda$743
instanceKlass springfox/documentation/RequestHandler$$Lambda$742
instanceKlass java/util/TreeMap$TreeMapSpliterator
instanceKlass springfox/documentation/spring/web/paths/Paths
instanceKlass springfox/documentation/spring/web/WebMvcPatternsRequestConditionWrapper$$Lambda$741
instanceKlass springfox/documentation/spring/web/WebMvcPatternsRequestConditionWrapper
instanceKlass springfox/documentation/spring/wrapper/RequestMappingInfo
instanceKlass springfox/documentation/spring/web/WebMvcRequestHandler
instanceKlass java/util/Collections$UnmodifiableMap$UnmodifiableEntrySet$$Lambda$740
instanceKlass java/util/Collections$UnmodifiableMap$UnmodifiableEntrySet$UnmodifiableEntrySetSpliterator
instanceKlass springfox/documentation/spi/service/contexts/Orderings$$Lambda$739
instanceKlass springfox/documentation/spring/web/plugins/WebMvcRequestHandlerProvider$$Lambda$738
instanceKlass springfox/documentation/spring/web/plugins/WebMvcRequestHandlerProvider$$Lambda$737
instanceKlass springfox/documentation/spring/web/plugins/WebMvcRequestHandlerProvider$$Lambda$736
instanceKlass springfox/documentation/spring/web/plugins/WebMvcRequestHandlerProvider$$Lambda$735
instanceKlass springfox/documentation/spring/web/plugins/AbstractDocumentationPluginsBootstrapper$$Lambda$734
instanceKlass springfox/documentation/spring/web/plugins/AbstractDocumentationPluginsBootstrapper$$Lambda$733
instanceKlass springfox/documentation/spi/service/contexts/Orderings$$Lambda$732
instanceKlass springfox/documentation/spi/service/contexts/Orderings$$Lambda$731
instanceKlass org/springframework/context/support/DefaultLifecycleProcessor$$Lambda$730
instanceKlass java/lang/invoke/LambdaForm$DMH
instanceKlass org/springframework/context/support/DefaultLifecycleProcessor$LifecycleGroupMember
instanceKlass java/lang/invoke/LambdaForm$MH
instanceKlass java/lang/invoke/LambdaForm$DMH
instanceKlass java/lang/invoke/LambdaForm$DMH
instanceKlass org/springframework/context/support/DefaultLifecycleProcessor$$Lambda$729
instanceKlass java/lang/invoke/LambdaForm$DMH
instanceKlass java/lang/invoke/LambdaForm$MH
instanceKlass java/lang/invoke/LambdaForm$DMH
instanceKlass java/lang/invoke/LambdaForm$DMH
instanceKlass org/springframework/context/support/DefaultLifecycleProcessor$$Lambda$728
instanceKlass java/lang/invoke/LambdaForm$DMH
instanceKlass org/springframework/cache/interceptor/AbstractCacheResolver
instanceKlass org/springframework/util/function/SupplierUtils
instanceKlass cn/hutool/core/lang/TypeReference
instanceKlass org/springframework/context/event/EventListenerMethodProcessor$$Lambda$727
instanceKlass org/springframework/context/event/EventListener
instanceKlass org/springframework/aop/scope/ScopedObject
instanceKlass org/springframework/aop/RawTargetAccess
instanceKlass springfox/boot/starter/autoconfigure/SpringfoxConfigurationProperties$Swagger2Configuration
instanceKlass springfox/documentation/oas/web/OpenApiTransformationContext
instanceKlass springfox/documentation/oas/web/WebMvcBasePathAndHostnameTransformationFilter
instanceKlass org/springframework/web/multipart/MultipartHttpServletRequest
instanceKlass org/springframework/web/multipart/MultipartRequest
instanceKlass org/springframework/transaction/support/TransactionCallback
instanceKlass org/springframework/boot/autoconfigure/task/ScheduledBeanLazyInitializationExcludeFilter
instanceKlass org/springframework/boot/task/TaskSchedulerBuilder$$Lambda$726
instanceKlass org/springframework/boot/task/TaskSchedulerBuilder$$Lambda$725
instanceKlass org/springframework/boot/task/TaskSchedulerBuilder$$Lambda$724
instanceKlass org/springframework/boot/task/TaskSchedulerBuilder$$Lambda$723
instanceKlass org/springframework/boot/task/TaskSchedulerBuilder$$Lambda$722
instanceKlass org/springframework/boot/task/TaskSchedulerBuilder$$Lambda$721
instanceKlass org/springframework/boot/task/TaskSchedulerCustomizer
instanceKlass org/springframework/boot/info/InfoProperties
instanceKlass org/springframework/boot/autoconfigure/template/TemplateLocation
instanceKlass freemarker/core/_ErrorDescriptionBuilder
instanceKlass freemarker/core/CustomAttribute
instanceKlass freemarker/core/TemplateValueFormatFactory
instanceKlass freemarker/cache/TemplateConfigurationFactory
instanceKlass org/springframework/context/support/DefaultLifecycleProcessor$LifecycleGroup
instanceKlass org/springframework/boot/jdbc/EmbeddedDatabaseConnection$$Lambda$720
instanceKlass org/springframework/boot/jdbc/EmbeddedDatabaseConnection$$Lambda$719
instanceKlass org/springframework/boot/jdbc/EmbeddedDatabaseConnection$$Lambda$718
instanceKlass org/springframework/boot/jdbc/EmbeddedDatabaseConnection$$Lambda$717
instanceKlass org/springframework/jdbc/core/ConnectionCallback
instanceKlass org/springframework/boot/autoconfigure/jdbc/metadata/DataSourcePoolMetadataProvidersConfiguration$TomcatDataSourcePoolMetadataProviderConfiguration$$Lambda$716
instanceKlass org/springframework/boot/autoconfigure/jdbc/metadata/DataSourcePoolMetadataProvidersConfiguration$HikariPoolDataSourceMetadataProviderConfiguration$$Lambda$715
instanceKlass com/ais/cs/csmf/auth/spring/sso/AuthSsoBeanRegister$$Lambda$714
instanceKlass com/ais/cs/csmf/auth/sso/config/SsoFunctionConfig$$Lambda$713
instanceKlass com/ais/cs/csmf/auth/util/AuthFoxUtil$$Lambda$712
instanceKlass com/ais/cs/csmf/auth/util/AuthFoxUtil
instanceKlass com/ais/cs/csmf/auth/sso/SsoTemplate
instanceKlass com/ais/cs/csmf/auth/spring/sso/listener/SsoBeforeLogoutListener
instanceKlass com/ais/cs/csmf/auth/spring/sso/listener/SsoLoginListener
instanceKlass com/ais/cs/csmf/auth/model/Token
instanceKlass com/ais/cs/csmf/auth/spring/event/AuthEventPublisherForSpring
instanceKlass com/ais/cs/csmf/auth/context/model/AuthStorage
instanceKlass com/ais/cs/csmf/auth/context/model/AuthRequest
instanceKlass com/ais/cs/csmf/auth/context/model/AuthResponse
instanceKlass com/ais/cs/csmf/auth/spring/context/AuthRequestContextForSpring
instanceKlass com/ais/cs/csmf/auth/AuthManager
instanceKlass com/ais/cs/csmf/auth/listener/AuthEventListener
instanceKlass com/ais/cs/csmf/auth/data/AuthRepository
instanceKlass org/springframework/util/MimeType$$Lambda$711
instanceKlass org/springframework/boot/autoconfigure/template/AbstractTemplateViewResolverProperties$$Lambda$710
instanceKlass org/springframework/web/servlet/view/ContentNegotiatingViewResolver$1
instanceKlass javax/servlet/jsp/jstl/core/Config
instanceKlass org/springframework/web/servlet/view/AbstractCachingViewResolver$$Lambda$709
instanceKlass org/springframework/web/servlet/view/AbstractCachingViewResolver$CacheFilter
instanceKlass java/lang/invoke/LambdaForm$DMH
instanceKlass org/springframework/web/servlet/view/AbstractCachingViewResolver$1
instanceKlass org/springframework/web/servlet/SmartView
instanceKlass org/springframework/web/servlet/view/DefaultRequestToViewNameTranslator
instanceKlass org/springframework/web/servlet/view/ViewResolverComposite
instanceKlass org/springframework/web/servlet/config/annotation/UrlBasedViewResolverRegistration
instanceKlass org/springframework/web/servlet/handler/HandlerExceptionResolverComposite
instanceKlass org/springframework/web/method/annotation/ExceptionHandlerMethodResolver$$Lambda$708
instanceKlass org/springframework/web/method/annotation/ExceptionHandlerMethodResolver
instanceKlass org/springframework/web/servlet/function/ServerResponse$Context
instanceKlass org/springframework/web/servlet/resource/ResourceHttpRequestHandler$$Lambda$707
instanceKlass org/springframework/web/servlet/resource/DefaultResourceTransformerChain
instanceKlass org/springframework/web/servlet/resource/DefaultResourceResolverChain
instanceKlass org/springframework/web/servlet/resource/AbstractResourceResolver
instanceKlass org/springframework/web/servlet/resource/ResourceResolver
instanceKlass org/springframework/web/servlet/resource/ResourceTransformerChain
instanceKlass org/springframework/web/HttpRequestHandler
instanceKlass org/springframework/web/servlet/config/annotation/ResourceChainRegistration
instanceKlass org/springframework/boot/autoconfigure/web/servlet/WebMvcAutoConfiguration$WebMvcAutoConfigurationAdapter$$Lambda$706
instanceKlass org/springframework/boot/autoconfigure/web/WebProperties$Resources$Cache$Cachecontrol$$Lambda$705
instanceKlass org/springframework/boot/autoconfigure/web/WebProperties$Resources$Cache$Cachecontrol$$Lambda$704
instanceKlass org/springframework/boot/autoconfigure/web/WebProperties$Resources$Cache$Cachecontrol$$Lambda$703
instanceKlass org/springframework/boot/autoconfigure/web/WebProperties$Resources$Cache$Cachecontrol$$Lambda$702
instanceKlass org/springframework/boot/autoconfigure/web/WebProperties$Resources$Cache$Cachecontrol$$Lambda$701
instanceKlass org/springframework/boot/autoconfigure/web/WebProperties$Resources$Cache$Cachecontrol$$Lambda$700
instanceKlass org/springframework/boot/autoconfigure/web/WebProperties$Resources$Cache$Cachecontrol$$Lambda$699
instanceKlass org/springframework/boot/autoconfigure/web/WebProperties$Resources$Cache$Cachecontrol$$Lambda$698
instanceKlass org/springframework/boot/autoconfigure/web/WebProperties$Resources$Cache$Cachecontrol$$Lambda$697
instanceKlass org/springframework/boot/autoconfigure/web/WebProperties$Resources$Cache$Cachecontrol$$Lambda$696
instanceKlass org/springframework/boot/autoconfigure/web/WebProperties$Resources$Cache$Cachecontrol$$Lambda$695
instanceKlass org/springframework/boot/autoconfigure/web/WebProperties$Resources$Cache$Cachecontrol$$Lambda$694
instanceKlass org/springframework/boot/autoconfigure/web/WebProperties$Resources$Cache$Cachecontrol$$Lambda$693
instanceKlass org/springframework/boot/autoconfigure/web/WebProperties$Resources$Cache$Cachecontrol$$Lambda$692
instanceKlass org/springframework/boot/autoconfigure/web/WebProperties$Resources$Cache$Cachecontrol$$Lambda$691
instanceKlass org/springframework/boot/context/properties/PropertyMapper$Source$$Lambda$690
instanceKlass org/springframework/boot/autoconfigure/web/WebProperties$Resources$Cache$Cachecontrol$$Lambda$689
instanceKlass org/springframework/boot/autoconfigure/web/servlet/WebMvcAutoConfiguration$WebMvcAutoConfigurationAdapter$$Lambda$688
instanceKlass org/springframework/web/servlet/function/ServerResponse
instanceKlass java/util/stream/ReduceOps$2ReducingSink
instanceKlass org/springframework/web/servlet/function/support/RouterFunctionMapping$$Lambda$687
instanceKlass org/springframework/web/servlet/function/support/RouterFunctionMapping$$Lambda$686
instanceKlass org/springframework/web/servlet/function/RouterFunction
instanceKlass org/springframework/web/servlet/function/HandlerFunction
instanceKlass org/springframework/web/servlet/function/ServerRequest
instanceKlass org/springframework/web/servlet/handler/SimpleUrlHandlerMapping$$Lambda$685
instanceKlass org/springframework/web/servlet/config/annotation/ViewControllerRegistration
instanceKlass java/lang/ref/ReferenceQueue$1
instanceKlass org/springframework/web/servlet/support/AbstractFlashMapManager
instanceKlass org/springframework/web/servlet/theme/AbstractThemeResolver
instanceKlass org/springframework/http/server/RequestPath
instanceKlass org/springframework/web/servlet/mvc/Controller
instanceKlass org/springframework/web/servlet/mvc/method/annotation/ViewNameMethodReturnValueHandler
instanceKlass org/springframework/web/servlet/mvc/method/annotation/AsyncTaskMethodReturnValueHandler
instanceKlass org/springframework/util/concurrent/ListenableFutureCallback
instanceKlass org/springframework/util/concurrent/FailureCallback
instanceKlass org/springframework/util/concurrent/SuccessCallback
instanceKlass org/springframework/web/servlet/mvc/method/annotation/DeferredResultMethodReturnValueHandler
instanceKlass org/springframework/web/servlet/mvc/method/annotation/CallableMethodReturnValueHandler
instanceKlass org/springframework/web/servlet/mvc/method/annotation/HttpHeadersReturnValueHandler
instanceKlass org/springframework/web/servlet/mvc/method/annotation/StreamingResponseBodyReturnValueHandler
instanceKlass org/springframework/core/task/SyncTaskExecutor
instanceKlass org/springframework/web/servlet/mvc/method/annotation/ResponseBodyEmitter
instanceKlass org/springframework/web/servlet/mvc/method/annotation/ReactiveTypeHandler
instanceKlass org/springframework/web/servlet/mvc/method/annotation/ResponseBodyEmitter$Handler
instanceKlass org/springframework/web/servlet/mvc/method/annotation/ResponseBodyEmitterReturnValueHandler
instanceKlass org/springframework/web/servlet/mvc/method/annotation/ViewMethodReturnValueHandler
instanceKlass org/springframework/web/servlet/mvc/method/annotation/ModelAndViewMethodReturnValueHandler
instanceKlass org/springframework/web/servlet/mvc/method/annotation/PrincipalMethodArgumentResolver
instanceKlass org/springframework/web/servlet/mvc/method/annotation/UriComponentsBuilderMethodArgumentResolver
instanceKlass org/springframework/web/method/annotation/SessionStatusMethodArgumentResolver
instanceKlass org/springframework/web/method/annotation/ErrorsMethodArgumentResolver
instanceKlass org/springframework/web/method/annotation/MapMethodProcessor
instanceKlass org/springframework/web/method/annotation/ModelMethodProcessor
instanceKlass org/springframework/web/servlet/mvc/support/RedirectAttributes
instanceKlass org/springframework/web/servlet/mvc/method/annotation/RedirectAttributesMethodArgumentResolver
instanceKlass org/springframework/web/servlet/mvc/method/annotation/ServletResponseMethodArgumentResolver
instanceKlass org/springframework/web/servlet/mvc/method/annotation/ServletRequestMethodArgumentResolver
instanceKlass org/springframework/web/method/annotation/RequestHeaderMapMethodArgumentResolver
instanceKlass org/springframework/web/accept/ContentNegotiationManager$$Lambda$684
instanceKlass org/springframework/web/servlet/mvc/method/annotation/RequestResponseBodyAdviceChain
instanceKlass org/springframework/core/io/support/ResourceRegion
instanceKlass org/springframework/core/ParameterizedTypeReference
instanceKlass org/springframework/web/servlet/mvc/method/annotation/AbstractMessageConverterMethodArgumentResolver
instanceKlass org/springframework/validation/DataBinder
instanceKlass org/springframework/web/method/annotation/ModelAttributeMethodProcessor
instanceKlass org/springframework/web/servlet/mvc/method/annotation/MatrixVariableMapMethodArgumentResolver
instanceKlass org/springframework/web/servlet/mvc/method/annotation/PathVariableMapMethodArgumentResolver
instanceKlass org/springframework/web/method/annotation/RequestParamMapMethodArgumentResolver
instanceKlass org/springframework/web/method/annotation/AbstractNamedValueMethodArgumentResolver$NamedValueInfo
instanceKlass org/springframework/web/method/annotation/AbstractNamedValueMethodArgumentResolver
instanceKlass org/springframework/web/bind/annotation/InitBinder
instanceKlass org/springframework/web/bind/annotation/ModelAttribute
instanceKlass org/springframework/core/MethodIntrospector$$Lambda$683
instanceKlass org/springframework/web/method/HandlerTypePredicate$Builder$$Lambda$682
instanceKlass org/springframework/web/method/HandlerTypePredicate$Builder$$Lambda$681
instanceKlass org/springframework/web/method/HandlerTypePredicate$Builder$$Lambda$680
instanceKlass org/springframework/web/method/HandlerTypePredicate$Builder
instanceKlass org/springframework/web/method/HandlerTypePredicate
instanceKlass org/springframework/web/method/ControllerAdviceBean$$Lambda$679
instanceKlass springfox/documentation/spring/web/WebMvcObjectMapperConfigurer$$Lambda$678
instanceKlass springfox/documentation/spring/web/WebMvcObjectMapperConfigurer$$Lambda$677
instanceKlass org/springframework/web/method/support/HandlerMethodReturnValueHandlerComposite
instanceKlass org/springframework/web/method/support/HandlerMethodReturnValueHandler
instanceKlass org/springframework/web/method/support/HandlerMethodArgumentResolverComposite
instanceKlass org/springframework/web/method/support/HandlerMethodArgumentResolver
instanceKlass org/springframework/web/method/support/ModelAndViewContainer
instanceKlass org/springframework/web/method/annotation/SessionAttributesHandler
instanceKlass org/springframework/web/method/ControllerAdviceBean
instanceKlass org/springframework/web/method/annotation/ModelFactory
instanceKlass org/springframework/boot/task/TaskExecutorBuilder$$Lambda$676
instanceKlass org/springframework/boot/task/TaskExecutorBuilder$$Lambda$675
instanceKlass org/springframework/boot/task/TaskExecutorBuilder$$Lambda$674
instanceKlass java/lang/invoke/LambdaForm$DMH
instanceKlass org/springframework/boot/task/TaskExecutorBuilder$$Lambda$673
instanceKlass org/springframework/boot/task/TaskExecutorBuilder$$Lambda$672
instanceKlass org/springframework/boot/task/TaskExecutorBuilder$$Lambda$671
instanceKlass org/springframework/boot/task/TaskExecutorBuilder$$Lambda$670
instanceKlass org/springframework/boot/task/TaskExecutorBuilder$$Lambda$669
instanceKlass org/springframework/boot/task/TaskExecutorBuilder$$Lambda$668
instanceKlass org/springframework/boot/task/TaskExecutorBuilder$$Lambda$667
instanceKlass org/springframework/boot/task/TaskExecutorBuilder$$Lambda$666
instanceKlass java/lang/invoke/LambdaForm$DMH
instanceKlass org/springframework/web/servlet/mvc/method/annotation/AbstractMappingJacksonResponseBodyAdvice
instanceKlass org/springframework/web/servlet/mvc/method/annotation/RequestBodyAdviceAdapter
instanceKlass org/springframework/web/servlet/mvc/method/annotation/RequestBodyAdvice
instanceKlass org/springframework/boot/autoconfigure/web/servlet/WebMvcAutoConfiguration$WebMvcAutoConfigurationAdapter$$Lambda$665
instanceKlass org/springframework/web/bind/support/DefaultSessionAttributeStore
instanceKlass org/springframework/web/context/request/async/DeferredResultProcessingInterceptor
instanceKlass org/springframework/util/ConcurrencyThrottleSupport
instanceKlass org/springframework/util/concurrent/ListenableFuture
instanceKlass org/springframework/web/servlet/mvc/method/annotation/RequestMappingHandlerAdapter$$Lambda$664
instanceKlass org/springframework/web/servlet/mvc/method/annotation/RequestMappingHandlerAdapter$$Lambda$663
instanceKlass org/springframework/web/bind/support/DefaultDataBinderFactory
instanceKlass org/springframework/web/bind/support/WebDataBinderFactory
instanceKlass org/springframework/web/bind/support/SessionAttributeStore
instanceKlass org/springframework/web/servlet/config/annotation/WebMvcConfigurationSupport$NoOpValidator
instanceKlass org/springframework/boot/autoconfigure/web/servlet/error/ErrorMvcAutoConfiguration$StaticView
instanceKlass org/springframework/boot/task/TaskExecutorBuilder$$Lambda$662
instanceKlass org/springframework/boot/autoconfigure/task/TaskExecutionAutoConfiguration$$Lambda$661
instanceKlass org/springframework/core/task/TaskDecorator
instanceKlass org/springframework/boot/task/TaskExecutorCustomizer
instanceKlass java/lang/invoke/LambdaForm$Hidden
instanceKlass org/springframework/boot/validation/beanvalidation/MethodValidationExcludeFilter$$Lambda$660
instanceKlass org/springframework/boot/autoconfigure/web/embedded/TomcatWebServerFactoryCustomizer$$Lambda$659
instanceKlass org/springframework/boot/autoconfigure/web/embedded/TomcatWebServerFactoryCustomizer$$Lambda$658
instanceKlass org/springframework/boot/autoconfigure/web/embedded/TomcatWebServerFactoryCustomizer$$Lambda$657
instanceKlass org/springframework/boot/autoconfigure/web/embedded/TomcatWebServerFactoryCustomizer$$Lambda$656
instanceKlass org/springframework/boot/autoconfigure/web/embedded/TomcatWebServerFactoryCustomizer$$Lambda$655
instanceKlass org/springframework/boot/autoconfigure/web/embedded/TomcatWebServerFactoryCustomizer$$Lambda$654
instanceKlass org/springframework/boot/autoconfigure/web/embedded/TomcatWebServerFactoryCustomizer$$Lambda$653
instanceKlass org/springframework/boot/autoconfigure/web/embedded/TomcatWebServerFactoryCustomizer$$Lambda$652
instanceKlass java/util/stream/Collectors$$Lambda$651
instanceKlass java/util/stream/Collectors$$Lambda$650
instanceKlass java/util/stream/Collectors$$Lambda$649
instanceKlass java/util/stream/Collectors$$Lambda$648
instanceKlass org/springframework/boot/autoconfigure/web/embedded/TomcatWebServerFactoryCustomizer$$Lambda$647
instanceKlass org/springframework/boot/autoconfigure/web/embedded/TomcatWebServerFactoryCustomizer$$Lambda$646
instanceKlass org/springframework/boot/autoconfigure/web/embedded/TomcatWebServerFactoryCustomizer$$Lambda$645
instanceKlass org/springframework/boot/autoconfigure/web/embedded/TomcatWebServerFactoryCustomizer$$Lambda$644
instanceKlass org/springframework/boot/autoconfigure/web/embedded/TomcatWebServerFactoryCustomizer$$Lambda$643
instanceKlass org/springframework/boot/autoconfigure/web/embedded/TomcatWebServerFactoryCustomizer$$Lambda$642
instanceKlass org/springframework/boot/autoconfigure/web/embedded/TomcatWebServerFactoryCustomizer$$Lambda$641
instanceKlass org/springframework/boot/autoconfigure/web/embedded/TomcatWebServerFactoryCustomizer$$Lambda$640
instanceKlass org/springframework/boot/autoconfigure/web/embedded/TomcatWebServerFactoryCustomizer$$Lambda$639
instanceKlass org/springframework/boot/autoconfigure/web/embedded/TomcatWebServerFactoryCustomizer$$Lambda$638
instanceKlass org/springframework/boot/autoconfigure/web/embedded/TomcatWebServerFactoryCustomizer$$Lambda$637
instanceKlass org/springframework/boot/autoconfigure/web/embedded/TomcatWebServerFactoryCustomizer$$Lambda$636
instanceKlass org/springframework/boot/autoconfigure/web/embedded/TomcatWebServerFactoryCustomizer$$Lambda$635
instanceKlass org/springframework/boot/autoconfigure/web/embedded/TomcatWebServerFactoryCustomizer$$Lambda$634
instanceKlass org/springframework/boot/autoconfigure/web/embedded/TomcatWebServerFactoryCustomizer$$Lambda$633
instanceKlass org/springframework/boot/autoconfigure/web/embedded/TomcatWebServerFactoryCustomizer$$Lambda$632
instanceKlass org/springframework/boot/autoconfigure/web/embedded/TomcatWebServerFactoryCustomizer$$Lambda$631
instanceKlass org/springframework/boot/autoconfigure/web/embedded/TomcatWebServerFactoryCustomizer$$Lambda$630
instanceKlass org/springframework/boot/autoconfigure/web/embedded/TomcatWebServerFactoryCustomizer$$Lambda$629
instanceKlass org/springframework/boot/autoconfigure/web/embedded/TomcatWebServerFactoryCustomizer$$Lambda$628
instanceKlass org/springframework/boot/autoconfigure/web/embedded/TomcatWebServerFactoryCustomizer$$Lambda$627
instanceKlass org/springframework/boot/autoconfigure/web/embedded/TomcatWebServerFactoryCustomizer$$Lambda$626
instanceKlass org/springframework/boot/autoconfigure/web/embedded/TomcatWebServerFactoryCustomizer$$Lambda$625
instanceKlass org/springframework/boot/autoconfigure/web/embedded/TomcatWebServerFactoryCustomizer$$Lambda$624
instanceKlass org/springframework/boot/autoconfigure/web/embedded/TomcatWebServerFactoryCustomizer$$Lambda$623
instanceKlass org/springframework/boot/autoconfigure/web/embedded/TomcatWebServerFactoryCustomizer$$Lambda$622
instanceKlass org/springframework/boot/autoconfigure/web/embedded/TomcatWebServerFactoryCustomizer$$Lambda$621
instanceKlass org/springframework/boot/autoconfigure/web/embedded/TomcatWebServerFactoryCustomizer$$Lambda$620
instanceKlass org/springframework/boot/autoconfigure/web/embedded/TomcatWebServerFactoryCustomizer$$Lambda$619
instanceKlass org/springframework/boot/autoconfigure/web/embedded/TomcatWebServerFactoryCustomizer$$Lambda$618
instanceKlass org/springframework/boot/autoconfigure/web/embedded/TomcatWebServerFactoryCustomizer$$Lambda$617
instanceKlass org/springframework/boot/autoconfigure/web/embedded/TomcatWebServerFactoryCustomizer$$Lambda$616
instanceKlass org/springframework/boot/autoconfigure/web/embedded/TomcatWebServerFactoryCustomizer$$Lambda$615
instanceKlass org/springframework/boot/autoconfigure/web/embedded/TomcatWebServerFactoryCustomizer$$Lambda$614
instanceKlass org/springframework/boot/autoconfigure/web/embedded/TomcatWebServerFactoryCustomizer$$Lambda$613
instanceKlass org/springframework/boot/autoconfigure/web/embedded/TomcatWebServerFactoryCustomizer$$Lambda$612
instanceKlass org/springframework/boot/autoconfigure/web/embedded/TomcatWebServerFactoryCustomizer$$Lambda$611
instanceKlass org/springframework/boot/autoconfigure/web/embedded/TomcatWebServerFactoryCustomizer$$Lambda$610
instanceKlass org/springframework/boot/autoconfigure/web/embedded/TomcatWebServerFactoryCustomizer$$Lambda$609
instanceKlass org/springframework/boot/context/properties/PropertyMapper$Source$$Lambda$608
instanceKlass org/springframework/boot/autoconfigure/web/embedded/TomcatWebServerFactoryCustomizer$$Lambda$607
instanceKlass org/springframework/boot/autoconfigure/web/embedded/TomcatWebServerFactoryCustomizer$$Lambda$606
instanceKlass org/springframework/boot/autoconfigure/web/embedded/TomcatWebServerFactoryCustomizer$$Lambda$605
instanceKlass org/springframework/boot/autoconfigure/web/embedded/TomcatWebServerFactoryCustomizer$$Lambda$604
instanceKlass org/springframework/boot/autoconfigure/web/embedded/TomcatWebServerFactoryCustomizer$$Lambda$603
instanceKlass org/springframework/boot/autoconfigure/web/embedded/TomcatWebServerFactoryCustomizer$$Lambda$602
instanceKlass org/springframework/boot/autoconfigure/web/embedded/TomcatWebServerFactoryCustomizer$$Lambda$601
instanceKlass org/springframework/boot/autoconfigure/web/embedded/TomcatWebServerFactoryCustomizer$$Lambda$600
instanceKlass java/lang/invoke/LambdaForm$DMH
instanceKlass org/springframework/boot/autoconfigure/web/embedded/TomcatWebServerFactoryCustomizer$$Lambda$599
instanceKlass org/springframework/boot/autoconfigure/web/embedded/TomcatWebServerFactoryCustomizer$$Lambda$598
instanceKlass org/springframework/boot/autoconfigure/web/embedded/TomcatWebServerFactoryCustomizer$$Lambda$597
instanceKlass org/springframework/boot/context/properties/PropertyMapper$Source$$Lambda$596
instanceKlass org/springframework/boot/context/properties/PropertyMapper$Source$$Lambda$595
instanceKlass org/springframework/boot/context/properties/PropertyMapper$Source$$Lambda$594
instanceKlass org/springframework/boot/autoconfigure/web/embedded/TomcatWebServerFactoryCustomizer$$Lambda$593
instanceKlass org/springframework/boot/autoconfigure/web/embedded/TomcatWebServerFactoryCustomizer$$Lambda$592
instanceKlass org/springframework/boot/autoconfigure/web/embedded/TomcatWebServerFactoryCustomizer$$Lambda$591
instanceKlass org/springframework/boot/autoconfigure/web/embedded/TomcatWebServerFactoryCustomizer$$Lambda$590
instanceKlass org/springframework/boot/autoconfigure/web/servlet/TomcatServletWebServerFactoryCustomizer$$Lambda$589
instanceKlass org/springframework/boot/autoconfigure/web/servlet/TomcatServletWebServerFactoryCustomizer$$Lambda$588
instanceKlass java/lang/invoke/LambdaForm$DMH
instanceKlass org/springframework/boot/autoconfigure/web/servlet/ServletWebServerFactoryCustomizer$$Lambda$587
instanceKlass org/springframework/boot/autoconfigure/web/servlet/ServletWebServerFactoryCustomizer$$Lambda$586
instanceKlass org/springframework/boot/autoconfigure/web/servlet/ServletWebServerFactoryCustomizer$$Lambda$585
instanceKlass org/springframework/boot/autoconfigure/web/servlet/ServletWebServerFactoryCustomizer$$Lambda$584
instanceKlass org/springframework/boot/autoconfigure/web/servlet/ServletWebServerFactoryCustomizer$$Lambda$583
instanceKlass org/springframework/boot/autoconfigure/web/servlet/ServletWebServerFactoryCustomizer$$Lambda$582
instanceKlass org/springframework/boot/autoconfigure/web/servlet/ServletWebServerFactoryCustomizer$$Lambda$581
instanceKlass org/springframework/boot/autoconfigure/web/servlet/ServletWebServerFactoryCustomizer$$Lambda$580
instanceKlass org/springframework/boot/autoconfigure/web/servlet/ServletWebServerFactoryCustomizer$$Lambda$579
instanceKlass org/springframework/boot/autoconfigure/web/servlet/ServletWebServerFactoryCustomizer$$Lambda$578
instanceKlass org/springframework/boot/autoconfigure/web/servlet/ServletWebServerFactoryCustomizer$$Lambda$577
instanceKlass org/springframework/boot/autoconfigure/web/servlet/ServletWebServerFactoryCustomizer$$Lambda$576
instanceKlass org/springframework/boot/autoconfigure/web/servlet/ServletWebServerFactoryCustomizer$$Lambda$575
instanceKlass org/springframework/boot/autoconfigure/web/servlet/ServletWebServerFactoryCustomizer$$Lambda$574
instanceKlass org/springframework/boot/autoconfigure/web/servlet/ServletWebServerFactoryCustomizer$$Lambda$573
instanceKlass org/springframework/boot/autoconfigure/web/servlet/ServletWebServerFactoryCustomizer$$Lambda$572
instanceKlass org/springframework/boot/autoconfigure/web/servlet/ServletWebServerFactoryCustomizer$$Lambda$571
instanceKlass org/springframework/boot/autoconfigure/web/servlet/ServletWebServerFactoryCustomizer$$Lambda$570
instanceKlass org/springframework/boot/autoconfigure/web/servlet/ServletWebServerFactoryCustomizer$$Lambda$569
instanceKlass org/springframework/boot/autoconfigure/web/servlet/ServletWebServerFactoryCustomizer$$Lambda$568
instanceKlass org/springframework/boot/autoconfigure/web/servlet/ServletWebServerFactoryCustomizer$$Lambda$567
instanceKlass org/springframework/boot/autoconfigure/web/servlet/ServletWebServerFactoryCustomizer$$Lambda$566
instanceKlass org/springframework/boot/autoconfigure/web/servlet/ServletWebServerFactoryCustomizer$$Lambda$565
instanceKlass org/springframework/boot/autoconfigure/web/servlet/ServletWebServerFactoryCustomizer$$Lambda$564
instanceKlass java/lang/invoke/LambdaForm$DMH
instanceKlass org/springframework/boot/autoconfigure/web/servlet/ServletWebServerFactoryCustomizer$$Lambda$563
instanceKlass org/springframework/boot/util/LambdaSafe$InvocationResult
instanceKlass org/springframework/boot/autoconfigure/websocket/servlet/TomcatWebSocketServletWebServerCustomizer$$Lambda$562
instanceKlass org/springframework/boot/util/LambdaSafe$Callbacks$$Lambda$561
instanceKlass org/springframework/boot/util/LambdaSafe$Callbacks$$Lambda$560
instanceKlass org/springframework/boot/web/server/WebServerFactoryCustomizerBeanPostProcessor$$Lambda$559
instanceKlass org/springframework/boot/util/LambdaSafe$GenericTypeFilter
instanceKlass org/springframework/boot/util/LambdaSafe$Filter
instanceKlass org/springframework/boot/util/LambdaSafe$LambdaSafeCallback
instanceKlass org/springframework/boot/util/LambdaSafe
instanceKlass org/springframework/boot/web/servlet/WebListenerRegistrar
instanceKlass org/springframework/boot/web/servlet/server/CookieSameSiteSupplier
instanceKlass org/springframework/boot/web/server/SslStoreProvider
instanceKlass org/springframework/boot/web/embedded/tomcat/TomcatWebServer
instanceKlass org/springframework/boot/web/embedded/tomcat/TldPatterns
instanceKlass org/springframework/boot/web/servlet/server/StaticResourceJars
instanceKlass org/springframework/boot/web/servlet/server/DocumentRoot
instanceKlass org/springframework/boot/web/server/MimeMappings$Mapping
instanceKlass org/springframework/boot/web/server/MimeMappings
instanceKlass org/springframework/boot/web/server/WebServer
instanceKlass org/springframework/boot/web/embedded/tomcat/TomcatProtocolHandlerCustomizer
instanceKlass org/springframework/boot/web/embedded/tomcat/TomcatContextCustomizer
instanceKlass org/springframework/boot/web/embedded/tomcat/TomcatConnectorCustomizer
instanceKlass com/atomikos/icatch/config/UserTransactionService
instanceKlass com/atomikos/icatch/jta/UserTransactionImp
instanceKlass com/mysql/jdbc/EscapeProcessor
instanceKlass com/atomikos/datasource/xa/RecoveryScan
instanceKlass com/atomikos/recovery/xa/XaResourceRecoveryManager$1
instanceKlass javax/transaction/xa/Xid
instanceKlass com/atomikos/datasource/xa/RecoveryScan$XidSelector
instanceKlass com/atomikos/recovery/xa/XaResourceRecoveryManager
instanceKlass com/atomikos/recovery/xa/DefaultXaRecoveryLog
instanceKlass com/atomikos/icatch/imp/TransactionServiceImp$1
instanceKlass com/atomikos/icatch/admin/imp/LogControlImp
instanceKlass com/atomikos/icatch/imp/CompositeTransactionManagerImp
instanceKlass com/atomikos/icatch/Participant
instanceKlass com/atomikos/persistence/RecoverableCoordinator
instanceKlass com/atomikos/finitestates/FSMPreEnterEventSource
instanceKlass com/atomikos/finitestates/Stateful
instanceKlass com/atomikos/icatch/CompositeTransaction
instanceKlass com/atomikos/icatch/CompositeCoordinator
instanceKlass com/atomikos/icatch/admin/LogControl
instanceKlass com/atomikos/icatch/imp/TransactionServiceImp
instanceKlass com/atomikos/icatch/RecoveryService
instanceKlass com/atomikos/finitestates/FSMEnterListener
instanceKlass com/atomikos/util/UniqueIdMgr
instanceKlass com/atomikos/persistence/imp/StateRecoveryManagerImp
instanceKlass com/atomikos/finitestates/FSMPreEnterListener
instanceKlass com/atomikos/recovery/imp/RecoveryLogImp
instanceKlass com/atomikos/recovery/AdminLog
instanceKlass com/atomikos/recovery/imp/OltpLogImp
instanceKlass java/io/RandomAccessFile
instanceKlass com/atomikos/recovery/imp/CachedRepository
instanceKlass com/atomikos/util/VersionedFile$1
instanceKlass com/atomikos/util/VersionedFile
instanceKlass java/io/DeleteOnExitHook$1
instanceKlass java/io/DeleteOnExitHook
instanceKlass sun/nio/ch/FileKey
instanceKlass sun/nio/ch/FileLockTable
instanceKlass java/nio/channels/FileLock
instanceKlass com/atomikos/persistence/imp/LogFileLock
instanceKlass com/atomikos/recovery/imp/Serializer
instanceKlass com/atomikos/recovery/imp/Deserializer
instanceKlass com/atomikos/recovery/imp/FileSystemRepository
instanceKlass com/atomikos/recovery/imp/InMemoryRepository
instanceKlass com/atomikos/recovery/OltpLogFactory
instanceKlass java/util/Vector$Itr
instanceKlass com/atomikos/recovery/xa/XaRecoveryLog
instanceKlass com/atomikos/icatch/jta/JtaTransactionServicePlugin
instanceKlass com/atomikos/icatch/TransactionServicePlugin
instanceKlass com/atomikos/icatch/jta/TransactionManagerImp
instanceKlass com/atomikos/icatch/SubTxAwareParticipant
instanceKlass org/springframework/transaction/support/AbstractPlatformTransactionManager$SuspendedResourcesHolder
instanceKlass org/springframework/transaction/support/AbstractTransactionStatus
instanceKlass javax/transaction/TransactionSynchronizationRegistry
instanceKlass org/springframework/transaction/jta/JtaTransactionObject
instanceKlass org/springframework/transaction/support/SmartTransactionObject
instanceKlass javax/transaction/Synchronization
instanceKlass com/ais/cs/csmf/web/data/file/format/service/generator/DefaultFileFormatGenerator
instanceKlass com/ais/cs/csmf/security/configuration/CsmfSecurityConfiguration$1
instanceKlass org/springframework/web/servlet/i18n/AbstractLocaleResolver
instanceKlass org/springframework/web/servlet/LocaleContextResolver
instanceKlass com/ais/cs/ddi/service/cache/CacheElement
instanceKlass com/ais/cs/ddi/service/cache/LocalCache
instanceKlass com/ais/cs/ddi/service/cache/Cache
instanceKlass org/springframework/web/util/UriComponents
instanceKlass springfox/documentation/swagger2/web/SwaggerTransformationContext
instanceKlass springfox/documentation/swagger2/web/WebMvcBasePathAndHostnameTransformationFilter
instanceKlass springfox/documentation/service/AuthorizationScope
instanceKlass springfox/documentation/schema/Example
instanceKlass springfox/documentation/service/ListVendorExtension
instanceKlass springfox/documentation/service/RequestBody
instanceKlass io/swagger/v3/oas/models/servers/ServerVariable
instanceKlass springfox/documentation/service/ServerVariable
instanceKlass io/swagger/v3/oas/models/ExternalDocumentation
instanceKlass springfox/documentation/common/ExternalDocumentation
instanceKlass io/swagger/v3/oas/models/headers/Header
instanceKlass javax/xml/bind/annotation/XmlElementWrapper
instanceKlass javax/xml/bind/annotation/XmlAttribute
instanceKlass com/fasterxml/jackson/annotation/JsonIgnoreProperties
instanceKlass springfox/documentation/builders/PropertySpecificationBuilder
instanceKlass springfox/documentation/schema/AlternateTypeRuleConvention
instanceKlass springfox/documentation/spring/web/paths/DefaultPathProvider
instanceKlass springfox/documentation/spi/service/contexts/Orderings$$Lambda$558
instanceKlass springfox/documentation/spi/service/contexts/Orderings$$Lambda$557
instanceKlass springfox/documentation/spi/service/contexts/Orderings$$Lambda$556
instanceKlass springfox/documentation/spi/service/contexts/Orderings$$Lambda$555
instanceKlass springfox/documentation/spi/service/contexts/Orderings$$Lambda$554
instanceKlass springfox/documentation/spi/service/contexts/Orderings
instanceKlass springfox/documentation/builders/ResponseBuilder$$Lambda$553
instanceKlass springfox/documentation/builders/ResponseBuilder
instanceKlass springfox/documentation/builders/ResponseMessageBuilder
instanceKlass springfox/documentation/service/ResponseMessage
instanceKlass springfox/documentation/spi/service/contexts/Defaults$$Lambda$552
instanceKlass springfox/documentation/spi/service/contexts/Defaults$$Lambda$551
instanceKlass springfox/documentation/spi/service/contexts/Defaults$$Lambda$550
instanceKlass springfox/documentation/spi/service/contexts/Defaults$$Lambda$549
instanceKlass springfox/documentation/spi/service/contexts/Defaults$$Lambda$548
instanceKlass org/springframework/web/util/UriComponentsBuilder
instanceKlass org/springframework/web/util/UriBuilder
instanceKlass org/springframework/validation/BindingResult
instanceKlass org/springframework/validation/Errors
instanceKlass springfox/documentation/spring/web/plugins/WebMvcRequestHandlerProvider$$Lambda$547
instanceKlass org/springframework/web/servlet/handler/AbstractHandlerMethodMapping$$Lambda$546
instanceKlass org/springframework/web/servlet/handler/AbstractHandlerMethodMapping$$Lambda$545
instanceKlass org/springframework/boot/web/error/ErrorAttributeOptions
instanceKlass org/springframework/util/LinkedCaseInsensitiveMap$EntryIterator
instanceKlass org/springframework/web/servlet/handler/AbstractHandlerMethodMapping$MappingRegistration
instanceKlass org/springframework/web/servlet/handler/AbstractHandlerMethodMapping$$Lambda$544
instanceKlass org/springframework/web/servlet/mvc/method/RequestMappingInfo$DefaultBuilder
instanceKlass org/springframework/http/MediaType$$Lambda$543
instanceKlass org/springframework/util/MimeTypeUtils$$Lambda$542
instanceKlass org/springframework/util/ConcurrentLruCache
instanceKlass org/springframework/util/MimeTypeUtils
instanceKlass org/springframework/web/servlet/mvc/condition/AbstractMediaTypeExpression
instanceKlass org/springframework/web/servlet/mvc/condition/MediaTypeExpression
instanceKlass org/springframework/web/servlet/mvc/method/RequestMappingInfo$Builder
instanceKlass org/springframework/web/servlet/handler/AbstractHandlerMethodMapping$$Lambda$541
instanceKlass org/springframework/context/support/MessageSourceAccessor
instanceKlass org/springframework/web/servlet/mvc/condition/AbstractRequestCondition
instanceKlass org/springframework/web/servlet/mvc/method/RequestMappingInfo
instanceKlass org/springframework/web/servlet/mvc/condition/RequestCondition
instanceKlass org/springframework/web/bind/annotation/CrossOrigin
instanceKlass org/springframework/web/servlet/handler/RequestMatchResult
instanceKlass java/util/Comparators$NullComparator
instanceKlass org/springframework/web/util/pattern/PathPattern$$Lambda$540
instanceKlass org/springframework/web/util/pattern/PathPattern$$Lambda$539
instanceKlass org/springframework/web/util/pattern/PathPattern$$Lambda$538
instanceKlass org/springframework/web/util/pattern/PathPattern$$Lambda$537
instanceKlass org/springframework/http/server/DefaultPathContainer$DefaultSeparator
instanceKlass org/springframework/http/server/PathContainer$Separator
instanceKlass org/springframework/http/server/PathContainer$PathSegment
instanceKlass org/springframework/http/server/PathContainer$Element
instanceKlass org/springframework/http/server/DefaultPathContainer
instanceKlass org/springframework/http/server/PathContainer
instanceKlass org/springframework/web/util/pattern/PathPattern
instanceKlass org/springframework/web/util/pattern/PathElement
instanceKlass org/springframework/web/util/pattern/InternalPathPatternParser
instanceKlass java/util/stream/Nodes$ArrayNode
instanceKlass java/util/stream/Node$Builder
instanceKlass java/util/stream/Node$OfDouble
instanceKlass java/util/stream/Node$OfLong
instanceKlass java/util/stream/Node$OfInt
instanceKlass java/util/stream/Node$OfPrimitive
instanceKlass java/util/stream/Nodes$EmptyNode
instanceKlass java/util/stream/Node
instanceKlass java/util/stream/Nodes
instanceKlass org/springframework/web/servlet/handler/MappedInterceptor$PatternAdapter$$Lambda$536
instanceKlass java/util/function/IntFunction
instanceKlass org/springframework/web/servlet/handler/MappedInterceptor$PatternAdapter$$Lambda$535
instanceKlass org/springframework/web/servlet/handler/MappedInterceptor$PatternAdapter
instanceKlass org/springframework/web/servlet/handler/MappedInterceptor
instanceKlass org/springframework/web/servlet/config/annotation/InterceptorRegistry$$Lambda$534
instanceKlass java/lang/invoke/LambdaForm$DMH
instanceKlass org/springframework/web/servlet/config/annotation/InterceptorRegistry$$Lambda$533
instanceKlass org/springframework/web/servlet/resource/ResourceUrlProviderExposingInterceptor
instanceKlass org/springframework/web/servlet/handler/ConversionServiceExposingInterceptor
instanceKlass com/ais/cs/csmf/basic/web/transfer/ResponseInterceptor
instanceKlass org/springframework/web/servlet/config/annotation/InterceptorRegistration
instanceKlass com/ais/cs/csmf/i18n/CsmfLocaleChangeInterceptor
instanceKlass org/springframework/web/servlet/config/annotation/InterceptorRegistry$$Lambda$532
instanceKlass org/springframework/web/servlet/mvc/method/RequestMappingInfo$BuilderConfiguration
instanceKlass org/springframework/web/servlet/mvc/method/RequestMappingInfoHandlerMethodMappingNamingStrategy
instanceKlass org/springframework/web/servlet/handler/AbstractHandlerMethodMapping$MappingRegistry
instanceKlass org/springframework/web/cors/DefaultCorsProcessor
instanceKlass org/springframework/http/HttpHeaders
instanceKlass org/springframework/web/servlet/mvc/method/RequestMappingInfoHandlerMapping$HttpOptionsHandler
instanceKlass org/springframework/web/cors/CorsConfiguration$OriginPattern
instanceKlass org/springframework/web/cors/CorsConfiguration
instanceKlass org/springframework/core/annotation/AnnotatedElementUtils$$Lambda$531
instanceKlass org/springframework/web/bind/annotation/ResponseStatus
instanceKlass org/springframework/web/servlet/handler/AbstractHandlerMethodMapping$EmptyHandler
instanceKlass org/springframework/web/servlet/handler/HandlerMethodMappingNamingStrategy
instanceKlass org/springframework/web/cors/CorsProcessor
instanceKlass org/springframework/boot/autoconfigure/web/servlet/WebMvcAutoConfiguration$WebMvcAutoConfigurationAdapter$$Lambda$530
instanceKlass org/springframework/boot/autoconfigure/web/servlet/WebMvcAutoConfiguration$WebMvcAutoConfigurationAdapter$$Lambda$529
instanceKlass org/springframework/beans/factory/support/DefaultListableBeanFactory$$Lambda$528
instanceKlass org/springframework/beans/factory/support/DefaultListableBeanFactory$$Lambda$527
instanceKlass org/springframework/boot/autoconfigure/web/servlet/WebMvcAutoConfiguration$WebMvcAutoConfigurationAdapter$$Lambda$526
instanceKlass javax/servlet/http/HttpUpgradeHandler
instanceKlass javax/servlet/http/Part
instanceKlass javax/servlet/http/PushBuilder
instanceKlass javax/servlet/http/Cookie
instanceKlass javax/servlet/http/HttpServletMapping
instanceKlass org/springframework/web/servlet/resource/ResourceResolverChain
instanceKlass org/springframework/boot/autoconfigure/web/format/DateTimeFormatters
instanceKlass org/springframework/web/context/request/NativeWebRequest
instanceKlass org/springframework/web/accept/MappingMediaTypeFileExtensionResolver$$Lambda$525
instanceKlass org/springframework/web/accept/MappingMediaTypeFileExtensionResolver$$Lambda$524
instanceKlass org/springframework/web/accept/HeaderContentNegotiationStrategy
instanceKlass org/springframework/web/accept/ContentNegotiationManagerFactoryBean$$Lambda$523
instanceKlass java/lang/invoke/LambdaForm$DMH
instanceKlass org/springframework/boot/autoconfigure/web/servlet/WebMvcAutoConfiguration$WebMvcAutoConfigurationAdapter$$Lambda$522
instanceKlass org/springframework/web/accept/MappingMediaTypeFileExtensionResolver
instanceKlass org/springframework/web/accept/ContentNegotiationManagerFactoryBean
instanceKlass org/springframework/web/servlet/config/annotation/WebMvcConfigurerComposite
instanceKlass org/springframework/boot/convert/Delimiter
instanceKlass org/springframework/http/CacheControl
instanceKlass org/springframework/boot/autoconfigure/web/WebProperties$Resources$Cache$Cachecontrol
instanceKlass org/springframework/boot/autoconfigure/web/WebProperties$Resources$Cache
instanceKlass org/springframework/boot/autoconfigure/web/WebProperties$Resources$Chain$Strategy$Content
instanceKlass org/springframework/boot/autoconfigure/web/WebProperties$Resources$Chain$Strategy$Fixed
instanceKlass org/springframework/boot/autoconfigure/web/WebProperties$Resources$Chain$Strategy
instanceKlass org/springframework/boot/autoconfigure/web/servlet/WebMvcRegistrations
instanceKlass org/springframework/boot/autoconfigure/web/servlet/WebMvcAutoConfiguration$ResourceChainCustomizerConfiguration
instanceKlass org/springframework/boot/autoconfigure/web/servlet/WebMvcAutoConfiguration$ResourceChainResourceHandlerRegistrationCustomizer
instanceKlass org/springframework/boot/autoconfigure/web/servlet/WebMvcAutoConfiguration$ResourceHandlerRegistrationCustomizer
instanceKlass org/springframework/boot/autoconfigure/web/servlet/WebMvcAutoConfiguration$OptionalPathExtensionContentNegotiationStrategy
instanceKlass org/springframework/web/method/HandlerMethod
instanceKlass springfox/documentation/spring/web/plugins/DefaultConfiguration
instanceKlass springfox/documentation/spi/service/RequestHandlerCombiner
instanceKlass springfox/documentation/common/SpringVersion
instanceKlass org/springframework/web/bind/annotation/RequestHeader
instanceKlass org/springframework/web/bind/annotation/RequestBody
instanceKlass org/springframework/web/bind/annotation/RequestPart
instanceKlass org/springframework/web/bind/annotation/PathVariable
instanceKlass org/springframework/web/bind/annotation/RequestParam
instanceKlass springfox/documentation/service/AllowableListValues
instanceKlass springfox/documentation/spring/wrapper/NameValueExpression
instanceKlass springfox/documentation/builders/ContentSpecificationBuilder
instanceKlass springfox/documentation/builders/RequestParameterBuilder
instanceKlass springfox/documentation/builders/EncodingBuilder
instanceKlass springfox/documentation/service/Encoding
instanceKlass springfox/documentation/spring/web/readers/parameter/ModelAttributeField
instanceKlass springfox/documentation/spi/schema/AlternateTypeProvider
instanceKlass springfox/documentation/spring/web/readers/parameter/ExpansionContext
instanceKlass springfox/documentation/spi/service/ParameterMetadataAccessor
instanceKlass springfox/documentation/service/ResolvedMethodParameter
instanceKlass springfox/documentation/schema/CachingModelProvider$$Lambda$521
instanceKlass springfox/documentation/schema/CachingModelProvider$$Lambda$520
instanceKlass springfox/documentation/schema/CachingModelDependencyProvider$$Lambda$519
instanceKlass springfox/documentation/schema/property/CachingModelPropertiesProvider$$Lambda$518
instanceKlass springfox/documentation/schema/property/CachingModelPropertiesProvider$$Lambda$517
instanceKlass com/fasterxml/classmate/MemberResolver
instanceKlass com/fasterxml/classmate/members/ResolvedMember
instanceKlass springfox/documentation/schema/property/BaseModelProperty
instanceKlass springfox/documentation/schema/property/ModelProperty
instanceKlass springfox/documentation/spring/web/scanners/ComparisonCondition
instanceKlass springfox/documentation/spring/web/scanners/MergingContext
instanceKlass springfox/documentation/spi/schema/UniqueTypeNameAdapter
instanceKlass springfox/documentation/RequestHandlerKey
instanceKlass springfox/documentation/spring/web/scanners/CachingOperationReader$$Lambda$516
instanceKlass springfox/documentation/spring/web/OperationCachingEquivalence$Wrapper
instanceKlass springfox/documentation/spring/wrapper/PatternsRequestCondition
instanceKlass springfox/documentation/service/ApiListingReference
instanceKlass springfox/documentation/builders/ResourceListingBuilder
instanceKlass springfox/documentation/service/PathAdjuster
instanceKlass springfox/documentation/spring/web/scanners/ApiListingReferenceScanResult
instanceKlass springfox/documentation/swagger/web/SecurityConfiguration
instanceKlass springfox/documentation/swagger/web/SecurityConfigurationBuilder
instanceKlass springfox/documentation/swagger/web/UiConfiguration
instanceKlass springfox/documentation/swagger/web/UiConfiguration$Constants
instanceKlass springfox/documentation/swagger/web/UiConfigurationBuilder
instanceKlass springfox/documentation/oas/web/OpenApiControllerWebFlux
instanceKlass springfox/documentation/swagger2/web/Swagger2ControllerWebFlux
instanceKlass springfox/documentation/schema/ClassSupport
instanceKlass springfox/documentation/swagger/web/InMemorySwaggerResourcesProvider$$Lambda$515
instanceKlass springfox/documentation/swagger/web/InMemorySwaggerResourcesProvider$$Lambda$514
instanceKlass java/util/stream/ReduceOps$8ReducingSink
instanceKlass java/util/stream/Sink$OfLong
instanceKlass java/util/function/LongConsumer
instanceKlass java/util/stream/LongPipeline$$Lambda$513
instanceKlass java/util/function/LongBinaryOperator
instanceKlass java/lang/invoke/LambdaForm$DMH
instanceKlass java/util/stream/LongStream
instanceKlass java/util/stream/ReferencePipeline$$Lambda$512
instanceKlass springfox/documentation/spring/web/plugins/DuplicateGroupsDetector$$Lambda$511
instanceKlass springfox/documentation/spring/web/plugins/DuplicateGroupsDetector$$Lambda$510
instanceKlass java/util/stream/Collectors$$Lambda$509
instanceKlass java/util/stream/Collectors$$Lambda$508
instanceKlass springfox/documentation/spring/web/plugins/DuplicateGroupsDetector$$Lambda$507
instanceKlass springfox/documentation/spring/web/plugins/DuplicateGroupsDetector$$Lambda$506
instanceKlass springfox/documentation/spring/web/plugins/DuplicateGroupsDetector
instanceKlass org/springframework/plugin/core/PluginRegistrySupport$$Lambda$505
instanceKlass springfox/documentation/schema/AlternateTypeRule
instanceKlass springfox/documentation/service/Server
instanceKlass springfox/documentation/spring/web/plugins/ApiSelectorBuilder$$Lambda$504
instanceKlass springfox/documentation/builders/RequestHandlerSelectors$$Lambda$503
instanceKlass springfox/documentation/spring/web/plugins/ApiSelectorBuilder
instanceKlass springfox/documentation/builders/BuilderDefaults
instanceKlass springfox/documentation/builders/ApiInfoBuilder
instanceKlass springfox/documentation/builders/PathSelectors$$Lambda$502
instanceKlass springfox/documentation/builders/PathSelectors
instanceKlass springfox/documentation/builders/RequestHandlerSelectors$$Lambda$501
instanceKlass java/util/function/Predicate$$Lambda$500
instanceKlass springfox/documentation/builders/RequestHandlerSelectors$$Lambda$499
instanceKlass springfox/documentation/RequestHandler
instanceKlass springfox/documentation/builders/RequestHandlerSelectors
instanceKlass springfox/documentation/spi/service/contexts/ApiSelector
instanceKlass springfox/documentation/schema/DefaultGenericTypeNamingStrategy
instanceKlass springfox/documentation/spi/schema/GenericTypeNamingStrategy
instanceKlass org/springframework/plugin/core/support/AbstractTypeAwareSupport$BeansOfTypeTargetSource$$Lambda$498
instanceKlass org/springframework/plugin/core/support/AbstractTypeAwareSupport$BeansOfTypeTargetSource$$Lambda$497
instanceKlass springfox/documentation/swagger/web/SwaggerResource
instanceKlass io/swagger/v3/oas/annotations/Parameter
instanceKlass springfox/documentation/schema/NumericElementFacetBuilder
instanceKlass io/swagger/annotations/ApiParam
instanceKlass springfox/documentation/service/AllowableValues
instanceKlass io/swagger/v3/oas/annotations/media/Content
instanceKlass springfox/documentation/spring/web/scanners/ApiListingScanningContext
instanceKlass springfox/documentation/spi/service/contexts/ParameterExpansionContext
instanceKlass springfox/documentation/spi/service/contexts/ApiListingContext
instanceKlass springfox/documentation/spi/service/contexts/PathContext
instanceKlass springfox/documentation/spi/service/contexts/DocumentationContextBuilder
instanceKlass springfox/documentation/service/Response
instanceKlass springfox/documentation/spi/service/contexts/ParameterContext
instanceKlass springfox/documentation/builders/RepresentationBuilder
instanceKlass springfox/documentation/spi/service/contexts/ResponseContext
instanceKlass io/swagger/annotations/ApiResponse
instanceKlass io/swagger/v3/oas/annotations/tags/Tags
instanceKlass io/swagger/v3/oas/annotations/tags/Tag
instanceKlass io/swagger/v3/oas/annotations/security/SecurityRequirement
instanceKlass io/swagger/v3/oas/annotations/Operation
instanceKlass io/swagger/annotations/ApiResponses
instanceKlass springfox/documentation/spi/service/contexts/RequestMappingContext
instanceKlass springfox/documentation/schema/ModelKey
instanceKlass springfox/documentation/builders/CollectionElementFacetBuilder
instanceKlass springfox/documentation/builders/SimpleParameterSpecificationBuilder
instanceKlass springfox/documentation/builders/ModelSpecificationBuilder
instanceKlass springfox/documentation/schema/ScalarType
instanceKlass springfox/documentation/common/Compatibility
instanceKlass springfox/documentation/spi/service/contexts/OperationContext
instanceKlass springfox/documentation/builders/CompoundModelSpecificationBuilder
instanceKlass io/swagger/annotations/ApiModelProperty
instanceKlass com/fasterxml/classmate/GenericType
instanceKlass com/fasterxml/classmate/util/ClassStack
instanceKlass com/fasterxml/classmate/util/ResolvedTypeCache
instanceKlass com/fasterxml/classmate/util/ClassKey
instanceKlass com/fasterxml/classmate/TypeBindings
instanceKlass com/fasterxml/classmate/members/RawMember
instanceKlass springfox/documentation/builders/CollectionSpecificationBuilder
instanceKlass springfox/documentation/builders/ReferenceModelSpecificationBuilder
instanceKlass springfox/documentation/builders/ModelFacetsBuilder
instanceKlass springfox/documentation/builders/QualifiedModelNameBuilder
instanceKlass springfox/documentation/schema/ModelKeyBuilder
instanceKlass springfox/documentation/builders/MapSpecificationBuilder
instanceKlass springfox/documentation/builders/EnumerationElementFacetBuilder
instanceKlass springfox/documentation/builders/ElementFacetBuilder
instanceKlass io/swagger/v3/oas/annotations/media/Schema
instanceKlass springfox/documentation/spi/schema/contexts/ModelPropertyContext
instanceKlass java/lang/SafeVarargs
instanceKlass org/springframework/aop/framework/JdkDynamicAopProxy
instanceKlass org/springframework/plugin/core/support/AbstractTypeAwareSupport$BeansOfTypeTargetSource
instanceKlass springfox/documentation/spring/web/json/Json
instanceKlass io/swagger/v3/oas/models/examples/Example
instanceKlass io/swagger/v3/oas/models/tags/Tag
instanceKlass io/swagger/v3/oas/models/media/XML
instanceKlass io/swagger/v3/oas/models/servers/Server
instanceKlass io/swagger/v3/oas/models/info/Contact
instanceKlass io/swagger/v3/oas/models/Components
instanceKlass io/swagger/v3/oas/models/media/Encoding
instanceKlass io/swagger/v3/oas/models/parameters/RequestBody
instanceKlass io/swagger/v3/oas/models/parameters/Parameter
instanceKlass io/swagger/v3/oas/models/responses/ApiResponse
instanceKlass io/swagger/v3/oas/models/Operation
instanceKlass io/swagger/v3/oas/models/security/SecurityScheme
instanceKlass io/swagger/v3/oas/models/media/MediaType
instanceKlass io/swagger/v3/oas/models/PathItem
instanceKlass io/swagger/v3/oas/models/media/Schema
instanceKlass io/swagger/v3/oas/models/info/License
instanceKlass io/swagger/v3/oas/models/info/Info
instanceKlass springfox/documentation/oas/configuration/OpenApiJacksonModule$NonEmptyMixin
instanceKlass io/swagger/v3/oas/models/OpenAPI
instanceKlass springfox/documentation/swagger2/configuration/Swagger2JacksonModule$PropertyExampleSerializerMixin
instanceKlass io/swagger/models/ExternalDocs
instanceKlass springfox/documentation/swagger2/configuration/Swagger2JacksonModule$ResponseSerializer
instanceKlass io/swagger/models/Response
instanceKlass io/swagger/models/SecurityRequirement
instanceKlass springfox/documentation/swagger2/configuration/Swagger2JacksonModule$CustomizedSwaggerSerializer
instanceKlass org/springframework/core/annotation/TypeMappedAnnotations$1
instanceKlass org/springframework/http/HttpEntity
instanceKlass springfox/documentation/schema/EnumerationFacet
instanceKlass springfox/documentation/schema/NumericElementFacet
instanceKlass springfox/documentation/schema/CollectionElementFacet
instanceKlass io/swagger/models/AbstractModel
instanceKlass org/mapstruct/factory/Mappers
instanceKlass springfox/documentation/schema/ModelFacets
instanceKlass io/swagger/models/parameters/AbstractParameter
instanceKlass springfox/documentation/service/SimpleParameterSpecification
instanceKlass springfox/documentation/schema/StringElementFacet
instanceKlass springfox/documentation/schema/ElementFacet
instanceKlass springfox/documentation/service/Representation
instanceKlass springfox/documentation/service/ContentSpecification
instanceKlass springfox/documentation/service/RequestParameter
instanceKlass io/swagger/models/parameters/SerializableParameter
instanceKlass com/fasterxml/classmate/ResolvedType
instanceKlass springfox/documentation/schema/Model
instanceKlass io/swagger/models/RefModel
instanceKlass springfox/documentation/schema/ModelProperty
instanceKlass springfox/documentation/service/Parameter
instanceKlass io/swagger/models/Model
instanceKlass io/swagger/models/parameters/Parameter
instanceKlass springfox/documentation/schema/ReferenceModelSpecification
instanceKlass springfox/documentation/schema/ScalarModelSpecification
instanceKlass springfox/documentation/schema/CompoundModelSpecification
instanceKlass springfox/documentation/schema/MapSpecification
instanceKlass springfox/documentation/schema/CollectionSpecification
instanceKlass io/swagger/models/Xml
instanceKlass springfox/documentation/schema/Xml
instanceKlass springfox/documentation/schema/PropertySpecification
instanceKlass springfox/documentation/schema/ModelSpecification
instanceKlass springfox/documentation/schema/ElementFacetSource
instanceKlass springfox/documentation/service/StringVendorExtension
instanceKlass springfox/documentation/service/ObjectVendorExtension
instanceKlass springfox/documentation/service/VendorExtension
instanceKlass io/swagger/models/License
instanceKlass java/util/stream/Collectors$$Lambda$496
instanceKlass java/util/stream/Collectors$$Lambda$495
instanceKlass springfox/documentation/swagger2/mappers/SecurityMapper$$Lambda$494
instanceKlass springfox/documentation/swagger2/mappers/SecurityMapper$$Lambda$493
instanceKlass springfox/documentation/swagger2/mappers/OpenIdConnectSchemeFactory
instanceKlass springfox/documentation/swagger2/mappers/HttpAuthenticationSchemeFactory
instanceKlass springfox/documentation/swagger2/mappers/BasicAuthFactory
instanceKlass springfox/documentation/swagger2/mappers/ApiKeyAuthFactory
instanceKlass springfox/documentation/swagger2/mappers/OAuth2AuthFactory
instanceKlass springfox/documentation/swagger2/mappers/SecuritySchemeFactory
instanceKlass java/util/AbstractMap$SimpleEntry
instanceKlass io/swagger/models/auth/SecuritySchemeDefinition
instanceKlass springfox/documentation/service/SecurityScheme
instanceKlass springfox/documentation/service/ResourceListing
instanceKlass springfox/documentation/service/ApiListing
instanceKlass springfox/documentation/schema/ModelReference
instanceKlass io/swagger/models/properties/Property
instanceKlass springfox/documentation/service/Header
instanceKlass io/swagger/models/Path
instanceKlass springfox/documentation/service/ApiDescription
instanceKlass io/swagger/models/Info
instanceKlass io/swagger/models/Operation
instanceKlass springfox/documentation/service/ModelNamesRegistry
instanceKlass springfox/documentation/service/Operation
instanceKlass io/swagger/models/Swagger
instanceKlass springfox/documentation/service/Documentation
instanceKlass io/swagger/models/Tag
instanceKlass springfox/documentation/service/Tag
instanceKlass io/swagger/models/Contact
instanceKlass springfox/documentation/service/Contact
instanceKlass com/ais/cs/csmf/web/data/file/exporter/service/downloader/DefaultFileExportDataDownloader
instanceKlass com/ais/cs/csmf/web/data/file/exporter/model/FileExportHistory
instanceKlass com/ais/cs/csmf/web/data/file/exporter/service/history/DefaultExportHistoryProcessor
instanceKlass org/apache/poi/xssf/streaming/SXSSFSheet
instanceKlass org/apache/poi/ss/usermodel/Sheet
instanceKlass org/apache/poi/xssf/streaming/SXSSFWorkbook
instanceKlass com/ais/cs/csmf/web/data/file/exporter/model/FileExportCatalog
instanceKlass com/ais/cs/csmf/web/data/file/exporter/service/exporter/DefaultExportToCatalog
instanceKlass com/ais/cs/ddi/database/define/FieldValue
instanceKlass com/ais/cs/csmf/web/data/file/exporter/service/exporter/DefaultExportFileByTask
instanceKlass com/ais/cs/csmf/web/data/file/exporter/service/exporter/DefaultExportToZip
instanceKlass com/ais/cs/csmf/web/data/file/format/model/FileFormatBean
instanceKlass com/ais/cs/csmf/web/data/file/format/model/SetFileFormatReq
instanceKlass com/ais/cs/csmf/web/data/file/format/service/setter/DefaultFileFormatSetter
instanceKlass com/ais/cs/csmf/web/data/file/format/service/downloader/DefaultFileFormatDownloader
instanceKlass com/ais/cs/csmf/web/data/file/importer/model/FileImportHistory
instanceKlass com/ais/cs/csmf/web/data/file/common/History
instanceKlass com/ais/cs/csmf/web/data/file/importer/service/history/DefaultImportHistoryProcessor
instanceKlass com/ais/cs/csmf/web/data/file/importer/service/importer/DefaultImportFileByTask
instanceKlass com/ais/cs/csmf/web/data/options/service/QueryOptionsCustomizer
instanceKlass org/json/JSONArray
instanceKlass com/ais/cs/csmf/web/data/options/service/DefaultQueryOptionsServiceImpl
instanceKlass com/ais/cs/csmf/web/data/options/model/OptionsReq
instanceKlass com/alibaba/fastjson/TypeReference
instanceKlass com/ais/wapi/core/xml/bean/WapiUnit
instanceKlass com/ais/wapi/core/xml/bean/WapiFlow
instanceKlass com/ais/wapi/core/xml/bean/WapiResource
instanceKlass com/ais/wapi/core/logs/WapiLogHandle
instanceKlass com/ais/cs/csmf/core/config/XMLConfig
instanceKlass com/ais/cs/csmf/dataconfig/XmlProperties
instanceKlass org/dom4j/Element
instanceKlass org/dom4j/Branch
instanceKlass org/dom4j/Node
instanceKlass com/ais/cs/csmf/security/web/captcha/service/sms/DefaultSmsCaptchaServiceImpl
instanceKlass com/ais/cs/csmf/security/web/captcha/model/PuzGenRsp
instanceKlass com/ais/cs/csmf/security/web/captcha/service/puz/DefaultPuzCaptchaServiceImpl
instanceKlass com/ais/cs/csmf/security/web/captcha/model/PicGenRsp
instanceKlass com/ais/cs/csmf/security/web/captcha/service/pic/DefaultPicCaptchaServiceImpl
instanceKlass com/ais/cs/csmf/security/web/captcha/model/PuzVerifyReq
instanceKlass com/ais/cs/csmf/security/web/captcha/model/PicVerifyReq
instanceKlass com/ais/cs/csmf/security/web/auth/core/authentication/provider/ProviderManager
instanceKlass com/ais/cs/csmf/security/web/auth/core/authentication/AuthenticationManager
instanceKlass com/ais/cs/csmf/security/web/auth/core/authentication/process/AbstractLoginCheckProcessor
instanceKlass com/ais/cs/csmf/security/web/auth/model/LoginRsp
instanceKlass com/ais/cs/csmf/security/web/auth/model/menu/MenuLogRsp
instanceKlass com/ais/cs/csmf/security/web/auth/model/menu/UserFavoritesMenusRsp
instanceKlass com/ais/cs/csmf/security/web/auth/model/menu/DelFavouriteMenuReq
instanceKlass com/ais/cs/csmf/security/web/auth/model/menu/FavouriteMenuBean
instanceKlass com/ais/cs/csmf/security/web/auth/model/menu/MenuLogReq
instanceKlass com/ais/wapi/manager/service/impl/WapiServiceImpl$$Lambda$492
instanceKlass com/ais/wapi/core/WapiProcessor
instanceKlass com/ais/wapi/core/WapiRequest
instanceKlass com/ais/cs/csmf/basic/entity/SysAccount
instanceKlass com/ais/cs/csmf/security/web/auth/model/auth/UserInfoRsp
instanceKlass com/ais/cs/csmf/security/web/auth/model/menu/UserMenuInfoRsp
instanceKlass com/ais/cs/csmf/security/web/encrpypt/model/RsaReq
instanceKlass com/ais/cs/csmf/security/web/auth/core/service/DefaultUserAuthenticateService
instanceKlass com/ais/cs/csmf/security/web/auth/core/service/DefaultUserDetailsService
instanceKlass com/ais/cs/csmf/security/web/auth/core/authority/mapping/NullAuthoritiesMapper
instanceKlass com/ais/cs/csmf/security/web/captcha/model/SmsGenRsp
instanceKlass com/ais/cs/csmf/security/web/captcha/service/sms/AbstractLocalValidateSmsService$DailyCounter
instanceKlass com/ais/cs/csmf/security/web/captcha/service/sms/AbstractLocalValidateSmsService
instanceKlass com/ais/cs/csmf/security/web/auth/core/userdetails/UserDetails
instanceKlass com/ais/cs/csmf/security/web/auth/core/authentication/token/AbstractAuthenticationToken
instanceKlass com/ais/cs/csmf/security/web/auth/core/CredentialsContainer
instanceKlass com/ais/cs/csmf/security/web/auth/core/Authentication
instanceKlass com/ais/cs/csmf/security/web/auth/core/service/UserAuthenticateService
instanceKlass com/ais/cs/csmf/security/web/auth/core/service/UserDetailsService
instanceKlass com/ais/cs/csmf/security/web/auth/core/authority/mapping/GrantedAuthoritiesMapper
instanceKlass com/ais/cs/csmf/security/SecurityManager
instanceKlass com/github/benmanes/caffeine/cache/CaffeineSpec
instanceKlass com/github/benmanes/caffeine/cache/CacheLoader
instanceKlass com/ais/cs/csmf/cache/caffeine/CsmfCaffeineConfiguration$1
instanceKlass com/github/benmanes/caffeine/cache/Caffeine$$Lambda$491
instanceKlass com/github/benmanes/caffeine/cache/stats/ConcurrentStatsCounter
instanceKlass com/github/benmanes/caffeine/cache/stats/StatsCounter
instanceKlass com/github/benmanes/caffeine/cache/RemovalListener
instanceKlass com/github/benmanes/caffeine/cache/CacheWriter
instanceKlass com/github/benmanes/caffeine/cache/AsyncLoadingCache
instanceKlass com/github/benmanes/caffeine/cache/AsyncCache
instanceKlass com/github/benmanes/caffeine/cache/AsyncCacheLoader
instanceKlass com/github/benmanes/caffeine/cache/Weigher
instanceKlass com/github/benmanes/caffeine/cache/LoadingCache
instanceKlass com/github/benmanes/caffeine/cache/Cache
instanceKlass com/ais/cs/csmf/core/cache/GeneralCache
instanceKlass com/ais/cs/csmf/core/cache/CacheContainer
instanceKlass com/ais/cs/csmf/basic/entity/SysOperationLog
instanceKlass com/ais/cs/csmf/core/web/api/ApiResponse
instanceKlass com/ais/cs/csmf/core/web/api/ApiResult
instanceKlass org/springframework/http/server/ServerHttpResponse
instanceKlass org/springframework/http/server/ServerHttpRequest
instanceKlass org/springframework/http/HttpRequest
instanceKlass com/ais/cs/csmf/logserver/DataReceiverBatch
instanceKlass com/ais/cs/csmf/logserver/DataReceiver
instanceKlass org/graylog2/syslog4j/server/SyslogServerConfigIF
instanceKlass com/ais/cs/csmf/logserver/LogConfig
instanceKlass org/json/JSONObject
instanceKlass sun/misc/Contended
instanceKlass com/ais/cs/csmf/logserver/RedirectDataReceiver
instanceKlass com/ais/cs/ddi/web/utils/BasicResponse
instanceKlass org/graylog2/syslog4j/server/SyslogServerEventIF
instanceKlass org/graylog2/syslog4j/server/SyslogServerIF
instanceKlass org/springframework/core/annotation/AnnotationUtils$$Lambda$490
instanceKlass org/springframework/core/annotation/TypeMappedAnnotation$$Lambda$489
instanceKlass org/springframework/expression/spel/CodeFlow
instanceKlass org/springframework/expression/spel/ast/MethodReference$CachedMethodExecutor
instanceKlass org/springframework/expression/spel/support/ReflectiveMethodExecutor
instanceKlass org/springframework/expression/spel/support/ReflectionHelper$ArgumentsMatchInfo
instanceKlass org/springframework/expression/spel/support/ReflectionHelper
instanceKlass org/springframework/expression/spel/support/ReflectiveMethodResolver$$Lambda$488
instanceKlass org/springframework/expression/MethodExecutor
instanceKlass org/springframework/expression/spel/support/ReflectiveMethodResolver
instanceKlass org/springframework/expression/MethodResolver
instanceKlass org/springframework/expression/spel/ast/MethodReference$MethodValueRef
instanceKlass org/springframework/expression/spel/ExpressionState
instanceKlass org/springframework/expression/spel/standard/SpelExpression
instanceKlass org/springframework/expression/spel/ast/ValueRef
instanceKlass org/springframework/expression/spel/standard/Token
instanceKlass org/springframework/expression/spel/standard/Tokenizer
instanceKlass java/util/regex/Pattern$CharPropertyNames$CharPropertyFactory
instanceKlass java/util/regex/Pattern$CharPropertyNames
instanceKlass org/springframework/expression/spel/ast/SpelNodeImpl
instanceKlass org/springframework/expression/spel/SpelNode
instanceKlass org/springframework/expression/common/TemplateAwareExpressionParser$Bracket
instanceKlass org/graylog2/syslog4j/util/OSDetectUtility
instanceKlass org/graylog2/syslog4j/impl/AbstractSyslogWriter
instanceKlass org/graylog2/syslog4j/impl/net/tcp/TCPNetSyslogConfigIF
instanceKlass sun/net/ResourceManager
instanceKlass java/net/DatagramPacket
instanceKlass java/net/DatagramSocket$1
instanceKlass java/net/AbstractPlainDatagramSocketImpl$1
instanceKlass java/net/DatagramSocketImpl
instanceKlass java/net/DefaultDatagramSocketImplFactory$1
instanceKlass java/net/DefaultDatagramSocketImplFactory
instanceKlass java/net/DatagramSocket
instanceKlass org/graylog2/syslog4j/SyslogMessageProcessorIF
instanceKlass org/graylog2/syslog4j/impl/message/structured/StructuredSyslogMessageIF
instanceKlass org/graylog2/syslog4j/SyslogMessageIF
instanceKlass org/graylog2/syslog4j/impl/AbstractSyslog
instanceKlass org/graylog2/syslog4j/SyslogIF
instanceKlass org/graylog2/syslog4j/impl/backlog/AbstractSyslogBackLogHandler
instanceKlass org/graylog2/syslog4j/SyslogBackLogHandlerIF
instanceKlass org/graylog2/syslog4j/impl/AbstractSyslogConfig
instanceKlass org/graylog2/syslog4j/impl/net/AbstractNetSyslogConfigIF
instanceKlass org/graylog2/syslog4j/impl/AbstractSyslogConfigIF
instanceKlass org/graylog2/syslog4j/SyslogConfigIF
instanceKlass org/graylog2/syslog4j/SyslogCharSetIF
instanceKlass org/graylog2/syslog4j/Syslog
instanceKlass org/graylog2/syslog4j/SyslogConstants
instanceKlass com/ais/cs/csmf/syslog/SysLogClientUtil
instanceKlass org/apache/logging/log4j/message/ParameterFormatter$$Lambda$487
instanceKlass org/apache/logging/log4j/message/ParameterFormatter
instanceKlass org/apache/logging/log4j/message/ParameterizedMessage
instanceKlass com/ais/cs/csmf/license/service/TextLicenseServiceImpl
instanceKlass com/ais/cs/csmf/i18n/service/impl/I18nMsgServiceImpl
instanceKlass org/apache/poi/POIXMLDocumentPart
instanceKlass org/apache/poi/ss/usermodel/Workbook
instanceKlass org/apache/poi/ss/usermodel/RichTextString
instanceKlass org/apache/poi/ss/usermodel/CellStyle
instanceKlass com/ais/wapi/core/common/WapiUnitResult
instanceKlass com/ais/wapi/core/common/WapiUnitParam
instanceKlass org/springframework/scheduling/annotation/ScheduledAnnotationBeanPostProcessor$$Lambda$486
instanceKlass org/springframework/scheduling/config/ScheduledTask
instanceKlass org/springframework/scheduling/support/CronField
instanceKlass org/springframework/scheduling/support/CronExpression
instanceKlass org/springframework/scheduling/support/CronTrigger
instanceKlass org/springframework/scheduling/Trigger
instanceKlass org/springframework/scheduling/support/ScheduledMethodRunnable
instanceKlass org/springframework/scheduling/annotation/ScheduledAnnotationBeanPostProcessor$$Lambda$485
instanceKlass org/springframework/scheduling/annotation/ScheduledAnnotationBeanPostProcessor$$Lambda$484
instanceKlass com/alibaba/fastjson/JSON
instanceKlass com/alibaba/fastjson/JSONAware
instanceKlass com/alibaba/fastjson/JSONStreamAware
instanceKlass com/ais/cs/csmf/monitor/agent/Command
instanceKlass com/ais/monitor/agent/SSHHelper
instanceKlass ch/ethz/ssh2/Connection
instanceKlass net/schmizz/sshj/SocketClient
instanceKlass net/schmizz/sshj/connection/channel/direct/SessionFactory
instanceKlass net/schmizz/sshj/transport/verification/HostKeyVerifier
instanceKlass com/ais/bmc/ops/schedule/ScheduledTaskExecutor$MonitorRunner
instanceKlass freemarker/ext/jsp/TaglibFactory$MetaInfTldSource
instanceKlass java/io/FilenameFilter
instanceKlass freemarker/ext/jsp/TaglibFactory$TldLocation
instanceKlass freemarker/ext/jsp/TaglibFactory
instanceKlass freemarker/template/utility/XmlEscape
instanceKlass freemarker/template/utility/NormalizeNewlines
instanceKlass freemarker/template/utility/HtmlEscape
instanceKlass freemarker/template/utility/StandardCompress
instanceKlass freemarker/template/utility/CaptureOutput
instanceKlass freemarker/template/TemplateTransformModel
instanceKlass freemarker/cache/StatefulTemplateLoader
instanceKlass freemarker/cache/TemplateNameFormat
instanceKlass freemarker/cache/TemplateLookupStrategy
instanceKlass freemarker/cache/SoftCacheStorage
instanceKlass freemarker/cache/CacheStorageWithGetSize
instanceKlass freemarker/cache/ConcurrentCacheStorage
instanceKlass freemarker/cache/FileTemplateLoader$1
instanceKlass freemarker/template/utility/SecurityUtilities$1
instanceKlass freemarker/template/utility/StringUtil
instanceKlass freemarker/cache/FileTemplateLoader
instanceKlass freemarker/cache/TemplateLookupContext
instanceKlass freemarker/cache/TemplateCache
instanceKlass freemarker/core/TemplateClassResolver$3
instanceKlass freemarker/core/TemplateClassResolver$2
instanceKlass freemarker/core/TemplateClassResolver$1
instanceKlass freemarker/ext/beans/BeansWrapperSingletonHolder
instanceKlass freemarker/template/LoggingAttemptExceptionReporter
instanceKlass freemarker/template/AttemptExceptionReporter
instanceKlass freemarker/template/TemplateExceptionHandler$4
instanceKlass freemarker/template/TemplateExceptionHandler$3
instanceKlass freemarker/template/TemplateExceptionHandler$2
instanceKlass freemarker/template/TemplateExceptionHandler$1
instanceKlass freemarker/template/TemplateExceptionHandler
instanceKlass freemarker/ext/beans/BeanModel$1
instanceKlass freemarker/template/SimpleScalar
instanceKlass freemarker/template/TemplateScalarModel
instanceKlass freemarker/ext/beans/BeanModel
instanceKlass freemarker/template/TemplateBooleanModel
instanceKlass freemarker/ext/beans/_BeansAPI
instanceKlass freemarker/template/utility/SecurityUtilities$2
instanceKlass freemarker/template/utility/SecurityUtilities
instanceKlass freemarker/ext/beans/ClassIntrospector
instanceKlass freemarker/ext/beans/BeansWrapper$3
instanceKlass freemarker/ext/beans/_MethodUtil
instanceKlass freemarker/ext/beans/MemberSelectorListMemberAccessPolicy$1
instanceKlass freemarker/ext/beans/MemberMatcher$Types
instanceKlass freemarker/ext/beans/ExecutableMemberSignature
instanceKlass freemarker/ext/beans/MemberMatcher
instanceKlass freemarker/ext/beans/TemplateAccessible
instanceKlass java/lang/Process
instanceKlass freemarker/ext/beans/ClassMemberAccessPolicy
instanceKlass freemarker/ext/beans/MemberSelectorListMemberAccessPolicy
instanceKlass freemarker/ext/beans/MemberSelectorListMemberAccessPolicy$MemberSelector
instanceKlass freemarker/ext/beans/DefaultMemberAccessPolicy
instanceKlass freemarker/ext/beans/MemberAccessPolicy
instanceKlass freemarker/ext/beans/ClassIntrospectorBuilder
instanceKlass freemarker/ext/beans/BeansWrapper$5
instanceKlass freemarker/ext/beans/BeansWrapper$4
instanceKlass freemarker/template/TemplateHashModelEx2
instanceKlass freemarker/template/TemplateModelWithAPISupport
instanceKlass freemarker/ext/util/WrapperTemplateModel
instanceKlass freemarker/template/AdapterTemplateModel
instanceKlass freemarker/template/TemplateCollectionModelEx
instanceKlass freemarker/template/TemplateCollectionModel
instanceKlass freemarker/template/TemplateSequenceModel
instanceKlass freemarker/template/WrappingTemplateModel
instanceKlass freemarker/template/TemplateMethodModelEx
instanceKlass freemarker/template/TemplateMethodModel
instanceKlass freemarker/ext/beans/BeansWrapperConfiguration
instanceKlass freemarker/ext/util/ModelCache
instanceKlass freemarker/ext/beans/ClassBasedModelFactory
instanceKlass freemarker/ext/beans/MethodAppearanceFineTuner
instanceKlass freemarker/ext/util/ModelFactory
instanceKlass freemarker/ext/beans/BeansWrapper
instanceKlass freemarker/template/utility/WriteProtectable
instanceKlass freemarker/template/utility/RichObjectWrapper
instanceKlass freemarker/template/utility/ObjectWrapperWithAPISupport
instanceKlass freemarker/template/ObjectWrapperAndUnwrapper
instanceKlass freemarker/template/_TemplateAPI
instanceKlass java/text/CalendarBuilder
instanceKlass freemarker/template/utility/ClassUtil
instanceKlass freemarker/template/Version
instanceKlass freemarker/core/CommonTemplateMarkupOutputModel
instanceKlass freemarker/core/TemplateMarkupOutputModel
instanceKlass org/apache/log4j/Hierarchy$$Lambda$483
instanceKlass org/apache/log4j/Hierarchy$$Lambda$482
instanceKlass org/apache/log4j/DefaultCategoryFactory
instanceKlass org/apache/log4j/or/DefaultRenderer
instanceKlass org/apache/log4j/or/ObjectRenderer
instanceKlass org/apache/log4j/or/RendererMap
instanceKlass org/apache/log4j/legacy/core/CategoryUtil
instanceKlass org/apache/log4j/spi/NOPLoggerRepository
instanceKlass org/apache/log4j/spi/DefaultRepositorySelector
instanceKlass org/apache/log4j/spi/LoggerFactory
instanceKlass org/apache/log4j/Hierarchy
instanceKlass org/apache/log4j/spi/ThrowableRendererSupport
instanceKlass org/apache/log4j/spi/RendererSupport
instanceKlass org/apache/log4j/spi/RepositorySelector
instanceKlass org/apache/log4j/spi/LoggerRepository
instanceKlass org/apache/log4j/LogManager
instanceKlass freemarker/log/_Log4jLoggerFactory
instanceKlass org/apache/log4j/spi/ErrorHandler
instanceKlass org/apache/log4j/AppenderSkeleton
instanceKlass org/apache/log4j/spi/OptionHandler
instanceKlass org/apache/log4j/Appender
instanceKlass org/apache/log4j/Priority
instanceKlass org/apache/log4j/Category
instanceKlass org/apache/log4j/spi/AppenderAttachable
instanceKlass freemarker/log/Logger$1
instanceKlass freemarker/log/LoggerFactory
instanceKlass freemarker/log/Logger
instanceKlass freemarker/cache/CacheStorage
instanceKlass freemarker/template/ObjectWrapper
instanceKlass freemarker/core/OutputFormat
instanceKlass freemarker/core/TemplateClassResolver
instanceKlass freemarker/core/FMParserConstants
instanceKlass freemarker/core/TruncateBuiltinAlgorithm
instanceKlass freemarker/core/ArithmeticEngine
instanceKlass freemarker/template/TemplateHashModelEx
instanceKlass freemarker/template/TemplateHashModel
instanceKlass freemarker/template/TemplateModel
instanceKlass freemarker/cache/TemplateLoader
instanceKlass javax/activation/CommandMap
instanceKlass javax/activation/DataSource
instanceKlass javax/mail/BodyPart
instanceKlass javax/mail/Multipart
instanceKlass javax/mail/Address
instanceKlass com/alibaba/excel/ExcelWriter
instanceKlass com/alibaba/excel/write/handler/WriteHandler
instanceKlass com/alibaba/excel/event/Handler
instanceKlass com/ais/cs/csmf/monitor/agent/MasterHost
instanceKlass org/apache/commons/lang3/concurrent/BasicThreadFactory
instanceKlass org/apache/commons/lang3/Validate$$Lambda$481
instanceKlass org/apache/commons/lang3/Validate
instanceKlass org/apache/commons/lang3/concurrent/BasicThreadFactory$Builder
instanceKlass org/apache/commons/lang3/builder/Builder
instanceKlass com/ais/cs/csmf/monitor/agent/AgentHost
instanceKlass sun/reflect/annotation/AnnotationInvocationHandler$1
instanceKlass com/ais/bmc/ops/model/OperateResponse
instanceKlass com/ais/cs/ddi/frame/jdbc/JdbcTemplate
instanceKlass org/springframework/ui/Model
instanceKlass org/springframework/web/multipart/MultipartFile
instanceKlass org/springframework/aop/framework/InterceptorAndDynamicMethodMatcher
instanceKlass org/apache/ibatis/binding/MapperProxy$MapperMethodInvoker
instanceKlass org/apache/ibatis/binding/MapperProxy
instanceKlass org/aspectj/util/PartialOrder$SortObject
instanceKlass org/springframework/aop/Advisor$1
instanceKlass org/springframework/aop/interceptor/ExposeInvocationInterceptor
instanceKlass org/aspectj/weaver/JoinPointSignature
instanceKlass org/aspectj/weaver/JoinPointSignatureIterator
instanceKlass org/springframework/objenesis/instantiator/sun/SunReflectionFactoryHelper
instanceKlass org/springframework/objenesis/instantiator/sun/SunReflectionFactoryInstantiator
instanceKlass org/springframework/objenesis/strategy/PlatformDescription
instanceKlass org/springframework/cglib/proxy/Enhancer$4
instanceKlass org/springframework/cglib/proxy/Enhancer$3
instanceKlass org/springframework/cglib/proxy/Enhancer$5
instanceKlass org/springframework/aop/ThrowsAdvice
instanceKlass org/springframework/aop/framework/AdvisedSupport$MethodCacheKey
instanceKlass org/springframework/aop/framework/CglibAopProxy$ProxyCallbackFilter
instanceKlass org/springframework/aop/framework/CglibAopProxy$HashCodeInterceptor
instanceKlass org/springframework/aop/framework/CglibAopProxy$EqualsInterceptor
instanceKlass org/springframework/aop/framework/CglibAopProxy$SerializableNoOp
instanceKlass org/springframework/aop/framework/CglibAopProxy$StaticDispatcher
instanceKlass org/springframework/aop/framework/CglibAopProxy$StaticUnadvisedInterceptor
instanceKlass org/springframework/aop/framework/CglibAopProxy$DynamicAdvisedInterceptor
instanceKlass org/springframework/aop/framework/CglibAopProxy$AdvisedDispatcher
instanceKlass org/springframework/aop/framework/CglibAopProxy
instanceKlass org/springframework/aop/framework/AopProxy
instanceKlass org/springframework/aop/framework/DefaultAopProxyFactory
instanceKlass org/springframework/aop/framework/DefaultAdvisorChainFactory
instanceKlass org/springframework/aop/target/EmptyTargetSource
instanceKlass org/springframework/aop/framework/AopProxyFactory
instanceKlass org/springframework/aop/framework/AdvisorChainFactory
instanceKlass org/springframework/aop/target/SingletonTargetSource
instanceKlass org/aspectj/util/PartialOrder
instanceKlass org/springframework/aop/aspectj/autoproxy/AspectJAwareAdvisorAutoProxyCreator$PartiallyComparableAdvisorHolder
instanceKlass org/springframework/transaction/interceptor/RollbackRuleAttribute
instanceKlass org/springframework/core/Constants$$Lambda$480
instanceKlass org/apache/ibatis/parsing/PropertyParser$1
instanceKlass org/mybatis/spring/SqlSessionTemplate$SqlSessionInterceptor
instanceKlass org/mybatis/spring/MyBatisExceptionTranslator$$Lambda$479
instanceKlass org/springframework/jdbc/support/SQLExceptionTranslator
instanceKlass org/mybatis/spring/MyBatisExceptionTranslator
instanceKlass org/apache/ibatis/session/defaults/DefaultSqlSessionFactory
instanceKlass org/apache/ibatis/scripting/xmltags/ChooseSqlNode
instanceKlass com/ais/bmc/ops/model/OpsTaskExecHistoryStatistics
instanceKlass com/ais/bmc/ops/model/OpsTaskExecHistory
instanceKlass com/ais/bmc/ops/model/OpsTaskExecDetail
instanceKlass org/apache/ibatis/executor/keygen/Jdbc3KeyGenerator
instanceKlass com/ais/bmc/ops/model/OpsTask
instanceKlass org/apache/ibatis/executor/keygen/SelectKeyGenerator
instanceKlass com/ais/bmc/ops/model/OpsProcessAttr
instanceKlass com/ais/bmc/ops/model/OpsOperateParam
instanceKlass org/apache/ibatis/scripting/xmltags/ForEachSqlNode
instanceKlass org/apache/ibatis/scripting/xmltags/DynamicSqlSource
instanceKlass org/apache/ibatis/scripting/xmltags/TrimSqlNode
instanceKlass org/apache/ibatis/scripting/xmltags/ExpressionEvaluator
instanceKlass org/apache/ibatis/scripting/xmltags/IfSqlNode
instanceKlass org/apache/ibatis/mapping/ParameterMapping
instanceKlass org/apache/ibatis/mapping/ParameterMapping$Builder
instanceKlass org/apache/ibatis/session/Configuration$StrictMap$Ambiguity
instanceKlass org/apache/ibatis/mapping/ResultMapping
instanceKlass org/apache/ibatis/mapping/ResultMapping$Builder
instanceKlass org/apache/ibatis/builder/xml/XMLMapperBuilder$$Lambda$478
instanceKlass com/ais/bmc/ops/model/OpsConfigInfoTemplate
instanceKlass org/mybatis/spring/SqlSessionFactoryBean$$Lambda$477
instanceKlass org/apache/ibatis/builder/annotation/MapperAnnotationBuilder$$Lambda$476
instanceKlass org/apache/ibatis/annotations/DeleteProvider$List
instanceKlass org/apache/ibatis/annotations/InsertProvider$List
instanceKlass org/apache/ibatis/annotations/UpdateProvider$List
instanceKlass org/apache/ibatis/annotations/Insert$List
instanceKlass org/apache/ibatis/annotations/Update$List
instanceKlass org/apache/ibatis/annotations/Delete$List
instanceKlass org/apache/ibatis/annotations/Lang
instanceKlass org/apache/ibatis/annotations/SelectProvider$List
instanceKlass org/apache/ibatis/annotations/Select$List
instanceKlass sun/reflect/annotation/AnnotationSupport
instanceKlass java/util/stream/Collectors$$Lambda$475
instanceKlass java/util/stream/Collectors$$Lambda$474
instanceKlass java/util/stream/Collectors$$Lambda$473
instanceKlass org/apache/ibatis/builder/annotation/MapperAnnotationBuilder$$Lambda$472
instanceKlass org/apache/ibatis/builder/annotation/MapperAnnotationBuilder$$Lambda$471
instanceKlass org/apache/ibatis/builder/annotation/MapperAnnotationBuilder$$Lambda$470
instanceKlass org/apache/ibatis/builder/annotation/MapperAnnotationBuilder$$Lambda$469
instanceKlass org/apache/ibatis/builder/annotation/MapperAnnotationBuilder$AnnotationWrapper
instanceKlass org/apache/ibatis/builder/annotation/MapperAnnotationBuilder$$Lambda$468
instanceKlass org/apache/ibatis/annotations/CacheNamespaceRef
instanceKlass org/apache/ibatis/annotations/CacheNamespace
instanceKlass org/apache/ibatis/annotations/DeleteProvider
instanceKlass org/apache/ibatis/annotations/InsertProvider
instanceKlass org/apache/ibatis/annotations/UpdateProvider
instanceKlass org/apache/ibatis/annotations/SelectProvider
instanceKlass org/apache/ibatis/annotations/Delete
instanceKlass org/apache/ibatis/annotations/Insert
instanceKlass org/apache/ibatis/annotations/Update
instanceKlass org/apache/ibatis/annotations/Select
instanceKlass org/apache/ibatis/builder/annotation/MapperAnnotationBuilder
instanceKlass org/apache/ibatis/binding/MapperProxyFactory
instanceKlass org/apache/ibatis/mapping/ResultMap$Builder
instanceKlass org/apache/ibatis/mapping/ParameterMap$Builder
instanceKlass org/apache/ibatis/mapping/MappedStatement$Builder
instanceKlass org/apache/ibatis/builder/StaticSqlSource
instanceKlass org/apache/ibatis/reflection/wrapper/BaseWrapper
instanceKlass org/apache/ibatis/reflection/wrapper/ObjectWrapper
instanceKlass org/apache/ibatis/scripting/xmltags/MixedSqlNode$$Lambda$467
instanceKlass org/apache/ibatis/ognl/OgnlRuntime$ArgsCompatbilityReport
instanceKlass org/apache/ibatis/ognl/ObjectMethodAccessor
instanceKlass org/apache/ibatis/ognl/ObjectNullHandler
instanceKlass org/apache/ibatis/ognl/NumberElementsAccessor
instanceKlass org/apache/ibatis/ognl/NumericTypes
instanceKlass org/apache/ibatis/ognl/EnumerationElementsAccessor
instanceKlass org/apache/ibatis/ognl/IteratorElementsAccessor
instanceKlass org/apache/ibatis/ognl/MapElementsAccessor
instanceKlass org/apache/ibatis/ognl/CollectionElementsAccessor
instanceKlass org/apache/ibatis/ognl/ObjectElementsAccessor
instanceKlass org/apache/ibatis/ognl/ArrayElementsAccessor
instanceKlass org/apache/ibatis/ognl/MapPropertyAccessor
instanceKlass org/apache/ibatis/ognl/ObjectPropertyAccessor
instanceKlass org/apache/ibatis/javassist/ClassPath
instanceKlass org/apache/ibatis/ognl/enhance/LocalReference
instanceKlass org/apache/ibatis/ognl/enhance/ExpressionCompiler
instanceKlass org/apache/ibatis/javassist/CtClass
instanceKlass org/apache/ibatis/javassist/ClassPool
instanceKlass org/apache/ibatis/ognl/OgnlRuntime$ClassPropertyMethodCache
instanceKlass org/apache/ibatis/ognl/ObjectArrayPool
instanceKlass org/apache/ibatis/ognl/EvaluationPool
instanceKlass org/apache/ibatis/ognl/internal/Entry
instanceKlass org/apache/ibatis/ognl/internal/ClassCacheImpl
instanceKlass org/apache/ibatis/ognl/AccessibleObjectHandlerPreJDK9
instanceKlass org/apache/ibatis/ognl/AccessibleObjectHandler
instanceKlass org/apache/ibatis/ognl/ClassResolver
instanceKlass org/apache/ibatis/ognl/MethodAccessor
instanceKlass org/apache/ibatis/ognl/NullHandler
instanceKlass org/apache/ibatis/ognl/ElementsAccessor
instanceKlass org/apache/ibatis/ognl/enhance/OgnlExpressionCompiler
instanceKlass org/apache/ibatis/ognl/internal/ClassCache
instanceKlass org/apache/ibatis/ognl/OgnlRuntime
instanceKlass org/apache/ibatis/scripting/xmltags/DynamicContext$ContextAccessor
instanceKlass org/apache/ibatis/ognl/PropertyAccessor
instanceKlass org/apache/ibatis/scripting/xmltags/DynamicContext
instanceKlass org/apache/ibatis/scripting/defaults/RawSqlSource
instanceKlass org/apache/ibatis/scripting/xmltags/MixedSqlNode
instanceKlass org/apache/ibatis/scripting/xmltags/StaticTextSqlNode
instanceKlass org/apache/ibatis/scripting/xmltags/TextSqlNode$DynamicCheckerTokenParser
instanceKlass org/apache/ibatis/scripting/xmltags/TextSqlNode
instanceKlass org/apache/ibatis/scripting/xmltags/XMLScriptBuilder$BindHandler
instanceKlass org/apache/ibatis/scripting/xmltags/XMLScriptBuilder$OtherwiseHandler
instanceKlass org/apache/ibatis/scripting/xmltags/XMLScriptBuilder$ChooseHandler
instanceKlass org/apache/ibatis/scripting/xmltags/XMLScriptBuilder$IfHandler
instanceKlass org/apache/ibatis/scripting/xmltags/XMLScriptBuilder$ForEachHandler
instanceKlass org/apache/ibatis/scripting/xmltags/XMLScriptBuilder$SetHandler
instanceKlass org/apache/ibatis/scripting/xmltags/XMLScriptBuilder$WhereHandler
instanceKlass org/apache/ibatis/scripting/xmltags/XMLScriptBuilder$TrimHandler
instanceKlass org/apache/ibatis/scripting/xmltags/XMLScriptBuilder$NodeHandler
instanceKlass org/apache/ibatis/executor/keygen/NoKeyGenerator
instanceKlass org/apache/ibatis/builder/xml/XMLIncludeTransformer$$Lambda$466
instanceKlass org/apache/ibatis/builder/xml/XMLIncludeTransformer
instanceKlass com/sun/org/apache/xpath/internal/XPathVisitor
instanceKlass com/sun/org/apache/xpath/internal/axes/NodeSequence$IteratorCache
instanceKlass com/sun/org/apache/xml/internal/dtm/ref/DTMNodeListBase
instanceKlass com/sun/org/apache/xerces/internal/impl/dtd/models/MixedContentModel
instanceKlass com/sun/org/apache/xerces/internal/impl/dtd/DTDGrammar$ChildrenList
instanceKlass org/mybatis/spring/transaction/SpringManagedTransactionFactory
instanceKlass org/mybatis/spring/SqlSessionFactoryBean$$Lambda$465
instanceKlass org/apache/ibatis/logging/log4j2/Log4j2AbstractLoggerImpl
instanceKlass org/apache/ibatis/reflection/property/PropertyTokenizer
instanceKlass org/apache/ibatis/reflection/invoker/GetFieldInvoker
instanceKlass org/apache/ibatis/reflection/invoker/SetFieldInvoker
instanceKlass org/apache/ibatis/reflection/Reflector$$Lambda$464
instanceKlass org/apache/ibatis/reflection/Reflector$$Lambda$463
instanceKlass org/apache/ibatis/reflection/TypeParameterResolver$WildcardTypeImpl
instanceKlass org/apache/ibatis/reflection/TypeParameterResolver$ParameterizedTypeImpl
instanceKlass org/apache/ibatis/reflection/TypeParameterResolver
instanceKlass org/apache/ibatis/reflection/Reflector$$Lambda$462
instanceKlass org/apache/ibatis/reflection/property/PropertyNamer
instanceKlass org/apache/ibatis/reflection/Reflector$$Lambda$461
instanceKlass org/apache/ibatis/reflection/Reflector$$Lambda$460
instanceKlass org/apache/ibatis/executor/resultset/ResultSetHandler
instanceKlass org/apache/ibatis/builder/ResultMapResolver
instanceKlass org/apache/ibatis/executor/statement/StatementHandler
instanceKlass org/apache/ibatis/builder/annotation/MethodResolver
instanceKlass org/apache/ibatis/builder/CacheRefResolver
instanceKlass org/apache/ibatis/transaction/Transaction
instanceKlass org/apache/ibatis/mapping/ResultMap
instanceKlass org/apache/ibatis/reflection/MetaObject
instanceKlass org/apache/ibatis/mapping/ParameterMap
instanceKlass org/apache/ibatis/executor/keygen/KeyGenerator
instanceKlass org/apache/ibatis/reflection/Reflector$$Lambda$459
instanceKlass org/apache/ibatis/reflection/Reflector$$Lambda$458
instanceKlass org/apache/ibatis/mapping/Environment
instanceKlass org/apache/ibatis/reflection/DefaultReflectorFactory$$Lambda$457
instanceKlass java/lang/invoke/LambdaForm$DMH
instanceKlass org/apache/ibatis/reflection/invoker/MethodInvoker
instanceKlass org/apache/ibatis/reflection/invoker/Invoker
instanceKlass org/apache/ibatis/reflection/Reflector
instanceKlass org/apache/ibatis/reflection/MetaClass
instanceKlass com/sun/org/apache/xml/internal/utils/XMLCharacterRecognizer
instanceKlass org/apache/ibatis/parsing/GenericTokenParser
instanceKlass org/apache/ibatis/parsing/PropertyParser$VariableTokenHandler
instanceKlass org/apache/ibatis/parsing/TokenHandler
instanceKlass org/apache/ibatis/parsing/PropertyParser
instanceKlass org/apache/ibatis/parsing/XNode
instanceKlass com/sun/org/apache/xml/internal/dtm/ref/DTMNodeIterator
instanceKlass com/sun/org/apache/xml/internal/dtm/DTMAxisTraverser
instanceKlass com/sun/org/apache/xml/internal/dtm/Axis
instanceKlass com/sun/org/apache/xpath/internal/objects/Comparator
instanceKlass com/sun/org/apache/xml/internal/dtm/ref/dom2dtm/DOM2DTMdefaultNamespaceDeclarationNode
instanceKlass org/xml/sax/helpers/LocatorImpl
instanceKlass com/sun/org/apache/xml/internal/utils/TreeWalker
instanceKlass com/sun/org/apache/xml/internal/utils/SuballocatedIntVector
instanceKlass com/sun/org/apache/xml/internal/dtm/ref/DTMDefaultBase
instanceKlass com/sun/org/apache/xml/internal/dtm/ref/DTMNodeProxy
instanceKlass com/sun/org/apache/xml/internal/dtm/ref/ExpandedNameTable$HashEntry
instanceKlass com/sun/org/apache/xml/internal/dtm/ref/ExtendedType
instanceKlass com/sun/org/apache/xml/internal/dtm/ref/ExpandedNameTable
instanceKlass com/sun/org/apache/xml/internal/dtm/DTM
instanceKlass com/sun/org/apache/xml/internal/utils/XMLStringFactory
instanceKlass com/sun/org/apache/xpath/internal/XPathContext$XPathExpressionContext
instanceKlass com/sun/org/apache/xalan/internal/extensions/ExpressionContext
instanceKlass com/sun/org/apache/xml/internal/utils/NodeVector
instanceKlass com/sun/org/apache/xpath/internal/SourceTreeManager
instanceKlass com/sun/org/apache/xpath/internal/VariableStack
instanceKlass com/sun/org/apache/xml/internal/utils/IntVector
instanceKlass com/sun/org/apache/xml/internal/dtm/DTMManager
instanceKlass com/sun/org/apache/xpath/internal/axes/IteratorPool
instanceKlass com/sun/org/apache/xpath/internal/axes/SubContextList
instanceKlass com/sun/org/apache/xpath/internal/axes/PathComponent
instanceKlass com/sun/org/apache/xml/internal/dtm/DTMIterator
instanceKlass com/sun/org/apache/xpath/internal/axes/WalkerFactory
instanceKlass com/sun/org/apache/xpath/internal/compiler/OpMapVector
instanceKlass com/sun/org/apache/xpath/internal/compiler/Lexer
instanceKlass com/sun/org/apache/xml/internal/utils/ObjectVector
instanceKlass com/sun/org/apache/xpath/internal/compiler/OpMap
instanceKlass com/sun/org/apache/xpath/internal/compiler/XPathParser
instanceKlass com/sun/org/apache/xml/internal/utils/DefaultErrorHandler
instanceKlass com/sun/org/apache/xpath/internal/Expression
instanceKlass com/sun/org/apache/xpath/internal/XPathVisitable
instanceKlass com/sun/org/apache/xpath/internal/ExpressionNode
instanceKlass javax/xml/transform/SourceLocator
instanceKlass com/sun/org/apache/xpath/internal/compiler/FunctionTable
instanceKlass com/sun/org/apache/xpath/internal/XPath
instanceKlass com/sun/org/apache/xpath/internal/ExpressionOwner
instanceKlass javax/xml/namespace/QName$1
instanceKlass javax/xml/namespace/QName
instanceKlass javax/xml/xpath/XPathConstants
instanceKlass org/mybatis/spring/SqlSessionFactoryBean$$Lambda$456
instanceKlass org/mybatis/spring/SqlSessionFactoryBean$$Lambda$455
instanceKlass org/mybatis/spring/SqlSessionFactoryBean$$Lambda$454
instanceKlass org/mybatis/spring/SqlSessionFactoryBean$$Lambda$453
instanceKlass org/mybatis/spring/SqlSessionFactoryBean$$Lambda$452
instanceKlass org/mybatis/spring/SqlSessionFactoryBean$$Lambda$451
instanceKlass org/mybatis/spring/SqlSessionFactoryBean$$Lambda$450
instanceKlass org/apache/ibatis/executor/ErrorContext$$Lambda$449
instanceKlass org/apache/ibatis/executor/ErrorContext
instanceKlass org/apache/ibatis/mapping/SqlSource
instanceKlass org/apache/ibatis/scripting/xmltags/SqlNode
instanceKlass org/apache/ibatis/executor/parameter/ParameterHandler
instanceKlass org/apache/ibatis/util/MapUtil
instanceKlass org/apache/ibatis/scripting/LanguageDriverRegistry$$Lambda$448
instanceKlass org/apache/ibatis/executor/loader/cglib/CglibProxyFactory
instanceKlass org/apache/ibatis/logging/nologging/NoLoggingImpl
instanceKlass org/apache/ibatis/logging/stdout/StdOutImpl
instanceKlass org/apache/ibatis/logging/jdk14/Jdk14LoggingImpl
instanceKlass org/apache/ibatis/logging/log4j2/Log4j2Impl
instanceKlass org/apache/ibatis/logging/log4j/Log4jImpl
instanceKlass org/apache/ibatis/logging/commons/JakartaCommonsLoggingImpl
instanceKlass org/apache/ibatis/scripting/xmltags/XMLLanguageDriver
instanceKlass org/apache/ibatis/mapping/VendorDatabaseIdProvider
instanceKlass org/apache/ibatis/cache/decorators/WeakCache
instanceKlass org/apache/ibatis/cache/decorators/SoftCache
instanceKlass org/apache/ibatis/cache/decorators/LruCache
instanceKlass org/apache/ibatis/cache/decorators/FifoCache
instanceKlass org/apache/ibatis/cache/impl/PerpetualCache
instanceKlass org/apache/ibatis/datasource/unpooled/UnpooledDataSourceFactory
instanceKlass org/apache/ibatis/datasource/jndi/JndiDataSourceFactory
instanceKlass org/apache/ibatis/datasource/DataSourceFactory
instanceKlass org/apache/ibatis/transaction/managed/ManagedTransactionFactory
instanceKlass org/apache/ibatis/transaction/jdbc/JdbcTransactionFactory
instanceKlass org/apache/ibatis/session/Configuration$$Lambda$447
instanceKlass org/apache/ibatis/scripting/LanguageDriverRegistry
instanceKlass org/apache/ibatis/type/TypeAliasRegistry
instanceKlass java/time/chrono/ChronoLocalDateImpl
instanceKlass org/apache/ibatis/type/MappedJdbcTypes
instanceKlass org/apache/ibatis/type/UnknownTypeHandler$$Lambda$446
instanceKlass org/apache/ibatis/type/TypeReference
instanceKlass org/apache/ibatis/type/TypeHandlerRegistry
instanceKlass org/apache/ibatis/plugin/InterceptorChain
instanceKlass org/apache/ibatis/io/ResolverUtil$Test
instanceKlass org/apache/ibatis/binding/MapperRegistry
instanceKlass org/apache/ibatis/javassist/util/proxy/ProxyFactory$3
instanceKlass org/apache/ibatis/javassist/util/proxy/ProxyFactory$2
instanceKlass org/apache/ibatis/javassist/util/proxy/ProxyFactory$1
instanceKlass org/apache/ibatis/javassist/util/proxy/MethodHandler
instanceKlass org/apache/ibatis/javassist/bytecode/AttributeInfo
instanceKlass org/apache/ibatis/javassist/util/proxy/ProxyFactory$UniqueName
instanceKlass org/apache/ibatis/javassist/util/proxy/ProxyFactory$ClassLoaderProvider
instanceKlass org/apache/ibatis/javassist/util/proxy/ProxyFactory
instanceKlass org/apache/ibatis/executor/loader/javassist/JavassistProxyFactory
instanceKlass org/apache/ibatis/reflection/wrapper/DefaultObjectWrapperFactory
instanceKlass org/apache/ibatis/reflection/factory/DefaultObjectFactory
instanceKlass org/apache/ibatis/reflection/DefaultReflectorFactory
instanceKlass org/apache/ibatis/executor/loader/ProxyFactory
instanceKlass com/sun/org/apache/xerces/internal/impl/dtd/models/DFAContentModel
instanceKlass com/sun/org/apache/xerces/internal/impl/dtd/models/SimpleContentModel
instanceKlass com/sun/xml/internal/stream/StaxXMLInputSource
instanceKlass com/sun/org/apache/xerces/internal/impl/XMLDocumentScannerImpl$DTDDriver
instanceKlass com/sun/org/apache/xerces/internal/impl/dtd/XMLContentSpec
instanceKlass com/sun/org/apache/xerces/internal/impl/dtd/models/ContentModelValidator
instanceKlass com/sun/org/apache/xerces/internal/impl/dtd/DTDGrammar
instanceKlass com/sun/org/apache/xerces/internal/impl/validation/EntityState
instanceKlass org/apache/ibatis/parsing/XPathParser$1
instanceKlass com/sun/org/apache/xpath/internal/jaxp/XPathImpl
instanceKlass javax/xml/xpath/XPath
instanceKlass javax/xml/xpath/XPathFactoryFinder$2
instanceKlass javax/xml/xpath/SecuritySupport$8
instanceKlass javax/xml/xpath/SecuritySupport$2
instanceKlass javax/xml/xpath/XPathFactoryFinder
instanceKlass javax/xml/xpath/SecuritySupport$1
instanceKlass javax/xml/xpath/SecuritySupport
instanceKlass javax/xml/xpath/XPathFactory
instanceKlass org/apache/ibatis/builder/xml/XMLMapperEntityResolver
instanceKlass org/apache/ibatis/parsing/XPathParser
instanceKlass org/apache/ibatis/reflection/ReflectorFactory
instanceKlass org/apache/ibatis/builder/BaseBuilder
instanceKlass org/springframework/jdbc/datasource/DelegatingDataSource
instanceKlass net/sf/jsqlparser/expression/Alias
instanceKlass net/sf/jsqlparser/statement/select/SelectBody
instanceKlass net/sf/jsqlparser/statement/select/FromItem
instanceKlass net/sf/jsqlparser/expression/Expression
instanceKlass net/sf/jsqlparser/Model
instanceKlass net/sf/jsqlparser/parser/ASTNodeAccess
instanceKlass com/github/pagehelper/parser/CountSqlParser
instanceKlass com/mchange/v2/c3p0/impl/AbstractIdentityTokenized
instanceKlass com/mchange/v2/c3p0/impl/IdentityTokenized
instanceKlass com/mchange/v2/c3p0/PooledDataSource
instanceKlass javax/servlet/AsyncContext
instanceKlass com/github/pagehelper/util/PageObjectUtil
instanceKlass com/github/pagehelper/page/PageBoundSqlInterceptors
instanceKlass com/github/pagehelper/dialect/auto/DataSourceNegotiationAutoDialect
instanceKlass com/github/pagehelper/dialect/auto/DataSourceAutoDialect
instanceKlass com/github/pagehelper/dialect/auto/DefaultAutoDialect
instanceKlass com/github/pagehelper/dialect/AbstractDialect
instanceKlass com/github/pagehelper/Constant
instanceKlass com/github/pagehelper/AutoDialect
instanceKlass com/github/pagehelper/page/PageAutoDialect
instanceKlass com/github/pagehelper/page/PageParams
instanceKlass com/github/pagehelper/page/PageMethod
instanceKlass com/github/pagehelper/BoundSqlInterceptor$Chain
instanceKlass com/google/common/cache/LocalCache$AbstractReferenceEntry
instanceKlass com/google/common/cache/RemovalListener
instanceKlass com/google/common/cache/Weigher
instanceKlass com/google/common/base/Predicate
instanceKlass com/google/common/base/Equivalence
instanceKlass com/google/common/base/MoreObjects
instanceKlass com/google/common/cache/LocalCache$1
instanceKlass com/google/common/cache/LocalCache$ReferenceEntry
instanceKlass com/google/common/cache/LocalCache$ValueReference
instanceKlass com/google/common/cache/CacheLoader
instanceKlass com/google/common/cache/LocalCache$LocalManualCache
instanceKlass com/google/common/cache/CacheBuilder$2
instanceKlass com/google/common/base/Preconditions
instanceKlass com/google/common/cache/CacheStats
instanceKlass com/google/common/base/Suppliers$SupplierOfInstance
instanceKlass com/google/common/base/Suppliers
instanceKlass com/google/common/cache/CacheBuilder$1
instanceKlass com/google/common/cache/AbstractCache$StatsCounter
instanceKlass com/google/common/cache/LoadingCache
instanceKlass com/google/common/base/Function
instanceKlass com/google/common/base/Ticker
instanceKlass com/google/common/base/Supplier
instanceKlass com/google/common/cache/CacheBuilder
instanceKlass com/github/pagehelper/cache/GuavaCache
instanceKlass com/google/common/cache/Cache
instanceKlass com/github/pagehelper/cache/CacheFactory
instanceKlass com/github/pagehelper/cache/Cache
instanceKlass com/github/pagehelper/Dialect
instanceKlass com/github/pagehelper/util/StringUtil
instanceKlass org/apache/ibatis/plugin/Invocation
instanceKlass org/apache/ibatis/mapping/BoundSql
instanceKlass org/apache/ibatis/cache/CacheKey
instanceKlass org/apache/ibatis/mapping/MappedStatement
instanceKlass org/apache/ibatis/executor/Executor
instanceKlass com/github/pagehelper/PageInterceptor
instanceKlass org/springframework/beans/factory/support/DefaultSingletonBeanRegistry$$Lambda$445
instanceKlass org/springframework/core/NestedExceptionUtils
instanceKlass org/apache/ibatis/io/VFS
instanceKlass com/atomikos/util/IntraVmObjectRegistry
instanceKlass com/atomikos/util/SerializableObjectFactory
instanceKlass com/atomikos/util/IntraVmObjectFactory
instanceKlass com/atomikos/thread/TaskManager$AtomikosThreadFactory
instanceKlass com/atomikos/datasource/pool/ConnectionPool$1
instanceKlass com/atomikos/timing/PooledAlarmTimer
instanceKlass com/atomikos/timing/AlarmTimer
instanceKlass com/atomikos/jdbc/AtomikosXAPooledConnection$1
instanceKlass com/atomikos/datasource/xa/session/SessionHandleState
instanceKlass com/mysql/jdbc/jdbc2/optional/WrapperBase
instanceKlass com/atomikos/datasource/xa/session/SessionHandleStateChangeListener
instanceKlass com/atomikos/datasource/pool/AbstractXPooledConnection
instanceKlass com/mysql/jdbc/jdbc2/optional/MysqlPooledConnection
instanceKlass javax/transaction/xa/XAResource
instanceKlass com/mysql/jdbc/NetworkResources
instanceKlass com/mysql/jdbc/LicenseConfiguration
instanceKlass java/sql/ResultSetMetaData
instanceKlass com/mysql/jdbc/RowDataStatic
instanceKlass com/mysql/jdbc/Constants
instanceKlass com/mysql/jdbc/MysqlDefs
instanceKlass com/mysql/jdbc/Field
instanceKlass java/util/TimerTask
instanceKlass com/mysql/jdbc/SingleByteCharsetConverter
instanceKlass com/mysql/jdbc/Security
instanceKlass com/mysql/jdbc/authentication/MysqlClearPasswordPlugin
instanceKlass com/mysql/jdbc/authentication/MysqlNativePasswordPlugin
instanceKlass com/mysql/jdbc/authentication/MysqlOldPasswordPlugin
instanceKlass java/net/Proxy
instanceKlass sun/net/spi/DefaultProxySelector$3
instanceKlass sun/net/spi/DefaultProxySelector$NonProxyInfo
instanceKlass sun/net/NetProperties$1
instanceKlass sun/net/NetProperties
instanceKlass sun/net/spi/DefaultProxySelector$1
instanceKlass java/net/ProxySelector
instanceKlass java/net/SocksSocketImpl$3
instanceKlass com/mysql/jdbc/ResultSetImpl
instanceKlass com/mysql/jdbc/authentication/Sha256PasswordPlugin
instanceKlass com/mysql/jdbc/AuthenticationPlugin
instanceKlass com/mysql/jdbc/StreamingNotifiable
instanceKlass com/mysql/jdbc/Buffer
instanceKlass com/mysql/jdbc/MysqlIO
instanceKlass com/mysql/jdbc/DatabaseMetaData$IteratorWithCleanup
instanceKlass com/mysql/jdbc/ResultSetRow
instanceKlass com/mysql/jdbc/RowData
instanceKlass com/mysql/jdbc/DatabaseMetaData
instanceKlass com/mysql/jdbc/log/LogFactory
instanceKlass com/mysql/jdbc/Collation
instanceKlass sun/nio/cs/SingleByte
instanceKlass com/mysql/jdbc/MysqlCharset
instanceKlass com/mysql/jdbc/CharsetMapping
instanceKlass java/sql/SQLXML
instanceKlass java/sql/Blob
instanceKlass com/mysql/jdbc/log/NullLogger
instanceKlass java/sql/DatabaseMetaData
instanceKlass java/sql/CallableStatement
instanceKlass java/sql/Savepoint
instanceKlass com/mysql/jdbc/ResultSetInternalMethods
instanceKlass java/sql/ResultSet
instanceKlass com/mysql/jdbc/StatementInterceptorV2
instanceKlass com/mysql/jdbc/StatementImpl
instanceKlass com/mysql/jdbc/Statement
instanceKlass java/sql/PreparedStatement
instanceKlass java/sql/Statement
instanceKlass com/mysql/jdbc/IterateBlock
instanceKlass com/mysql/jdbc/MySQLConnection
instanceKlass com/mysql/jdbc/Connection
instanceKlass java/sql/NClob
instanceKlass java/sql/Clob
instanceKlass com/mysql/jdbc/Util
instanceKlass java/net/URLEncoder
instanceKlass java/net/URLDecoder
instanceKlass java/math/MathContext
instanceKlass com/mysql/jdbc/StringUtils
instanceKlass java/lang/Character$Subset
instanceKlass org/apache/commons/lang3/StringUtils
instanceKlass org/apache/commons/codec/binary/BaseNCodec$Context
instanceKlass org/apache/commons/codec/Charsets
instanceKlass org/apache/commons/codec/binary/StringUtils
instanceKlass org/apache/commons/codec/binary/BaseNCodec
instanceKlass org/apache/commons/codec/BinaryDecoder
instanceKlass org/apache/commons/codec/Decoder
instanceKlass org/apache/commons/codec/BinaryEncoder
instanceKlass org/apache/commons/codec/Encoder
instanceKlass com/sun/crypto/provider/PKCS5Padding
instanceKlass com/sun/crypto/provider/Padding
instanceKlass com/sun/crypto/provider/FeedbackCipher
instanceKlass com/sun/crypto/provider/CipherCore
instanceKlass com/sun/crypto/provider/AESConstants
instanceKlass com/sun/crypto/provider/SymmetricCipher
instanceKlass javax/crypto/CipherSpi
instanceKlass javax/crypto/Cipher$Transform
instanceKlass javax/crypto/spec/IvParameterSpec
instanceKlass javax/crypto/spec/SecretKeySpec
instanceKlass com/ais/cs/csmf/util/AESUtil
instanceKlass com/atomikos/timing/AlarmTimerListener
instanceKlass com/atomikos/icatch/event/EventListener
instanceKlass com/atomikos/publish/EventPublisher
instanceKlass com/atomikos/datasource/pool/XPooledConnection
instanceKlass com/atomikos/jdbc/AtomikosXAConnectionFactory
instanceKlass com/atomikos/util/Assert
instanceKlass com/atomikos/datasource/xa/AbstractXidFactory
instanceKlass com/atomikos/datasource/xa/XidFactory
instanceKlass com/atomikos/datasource/xa/XATransactionalResource
instanceKlass com/atomikos/datasource/TransactionalResource
instanceKlass com/mysql/jdbc/ExceptionInterceptor
instanceKlass com/mysql/jdbc/Extension
instanceKlass com/atomikos/beans/PropertyUtils
instanceKlass com/mysql/jdbc/StandardSocketFactory
instanceKlass com/mysql/jdbc/SocketMetadata
instanceKlass com/mysql/jdbc/SocketFactory
instanceKlass com/mysql/jdbc/PerConnectionLRUFactory
instanceKlass com/mysql/jdbc/PerVmServerConfigCacheFactory
instanceKlass com/mysql/jdbc/CacheAdapterFactory
instanceKlass com/mysql/jdbc/NonRegisteringDriver
instanceKlass com/mysql/jdbc/ConnectionPropertiesImpl$ConnectionProperty
instanceKlass com/mysql/jdbc/log/StandardLogger
instanceKlass com/mysql/jdbc/log/Log
instanceKlass com/mysql/jdbc/Messages
instanceKlass javax/sql/XAConnection
instanceKlass javax/sql/PooledConnection
instanceKlass com/mysql/jdbc/ConnectionPropertiesImpl
instanceKlass com/mysql/jdbc/ConnectionProperties
instanceKlass org/springframework/util/ClassUtils$$Lambda$444
instanceKlass org/springframework/core/convert/support/StringToNumberConverterFactory$StringToNumber
instanceKlass org/springframework/core/convert/support/MapToMapConverter$MapEntry
instanceKlass org/springframework/beans/factory/support/BeanDefinitionValueResolver$$Lambda$443
instanceKlass sun/reflect/generics/tree/BooleanSignature
instanceKlass com/atomikos/datasource/pool/ConnectionFactory
instanceKlass com/atomikos/icatch/event/Event
instanceKlass com/atomikos/datasource/RecoverableResource
instanceKlass com/atomikos/datasource/pool/ConnectionPool
instanceKlass com/atomikos/datasource/pool/XPooledConnectionEventListener
instanceKlass org/apache/ibatis/reflection/factory/ObjectFactory
instanceKlass org/apache/ibatis/mapping/DatabaseIdProvider
instanceKlass org/apache/ibatis/plugin/Interceptor
instanceKlass org/apache/ibatis/type/TypeHandler
instanceKlass org/apache/ibatis/reflection/wrapper/ObjectWrapperFactory
instanceKlass org/apache/ibatis/cache/Cache
instanceKlass org/apache/ibatis/cursor/Cursor
instanceKlass org/apache/ibatis/session/Configuration
instanceKlass org/apache/ibatis/session/RowBounds
instanceKlass org/apache/ibatis/session/ResultHandler
instanceKlass org/springframework/beans/factory/support/BeanDefinitionValueResolver$KeyedArgName
instanceKlass org/springframework/beans/factory/support/BeanDefinitionValueResolver$$Lambda$442
instanceKlass com/ais/cs/csmf/jdbc/DataSourceTemplateImpl
instanceKlass org/springframework/cglib/reflect/FastClassEmitter$4
instanceKlass org/springframework/cglib/core/Block
instanceKlass org/springframework/cglib/core/EmitUtils$14
instanceKlass org/springframework/cglib/core/EmitUtils$13
instanceKlass org/springframework/cglib/core/EmitUtils$12
instanceKlass org/springframework/cglib/core/EmitUtils$11
instanceKlass org/springframework/cglib/core/EmitUtils$10
instanceKlass org/springframework/cglib/reflect/FastClassEmitter$GetIndexCallback
instanceKlass org/springframework/cglib/reflect/FastClassEmitter$3
instanceKlass org/springframework/cglib/reflect/FastClassEmitter$1
instanceKlass org/springframework/cglib/reflect/FastClass
instanceKlass org/springframework/cglib/proxy/MethodProxy$FastClassInfo
instanceKlass com/ais/cs/ddi/database/define/RowValue
instanceKlass com/ais/bmc/ops/model/OpsPatrolReq
instanceKlass com/ais/bmc/ops/model/Page
instanceKlass com/ais/cs/ddi/web/utils/WapiResponse
instanceKlass org/springframework/core/SerializableTypeWrapper$FieldTypeProvider
instanceKlass org/springframework/core/annotation/AnnotationUtils$$Lambda$441
instanceKlass org/springframework/beans/factory/SmartFactoryBean
instanceKlass org/springframework/context/weaving/LoadTimeWeaverAware
instanceKlass org/apache/catalina/core/ApplicationServletRegistration
instanceKlass org/apache/catalina/core/ApplicationFilterRegistration
instanceKlass org/springframework/boot/web/servlet/ServletContextInitializerBeans$$Lambda$440
instanceKlass org/springframework/boot/web/servlet/ServletContextInitializerBeans$ServletListenerRegistrationBeanAdapter
instanceKlass org/springframework/http/HttpInputMessage
instanceKlass org/springframework/http/server/PathContainer$Options
instanceKlass org/springframework/boot/web/servlet/ServletContextInitializerBeans$FilterRegistrationBeanAdapter
instanceKlass org/springframework/boot/web/servlet/ServletContextInitializerBeans$ServletRegistrationBeanAdapter
instanceKlass org/springframework/boot/web/servlet/ServletContextInitializerBeans$$Lambda$439
instanceKlass org/springframework/boot/autoconfigure/web/servlet/MultipartProperties$$Lambda$438
instanceKlass org/springframework/boot/autoconfigure/web/servlet/MultipartProperties$$Lambda$437
instanceKlass org/springframework/boot/autoconfigure/web/servlet/MultipartProperties$$Lambda$436
instanceKlass org/springframework/boot/context/properties/PropertyMapper$Source$$Lambda$435
instanceKlass org/springframework/boot/autoconfigure/web/servlet/MultipartProperties$$Lambda$434
instanceKlass org/springframework/boot/context/properties/PropertyMapper$Source$$Lambda$433
instanceKlass org/springframework/boot/context/properties/PropertyMapper$NullPointerExceptionSafeSupplier
instanceKlass org/springframework/boot/context/properties/PropertyMapper$$Lambda$432
instanceKlass org/springframework/boot/context/properties/PropertyMapper$$Lambda$431
instanceKlass org/springframework/boot/context/properties/PropertyMapper$SourceOperator
instanceKlass org/springframework/boot/context/properties/PropertyMapper$Source
instanceKlass org/springframework/boot/context/properties/PropertyMapper$$Lambda$430
instanceKlass org/springframework/boot/context/properties/PropertyMapper
instanceKlass org/springframework/boot/web/servlet/MultipartConfigFactory
instanceKlass org/springframework/boot/context/properties/bind/handler/NoUnboundElementsBindHandler$$Lambda$429
instanceKlass org/springframework/boot/context/properties/source/UnboundElementsSourceFilter
instanceKlass org/springframework/boot/autoconfigure/web/servlet/DispatcherServletAutoConfiguration$DispatcherServletRegistrationConfiguration$$Lambda$428
instanceKlass org/springframework/web/context/request/async/WebAsyncManager
instanceKlass org/springframework/web/context/request/AbstractRequestAttributes
instanceKlass org/springframework/web/servlet/ModelAndView
instanceKlass org/springframework/web/servlet/HandlerExecutionChain
instanceKlass org/springframework/web/context/request/async/CallableProcessingInterceptor
instanceKlass org/springframework/context/i18n/LocaleContext
instanceKlass java/util/stream/Sink$ChainedInt
instanceKlass org/springframework/boot/convert/LenientObjectToEnumConverterFactory$LenientToEnumConverter$$Lambda$427
instanceKlass org/springframework/boot/convert/LenientObjectToEnumConverterFactory$LenientToEnumConverter$$Lambda$426
instanceKlass java/util/function/IntUnaryOperator
instanceKlass org/springframework/boot/convert/LenientObjectToEnumConverterFactory$LenientToEnumConverter$$Lambda$425
instanceKlass org/springframework/boot/convert/LenientObjectToEnumConverterFactory$LenientToEnumConverter
instanceKlass org/springframework/boot/convert/LenientObjectToEnumConverterFactory$$Lambda$424
instanceKlass org/springframework/boot/context/properties/bind/PropertySourcesPlaceholdersResolver$$Lambda$423
instanceKlass org/springframework/validation/DefaultMessageCodesResolver$1
instanceKlass org/springframework/boot/convert/DurationUnit
instanceKlass org/springframework/boot/context/properties/ConfigurationPropertiesBinder$$Lambda$422
instanceKlass org/springframework/beans/factory/annotation/BeanFactoryAnnotationUtils
instanceKlass org/springframework/boot/context/properties/ConversionServiceDeducer$ConverterBeans
instanceKlass org/springframework/boot/context/properties/ConversionServiceDeducer
instanceKlass org/springframework/beans/factory/support/DefaultListableBeanFactory$1
instanceKlass org/springframework/boot/context/properties/ConfigurationPropertiesBindHandlerAdvisor
instanceKlass org/springframework/core/annotation/SynthesizedMergedAnnotationInvocationHandler$$Lambda$421
instanceKlass org/springframework/core/annotation/SynthesizedMergedAnnotationInvocationHandler$$Lambda$420
instanceKlass org/springframework/boot/context/properties/ConfigurationPropertiesBinder$$Lambda$419
instanceKlass org/springframework/boot/context/properties/bind/AbstractBindHandler
instanceKlass org/springframework/validation/annotation/Validated
instanceKlass org/springframework/core/annotation/SynthesizedMergedAnnotationInvocationHandler
instanceKlass org/springframework/boot/context/properties/NestedConfigurationProperty
instanceKlass org/springframework/boot/autoconfigure/web/ServerProperties$Undertow$Options
instanceKlass org/springframework/boot/autoconfigure/web/ServerProperties$Undertow$Threads
instanceKlass org/springframework/boot/autoconfigure/web/ServerProperties$Undertow$Accesslog
instanceKlass org/springframework/boot/autoconfigure/web/ServerProperties$Jetty$Threads
instanceKlass org/springframework/boot/autoconfigure/web/ServerProperties$Jetty$Accesslog
instanceKlass org/springframework/boot/autoconfigure/web/ServerProperties$Tomcat$Remoteip
instanceKlass org/springframework/boot/autoconfigure/web/ServerProperties$Tomcat$Mbeanregistry
instanceKlass org/springframework/boot/autoconfigure/web/ServerProperties$Tomcat$Resource
instanceKlass org/springframework/boot/autoconfigure/web/ServerProperties$Tomcat$Threads
instanceKlass org/springframework/boot/autoconfigure/web/ServerProperties$Tomcat$Accesslog
instanceKlass org/springframework/boot/autoconfigure/web/ServerProperties$Reactive$Session
instanceKlass org/springframework/boot/web/servlet/server/SessionStoreDirectory
instanceKlass org/springframework/boot/web/server/Cookie
instanceKlass org/springframework/boot/web/servlet/server/Session
instanceKlass org/springframework/boot/web/servlet/server/Jsp
instanceKlass org/springframework/boot/web/servlet/server/Encoding
instanceKlass org/springframework/boot/autoconfigure/web/ErrorProperties$Whitelabel
instanceKlass org/springframework/boot/web/server/ErrorPage
instanceKlass javax/servlet/ServletResponseWrapper
instanceKlass javax/servlet/FilterChain
instanceKlass com/ais/cs/csmf/security/util/matcher/MatcherRouter
instanceKlass javax/servlet/http/HttpSessionListener
instanceKlass javax/servlet/http/HttpSessionIdListener
instanceKlass javax/servlet/ServletRequestAttributeListener
instanceKlass javax/servlet/ServletContextAttributeListener
instanceKlass org/springframework/core/annotation/MergedAnnotationPredicates$$Lambda$418
instanceKlass org/springframework/core/annotation/MergedAnnotationPredicates$$Lambda$417
instanceKlass org/springframework/boot/web/servlet/ServletContextInitializerBeans$RegistrationBeanAdapter
instanceKlass org/springframework/web/context/support/ServletContextScope
instanceKlass org/springframework/boot/web/servlet/context/ServletWebServerApplicationContext$$Lambda$416
instanceKlass org/springframework/ui/context/Theme
instanceKlass org/springframework/ui/context/support/ResourceBundleThemeSource
instanceKlass org/springframework/ui/context/HierarchicalThemeSource
instanceKlass org/springframework/ui/context/support/UiApplicationContextUtils
instanceKlass org/springframework/context/support/MessageSourceSupport
instanceKlass org/springframework/context/HierarchicalMessageSource
instanceKlass org/springframework/cache/annotation/AnnotationCacheOperationSource$$Lambda$415
instanceKlass java/util/stream/SortedOps$RefSortingSink$$Lambda$414
instanceKlass java/util/stream/SortedOps
instanceKlass org/springframework/core/annotation/AnnotatedElementUtils$$Lambda$413
instanceKlass org/springframework/core/annotation/MergedAnnotationPredicates$$Lambda$412
instanceKlass org/springframework/cache/annotation/SpringCacheAnnotationParser$DefaultCacheConfig
instanceKlass org/springframework/cache/annotation/AnnotationCacheOperationSource$$Lambda$411
instanceKlass org/springframework/cache/interceptor/CacheOperationSourcePointcut$CacheOperationSourceClassFilter
instanceKlass org/springframework/cache/Cache$ValueWrapper
instanceKlass org/springframework/cache/interceptor/CacheAspectSupport$InvocationAwareResult
instanceKlass org/springframework/cache/interceptor/CacheAspectSupport$CacheOperationMetadata
instanceKlass org/springframework/cache/interceptor/CacheAspectSupport$CacheOperationContext
instanceKlass org/springframework/cache/interceptor/CacheOperationInvocationContext
instanceKlass org/springframework/cache/interceptor/CacheAspectSupport$CacheOperationContexts
instanceKlass org/springframework/cache/interceptor/CacheOperationInvoker
instanceKlass org/springframework/cache/interceptor/CacheAspectSupport$$Lambda$410
instanceKlass org/springframework/cache/interceptor/CacheAspectSupport$$Lambda$409
instanceKlass org/springframework/cache/interceptor/CacheAspectSupport$$Lambda$408
instanceKlass org/springframework/cache/interceptor/CacheAspectSupport$$Lambda$407
instanceKlass org/springframework/cache/interceptor/SimpleKeyGenerator
instanceKlass org/springframework/cache/interceptor/AbstractCacheInvoker$$Lambda$406
instanceKlass org/springframework/cache/interceptor/SimpleCacheErrorHandler
instanceKlass org/springframework/cache/annotation/AnnotationCacheOperationSource$CacheOperationProvider
instanceKlass org/springframework/cache/annotation/Caching
instanceKlass org/springframework/cache/annotation/CachePut
instanceKlass org/springframework/cache/annotation/CacheEvict
instanceKlass org/springframework/cache/annotation/Cacheable
instanceKlass org/springframework/cache/interceptor/CacheOperation
instanceKlass org/springframework/cache/interceptor/BasicOperation
instanceKlass org/springframework/cache/interceptor/CacheOperation$Builder
instanceKlass org/springframework/cache/annotation/SpringCacheAnnotationParser
instanceKlass org/springframework/cache/annotation/CacheAnnotationParser
instanceKlass org/springframework/cache/interceptor/AbstractFallbackCacheOperationSource
instanceKlass org/springframework/core/MethodClassKey
instanceKlass org/springframework/transaction/interceptor/TransactionalProxy
instanceKlass org/springframework/cache/annotation/AbstractCachingConfiguration$$Lambda$405
instanceKlass org/springframework/cache/interceptor/CacheErrorHandler
instanceKlass org/springframework/cache/annotation/AbstractCachingConfiguration$$Lambda$404
instanceKlass org/springframework/cache/interceptor/KeyGenerator
instanceKlass org/springframework/cache/annotation/AbstractCachingConfiguration$$Lambda$403
instanceKlass org/springframework/cache/interceptor/CacheResolver
instanceKlass org/springframework/cache/annotation/AbstractCachingConfiguration$CachingConfigurerSupplier$$Lambda$402
instanceKlass org/springframework/cache/annotation/AbstractCachingConfiguration$$Lambda$401
instanceKlass org/springframework/cache/annotation/AbstractCachingConfiguration$$Lambda$400
instanceKlass org/springframework/transaction/interceptor/TransactionAttributeSourcePointcut$TransactionAttributeSourceClassFilter
instanceKlass org/springframework/aop/TrueClassFilter
instanceKlass javax/annotation/meta/TypeQualifier
instanceKlass javax/annotation/Nullable
instanceKlass org/springframework/core/ReactiveAdapterRegistry
instanceKlass org/springframework/transaction/interceptor/TransactionAspectSupport$ThrowableHolder
instanceKlass org/springframework/transaction/interceptor/TransactionAspectSupport$ReactiveTransactionSupport
instanceKlass org/springframework/transaction/interceptor/TransactionAspectSupport$CoroutinesInvocationCallback
instanceKlass org/springframework/transaction/interceptor/TransactionAspectSupport$TransactionInfo
instanceKlass org/springframework/transaction/TransactionStatus
instanceKlass org/springframework/transaction/SavepointManager
instanceKlass org/springframework/transaction/TransactionExecution
instanceKlass org/aopalliance/intercept/MethodInvocation
instanceKlass org/aopalliance/intercept/Invocation
instanceKlass org/aopalliance/intercept/Joinpoint
instanceKlass org/springframework/transaction/interceptor/TransactionAspectSupport$InvocationCallback
instanceKlass org/springframework/transaction/annotation/JtaTransactionAnnotationParser
instanceKlass org/springframework/transaction/annotation/SpringTransactionAnnotationParser
instanceKlass org/springframework/transaction/annotation/TransactionAnnotationParser
instanceKlass org/springframework/transaction/interceptor/TransactionAttribute
instanceKlass org/springframework/transaction/interceptor/AbstractFallbackTransactionAttributeSource
instanceKlass org/springframework/core/annotation/MergedAnnotationCollectors$$Lambda$399
instanceKlass org/springframework/core/annotation/MergedAnnotationCollectors$$Lambda$398
instanceKlass org/springframework/core/annotation/MergedAnnotationCollectors$$Lambda$397
instanceKlass org/springframework/core/MethodIntrospector$$Lambda$396
instanceKlass org/springframework/core/MethodIntrospector
instanceKlass org/springframework/scheduling/annotation/ScheduledAnnotationBeanPostProcessor$$Lambda$395
instanceKlass org/springframework/core/MethodIntrospector$MetadataLookup
instanceKlass org/springframework/aop/aspectj/AspectJProxyUtils
instanceKlass org/aspectj/weaver/patterns/AbstractPatternNodeVisitor
instanceKlass org/aspectj/weaver/TypeVariable
instanceKlass org/aspectj/weaver/tools/JoinPointMatch
instanceKlass org/aspectj/weaver/reflect/ShadowMatchImpl
instanceKlass org/aspectj/weaver/patterns/ExposedState
instanceKlass org/aspectj/apache/bcel/classfile/annotation/NameValuePair
instanceKlass org/aspectj/apache/bcel/classfile/Utility
instanceKlass org/aspectj/apache/bcel/classfile/annotation/ElementValue
instanceKlass org/aspectj/apache/bcel/ExceptionConstants
instanceKlass org/aspectj/apache/bcel/ConstantsInitializer
instanceKlass org/aspectj/apache/bcel/generic/Type
instanceKlass org/aspectj/apache/bcel/Constants
instanceKlass org/aspectj/apache/bcel/classfile/Attribute
instanceKlass org/aspectj/apache/bcel/classfile/AttributeUtils
instanceKlass org/aspectj/apache/bcel/classfile/annotation/AnnotationGen
instanceKlass org/aspectj/apache/bcel/classfile/Modifiers
instanceKlass org/aspectj/apache/bcel/classfile/SimpleConstant
instanceKlass org/aspectj/apache/bcel/classfile/Constant
instanceKlass org/aspectj/apache/bcel/classfile/ConstantPool
instanceKlass org/aspectj/apache/bcel/classfile/Node
instanceKlass org/aspectj/apache/bcel/classfile/ClassParser
instanceKlass org/aspectj/weaver/reflect/Java15GenericSignatureInformationProvider
instanceKlass org/aspectj/weaver/reflect/Java14GenericSignatureInformationProvider
instanceKlass org/springframework/util/ReflectionUtils$$Lambda$394
instanceKlass org/aspectj/weaver/tools/DefaultMatchingContext
instanceKlass org/aspectj/weaver/patterns/FastMatchInfo
instanceKlass org/aspectj/weaver/tools/MatchingContext
instanceKlass org/aspectj/weaver/internal/tools/PointcutExpressionImpl
instanceKlass org/aspectj/weaver/Iterators$6
instanceKlass org/aspectj/weaver/IntMap
instanceKlass org/aspectj/weaver/ast/ASTNode
instanceKlass org/aspectj/weaver/MemberImpl
instanceKlass org/aspectj/internal/lang/reflect/PointcutExpressionImpl
instanceKlass org/aspectj/lang/reflect/PointcutExpression
instanceKlass org/aspectj/internal/lang/reflect/PointcutImpl
instanceKlass org/aspectj/weaver/Iterators$1$1
instanceKlass org/aspectj/weaver/Iterators$7
instanceKlass org/aspectj/weaver/Iterators$2
instanceKlass org/aspectj/weaver/Iterators$4$1
instanceKlass org/aspectj/weaver/Iterators$4
instanceKlass org/aspectj/weaver/Iterators$8
instanceKlass org/aspectj/weaver/Iterators$5
instanceKlass org/aspectj/weaver/ResolvedType$3
instanceKlass org/aspectj/weaver/Iterators$1
instanceKlass org/aspectj/weaver/Iterators$Filter
instanceKlass org/aspectj/weaver/Iterators
instanceKlass org/aspectj/weaver/patterns/Bindings
instanceKlass org/aspectj/weaver/patterns/SimpleScope
instanceKlass org/aspectj/bridge/ISourceLocation
instanceKlass org/aspectj/weaver/tools/PointcutParser$1
instanceKlass org/aspectj/weaver/reflect/JavaLangTypeToResolvedTypeConverter
instanceKlass org/aspectj/weaver/reflect/ReflectionBasedReferenceTypeDelegate
instanceKlass org/aspectj/weaver/reflect/GenericSignatureInformationProvider
instanceKlass org/aspectj/weaver/reflect/ReflectionBasedReferenceTypeDelegateFactory
instanceKlass org/aspectj/weaver/patterns/FormalBinding
instanceKlass org/aspectj/weaver/Shadow
instanceKlass org/aspectj/weaver/patterns/PatternNodeVisitor
instanceKlass org/aspectj/weaver/patterns/TypePattern$MatchKind
instanceKlass org/aspectj/weaver/patterns/BindingPattern
instanceKlass org/aspectj/weaver/patterns/IVerificationRequired
instanceKlass org/aspectj/weaver/patterns/BasicToken
instanceKlass org/aspectj/weaver/patterns/BasicTokenSource
instanceKlass org/aspectj/weaver/patterns/ITokenSource
instanceKlass org/aspectj/weaver/patterns/IToken
instanceKlass org/aspectj/weaver/patterns/ISignaturePattern
instanceKlass org/aspectj/weaver/patterns/PatternNode
instanceKlass org/aspectj/weaver/IHasSourceLocation
instanceKlass org/aspectj/weaver/patterns/PatternParser
instanceKlass org/aspectj/weaver/tools/ContextBasedMatcher
instanceKlass org/springframework/aop/aspectj/AspectJExpressionPointcut$BeanPointcutDesignatorHandler
instanceKlass org/aspectj/apache/bcel/util/ClassLoaderRepository
instanceKlass org/aspectj/weaver/AnnotationAJ
instanceKlass org/aspectj/apache/bcel/util/Repository
instanceKlass org/aspectj/apache/bcel/util/ClassLoaderReference
instanceKlass org/aspectj/weaver/reflect/Java15AnnotationFinder
instanceKlass org/aspectj/weaver/reflect/ArgNameFinder
instanceKlass org/aspectj/weaver/reflect/AnnotationFinder
instanceKlass org/aspectj/weaver/reflect/ReflectionWorld$ExceptionBasedMessageHandler
instanceKlass org/aspectj/weaver/World$AspectPrecedenceCalculator
instanceKlass org/aspectj/util/FuzzyBoolean
instanceKlass org/aspectj/weaver/ResolvedType$FieldGetter
instanceKlass org/aspectj/weaver/ResolvedType$PointcutGetter
instanceKlass org/aspectj/weaver/ResolvedType$MethodGetterIncludingItds
instanceKlass org/aspectj/weaver/ResolvedType$MethodGetter
instanceKlass org/aspectj/weaver/UnresolvedType$TypeKind
instanceKlass org/aspectj/weaver/TypeFactory
instanceKlass org/aspectj/weaver/ResolvedMember
instanceKlass org/aspectj/weaver/Member
instanceKlass org/aspectj/weaver/Iterators$Getter
instanceKlass org/aspectj/weaver/TypeVariableReference
instanceKlass org/aspectj/bridge/IMessage$Kind$1
instanceKlass org/aspectj/bridge/IMessage$Kind
instanceKlass org/aspectj/weaver/Lint$Kind
instanceKlass org/aspectj/weaver/Lint
instanceKlass org/aspectj/weaver/CrosscuttingMembersSet
instanceKlass org/aspectj/weaver/World$TypeMap
instanceKlass org/aspectj/bridge/IMessageHandler$1
instanceKlass org/aspectj/bridge/MessageWriter
instanceKlass org/aspectj/weaver/tools/AbstractTrace
instanceKlass org/aspectj/weaver/tools/Trace
instanceKlass org/aspectj/weaver/tools/TraceFactory
instanceKlass org/aspectj/weaver/ReferenceTypeDelegate
instanceKlass org/aspectj/bridge/IMessage
instanceKlass org/aspectj/bridge/IMessageHandler
instanceKlass org/aspectj/weaver/UnresolvedType
instanceKlass org/aspectj/weaver/TypeVariableDeclaringElement
instanceKlass org/aspectj/weaver/tools/Traceable
instanceKlass org/aspectj/weaver/AnnotatedElement
instanceKlass org/aspectj/weaver/WeakClassLoaderReference
instanceKlass org/aspectj/weaver/ISourceContext
instanceKlass org/aspectj/weaver/patterns/IScope
instanceKlass org/aspectj/weaver/tools/PointcutParameter
instanceKlass org/aspectj/weaver/tools/PointcutExpression
instanceKlass org/aspectj/weaver/tools/TypePatternMatcher
instanceKlass org/aspectj/weaver/reflect/IReflectionWorld
instanceKlass org/aspectj/weaver/World
instanceKlass org/aspectj/weaver/Dump$INode
instanceKlass org/aspectj/weaver/tools/PointcutParser
instanceKlass org/springframework/aop/IntroductionAdvisor
instanceKlass org/springframework/aop/IntroductionInfo
instanceKlass org/springframework/aop/framework/autoproxy/ProxyCreationContext
instanceKlass com/ais/wapi/core/logs/WapiLog
instanceKlass com/ais/cs/csmf/logserver/LogMessage
instanceKlass com/ais/cs/csmf/syslog/SyslogSendModel
instanceKlass org/springframework/transaction/annotation/TransactionManagementConfigurer
instanceKlass org/springframework/aop/aspectj/AspectJPointcutAdvisor
instanceKlass org/aspectj/lang/annotation/DeclareParents
instanceKlass org/springframework/aop/aspectj/annotation/ReflectiveAspectJAdvisorFactory$1
instanceKlass org/springframework/aop/aspectj/annotation/InstantiationModelAwarePointcutAdvisorImpl$1
instanceKlass org/springframework/aop/aspectj/annotation/InstantiationModelAwarePointcutAdvisorImpl
instanceKlass org/springframework/aop/aspectj/InstantiationModelAwarePointcutAdvisor
instanceKlass org/aspectj/util/TypeSafeEnum
instanceKlass org/aspectj/weaver/tools/PointcutDesignatorHandler
instanceKlass org/aspectj/weaver/tools/ShadowMatch
instanceKlass org/springframework/aop/support/AbstractExpressionPointcut
instanceKlass org/springframework/aop/support/ExpressionPointcut
instanceKlass org/springframework/aop/aspectj/annotation/AbstractAspectJAdvisorFactory$AspectJAnnotation
instanceKlass org/springframework/core/annotation/AnnotationUtils$$Lambda$393
instanceKlass org/springframework/core/annotation/AnnotationUtils$$Lambda$392
instanceKlass org/springframework/aop/aspectj/annotation/ReflectiveAspectJAdvisorFactory$$Lambda$391
instanceKlass org/springframework/aop/aspectj/annotation/LazySingletonAspectInstanceFactoryDecorator
instanceKlass org/springframework/aop/aspectj/annotation/BeanFactoryAspectInstanceFactory
instanceKlass org/springframework/aop/TruePointcut
instanceKlass org/aspectj/internal/lang/reflect/PerClauseImpl
instanceKlass org/springframework/aop/aspectj/annotation/AspectMetadata$1
instanceKlass org/aspectj/lang/reflect/DeclarePrecedence
instanceKlass org/aspectj/internal/lang/annotation/ajcDeclarePrecedence
instanceKlass org/aspectj/lang/ProceedingJoinPoint
instanceKlass org/aspectj/lang/JoinPoint
instanceKlass org/aspectj/lang/annotation/DeclarePrecedence
instanceKlass org/aspectj/lang/reflect/Pointcut
instanceKlass org/aspectj/lang/reflect/Advice
instanceKlass org/aspectj/lang/reflect/PerClause
instanceKlass org/aspectj/internal/lang/reflect/AjTypeImpl
instanceKlass org/aspectj/lang/reflect/AjType
instanceKlass org/aspectj/lang/reflect/AjTypeSystem
instanceKlass org/springframework/aop/aspectj/annotation/AspectMetadata
instanceKlass org/springframework/core/annotation/SynthesizedAnnotation
instanceKlass org/springframework/core/annotation/AnnotationUtils$$Lambda$390
instanceKlass org/springframework/dao/support/PersistenceExceptionTranslator
instanceKlass org/springframework/dao/support/PersistenceExceptionTranslationInterceptor
instanceKlass org/springframework/aop/aspectj/annotation/AbstractAspectJAdvisorFactory$AspectJAnnotationParameterNameDiscoverer
instanceKlass java/util/Comparator$$Lambda$389
instanceKlass org/springframework/util/comparator/ComparableComparator
instanceKlass org/springframework/util/comparator/Comparators
instanceKlass org/springframework/aop/aspectj/annotation/ReflectiveAspectJAdvisorFactory$$Lambda$388
instanceKlass org/springframework/aop/aspectj/annotation/ReflectiveAspectJAdvisorFactory$$Lambda$387
instanceKlass org/springframework/util/comparator/InstanceComparator
instanceKlass org/springframework/core/convert/converter/ConvertingComparator
instanceKlass org/springframework/util/ReflectionUtils$MethodFilter$$Lambda$386
instanceKlass org/springframework/aop/aspectj/annotation/ReflectiveAspectJAdvisorFactory$$Lambda$385
instanceKlass org/aspectj/lang/annotation/AfterThrowing
instanceKlass org/aspectj/lang/annotation/AfterReturning
instanceKlass org/aspectj/lang/annotation/After
instanceKlass org/aspectj/lang/annotation/Before
instanceKlass org/springframework/aop/AfterReturningAdvice
instanceKlass org/springframework/aop/AfterAdvice
instanceKlass org/springframework/aop/MethodBeforeAdvice
instanceKlass org/springframework/aop/BeforeAdvice
instanceKlass org/springframework/aop/aspectj/AbstractAspectJAdvice
instanceKlass org/springframework/aop/aspectj/AspectJPrecedenceInformation
instanceKlass org/springframework/aop/aspectj/annotation/MetadataAwareAspectInstanceFactory
instanceKlass org/springframework/aop/aspectj/AspectInstanceFactory
instanceKlass org/springframework/aop/aspectj/annotation/AbstractAspectJAdvisorFactory
instanceKlass org/springframework/core/convert/support/NumberToNumberConverterFactory$NumberToNumber
instanceKlass sun/reflect/generics/reflectiveObjects/GenericArrayTypeImpl
instanceKlass org/springframework/aop/framework/adapter/ThrowsAdviceAdapter
instanceKlass org/springframework/aop/framework/adapter/AfterReturningAdviceAdapter
instanceKlass org/springframework/aop/framework/adapter/MethodBeforeAdviceAdapter
instanceKlass org/springframework/aop/framework/adapter/AdvisorAdapter
instanceKlass org/springframework/aop/framework/adapter/DefaultAdvisorAdapterRegistry
instanceKlass org/springframework/aop/framework/adapter/GlobalAdvisorAdapterRegistry
instanceKlass org/springframework/aop/aspectj/autoproxy/AspectJPrecedenceComparator
instanceKlass org/springframework/aop/framework/autoproxy/TargetSourceCreator
instanceKlass org/springframework/aop/framework/adapter/AdvisorAdapterRegistry
instanceKlass org/springframework/aop/aspectj/annotation/BeanFactoryAspectJAdvisorsBuilder
instanceKlass org/springframework/aop/aspectj/annotation/AspectJAdvisorFactory
instanceKlass org/springframework/aop/framework/autoproxy/BeanFactoryAdvisorRetrievalHelper
instanceKlass org/springframework/aop/support/ClassFilters$UnionClassFilter
instanceKlass org/springframework/aop/support/ClassFilters
instanceKlass org/springframework/aop/support/MethodMatchers$UnionMethodMatcher
instanceKlass org/springframework/aop/IntroductionAwareMethodMatcher
instanceKlass org/springframework/aop/support/MethodMatchers
instanceKlass org/springframework/aop/support/ComposablePointcut
instanceKlass org/springframework/aop/support/StaticMethodMatcher
instanceKlass org/springframework/aop/support/annotation/AnnotationMatchingPointcut$AnnotationCandidateClassFilter
instanceKlass org/springframework/aop/TrueMethodMatcher
instanceKlass org/springframework/aop/support/annotation/AnnotationClassFilter
instanceKlass org/springframework/aop/MethodMatcher
instanceKlass org/springframework/aop/ClassFilter
instanceKlass org/springframework/aop/support/annotation/AnnotationMatchingPointcut
instanceKlass org/springframework/aop/interceptor/AsyncExecutionAspectSupport$$Lambda$384
instanceKlass org/springframework/aop/interceptor/AsyncExecutionAspectSupport$$Lambda$383
instanceKlass org/springframework/aop/interceptor/AsyncExecutionAspectSupport$$Lambda$382
instanceKlass org/springframework/aop/interceptor/SimpleAsyncUncaughtExceptionHandler
instanceKlass org/springframework/aop/interceptor/AsyncExecutionAspectSupport$$Lambda$381
instanceKlass org/springframework/aop/interceptor/AsyncExecutionAspectSupport
instanceKlass org/springframework/scheduling/annotation/Async
instanceKlass org/springframework/aop/Pointcut
instanceKlass org/springframework/scheduling/annotation/AbstractAsyncConfiguration$$Lambda$380
instanceKlass org/springframework/aop/interceptor/AsyncUncaughtExceptionHandler
instanceKlass org/springframework/scheduling/annotation/AbstractAsyncConfiguration$$Lambda$379
instanceKlass org/springframework/scheduling/annotation/AbstractAsyncConfiguration$$Lambda$378
instanceKlass org/springframework/util/function/SingletonSupplier
instanceKlass org/springframework/scheduling/annotation/AbstractAsyncConfiguration$$Lambda$377
instanceKlass org/springframework/beans/factory/support/DefaultListableBeanFactory$DependencyObjectProvider
instanceKlass org/springframework/beans/factory/support/DefaultListableBeanFactory$BeanObjectProvider
instanceKlass org/springframework/beans/factory/annotation/InjectionMetadata$InjectedElement
instanceKlass org/springframework/beans/factory/annotation/AutowiredAnnotationBeanPostProcessor$$Lambda$376
instanceKlass org/springframework/core/BridgeMethodResolver$$Lambda$375
instanceKlass org/springframework/core/BridgeMethodResolver$$Lambda$374
instanceKlass org/springframework/scheduling/config/Task
instanceKlass org/springframework/scheduling/config/ScheduledTaskRegistrar
instanceKlass org/springframework/boot/context/properties/ConfigurationPropertiesBean
instanceKlass org/springframework/beans/factory/annotation/AutowiredAnnotationBeanPostProcessor$$Lambda$373
instanceKlass org/springframework/beans/factory/annotation/AutowiredAnnotationBeanPostProcessor$$Lambda$372
instanceKlass org/springframework/context/annotation/CommonAnnotationBeanPostProcessor$$Lambda$371
instanceKlass org/springframework/context/annotation/CommonAnnotationBeanPostProcessor$$Lambda$370
instanceKlass org/springframework/util/ReflectionUtils$FieldCallback
instanceKlass org/springframework/beans/factory/annotation/InjectionMetadata
instanceKlass org/springframework/beans/factory/annotation/InitDestroyAnnotationBeanPostProcessor$$Lambda$369
instanceKlass org/springframework/beans/factory/annotation/AutowiredAnnotationBeanPostProcessor$$Lambda$368
instanceKlass org/springframework/boot/context/properties/ConfigurationPropertiesJsr303Validator
instanceKlass org/springframework/boot/context/properties/PropertySourcesDeducer
instanceKlass javax/annotation/PreDestroy
instanceKlass org/springframework/beans/factory/annotation/InitDestroyAnnotationBeanPostProcessor$LifecycleMetadata
instanceKlass org/springframework/context/support/PostProcessorRegistrationDelegate$BeanPostProcessorChecker
instanceKlass org/springframework/beans/factory/support/AbstractBeanFactory$$Lambda$367
instanceKlass com/atomikos/util/Atomikos
instanceKlass com/atomikos/icatch/provider/ConfigProperties
instanceKlass com/sun/beans/finder/InstanceFinder
instanceKlass java/beans/WeakIdentityMap
instanceKlass java/beans/ThreadGroupContext
instanceKlass com/atomikos/util/ClassLoadingHelper
instanceKlass com/atomikos/logging/Slf4jLogger
instanceKlass com/atomikos/logging/Logger
instanceKlass com/atomikos/logging/Slf4JLoggerFactoryDelegate
instanceKlass com/atomikos/logging/LoggerFactoryDelegate
instanceKlass com/atomikos/logging/LoggerFactory
instanceKlass com/atomikos/icatch/provider/TransactionServiceProvider
instanceKlass com/atomikos/persistence/StateRecoveryManager
instanceKlass com/atomikos/recovery/RecoveryLog
instanceKlass com/atomikos/recovery/OltpLog
instanceKlass com/atomikos/icatch/CompositeTransactionManager
instanceKlass com/atomikos/recovery/Repository
instanceKlass com/atomikos/icatch/provider/imp/AssemblerImp
instanceKlass com/atomikos/icatch/provider/Assembler
instanceKlass com/atomikos/icatch/TransactionService
instanceKlass com/atomikos/icatch/config/Configuration
instanceKlass com/fasterxml/jackson/databind/jsonFormatVisitors/JsonFormatVisitorWrapper
instanceKlass com/fasterxml/jackson/databind/jsonFormatVisitors/JsonFormatVisitorWithSerializerProvider
instanceKlass com/fasterxml/jackson/databind/cfg/ConstructorDetector
instanceKlass com/fasterxml/jackson/databind/jsonschema/JsonSchema
instanceKlass com/fasterxml/jackson/annotation/JsonAutoDetect$Value
instanceKlass com/fasterxml/jackson/databind/PropertyNamingStrategy
instanceKlass com/fasterxml/jackson/databind/MappingIterator
instanceKlass com/fasterxml/jackson/databind/deser/DeserializationProblemHandler
instanceKlass com/fasterxml/jackson/core/io/CharacterEscapes
instanceKlass com/fasterxml/jackson/databind/ser/FilterProvider
instanceKlass com/fasterxml/jackson/databind/ObjectWriter
instanceKlass com/fasterxml/jackson/databind/InjectableValues
instanceKlass com/fasterxml/jackson/core/FormatSchema
instanceKlass com/fasterxml/jackson/core/type/TypeReference
instanceKlass org/springframework/http/converter/json/Jackson2ObjectMapperBuilder$$Lambda$366
instanceKlass org/springframework/boot/jackson/JsonMixin
instanceKlass org/springframework/beans/factory/support/DefaultListableBeanFactory$$Lambda$365
instanceKlass org/springframework/boot/jackson/JsonComponent
instanceKlass com/fasterxml/jackson/databind/deser/ValueInstantiator
instanceKlass com/fasterxml/jackson/databind/jsontype/NamedType
instanceKlass com/fasterxml/jackson/module/paramnames/PackageVersion
instanceKlass java/util/EnumMap$EnumMapIterator
instanceKlass org/springframework/boot/autoconfigure/jackson/JacksonAutoConfiguration$Jackson2ObjectMapperBuilderCustomizerConfiguration$StandardJackson2ObjectMapperBuilderCustomizer$$Lambda$364
instanceKlass org/springframework/boot/autoconfigure/jackson/JacksonAutoConfiguration$Jackson2ObjectMapperBuilderCustomizerConfiguration$StandardJackson2ObjectMapperBuilderCustomizer$$Lambda$363
instanceKlass org/springframework/core/OrderComparator$$Lambda$362
instanceKlass org/springframework/beans/factory/support/DefaultListableBeanFactory$FactoryAwareOrderSourceProvider
instanceKlass org/springframework/beans/factory/support/DefaultListableBeanFactory$$Lambda$361
instanceKlass com/ais/cs/csmf/core/configuration/CsmfJacksonConfiguration$1
instanceKlass org/springframework/core/SimpleAliasRegistry$$Lambda$360
instanceKlass java/lang/invoke/LambdaForm$DMH
instanceKlass org/springframework/beans/factory/support/DefaultListableBeanFactory$$Lambda$359
instanceKlass org/springframework/core/annotation/AnnotatedElementUtils$AnnotatedElementForAnnotations
instanceKlass com/ais/cs/csmf/core/jackson/util/JacksonUtils
instanceKlass org/springframework/beans/factory/config/NamedBeanHolder
instanceKlass org/springframework/beans/factory/NamedBean
instanceKlass org/springframework/util/MethodInvoker
instanceKlass java/lang/Class$EnclosingMethodInfo
instanceKlass org/springframework/beans/factory/support/ConstructorResolver$ArgumentsHolder
instanceKlass org/springframework/core/LocalVariableTableParameterNameDiscoverer$$Lambda$358
instanceKlass org/springframework/beans/factory/support/ConstructorResolver$ConstructorPropertiesChecker
instanceKlass org/springframework/beans/factory/support/AutowireUtils$$Lambda$357
instanceKlass org/springframework/beans/factory/support/AutowireUtils
instanceKlass org/apache/ibatis/session/SqlSessionFactoryBuilder
instanceKlass org/apache/ibatis/transaction/TransactionFactory
instanceKlass com/ais/cs/csmf/core/config/AppConfig
instanceKlass javax/servlet/annotation/WebListener
instanceKlass javax/servlet/annotation/WebFilter
instanceKlass javax/servlet/annotation/WebServlet
instanceKlass org/springframework/boot/web/servlet/ServletComponentHandler
instanceKlass org/springframework/context/expression/CachedExpressionEvaluator
instanceKlass org/springframework/boot/jdbc/AbstractDataSourceInitializer
instanceKlass org/springframework/boot/autoconfigure/flyway/FlywayMigrationInitializer
instanceKlass org/springframework/boot/sql/init/dependency/BeansOfTypeDetector$$Lambda$356
instanceKlass org/springframework/boot/sql/init/dependency/BeansOfTypeDetector$$Lambda$355
instanceKlass org/springframework/boot/sql/init/AbstractScriptDatabaseInitializer
instanceKlass org/springframework/boot/sql/init/dependency/BeansOfTypeDetector
instanceKlass org/springframework/boot/sql/init/dependency/DatabaseInitializationDependencyConfigurer$DependsOnDatabaseInitializationPostProcessor$InitializerBeanNames
instanceKlass org/springframework/boot/sql/init/dependency/AbstractBeansOfTypeDatabaseInitializerDetector
instanceKlass org/springframework/boot/sql/init/dependency/DatabaseInitializationDependencyConfigurer$DependsOnDatabaseInitializationPostProcessor$$Lambda$354
instanceKlass org/springframework/boot/sql/init/dependency/DatabaseInitializerDetector
instanceKlass org/springframework/core/SimpleAliasRegistry$$Lambda$353
instanceKlass org/springframework/beans/factory/config/BeanDefinitionVisitor
instanceKlass org/springframework/context/support/PropertySourcesPlaceholderConfigurer$$Lambda$352
instanceKlass org/springframework/beans/factory/support/ConstructorResolver
instanceKlass org/springframework/context/annotation/ConfigurationClassPostProcessor$ImportAwareBeanPostProcessor
instanceKlass org/springframework/context/annotation/ConfigurationClassPostProcessor$$Lambda$351
instanceKlass org/springframework/cglib/proxy/Enhancer$EnhancerFactoryData
instanceKlass org/springframework/cglib/proxy/MethodProxy$CreateInfo
instanceKlass org/springframework/cglib/proxy/MethodProxy
instanceKlass org/springframework/cglib/core/EmitUtils$6
instanceKlass org/springframework/cglib/core/EmitUtils$5
instanceKlass org/springframework/cglib/proxy/MethodInterceptorGenerator$2
instanceKlass org/springframework/cglib/proxy/Enhancer$6
instanceKlass org/springframework/cglib/proxy/BridgeMethodResolver
instanceKlass org/springframework/cglib/core/MethodInfoTransformer
instanceKlass org/springframework/cglib/proxy/Enhancer$2
instanceKlass org/springframework/cglib/core/DuplicatesPredicate
instanceKlass org/springframework/cglib/core/RejectModifierPredicate
instanceKlass org/springframework/cglib/core/MethodWrapper$MethodWrapperKey
instanceKlass org/springframework/cglib/core/MethodWrapper
instanceKlass org/springframework/cglib/proxy/Factory
instanceKlass org/springframework/cglib/core/VisibilityPredicate
instanceKlass org/springframework/cglib/transform/TransformingClassGenerator
instanceKlass org/springframework/cglib/proxy/ProxyRefDispatcher
instanceKlass org/springframework/cglib/proxy/FixedValueGenerator
instanceKlass org/springframework/cglib/proxy/FixedValue
instanceKlass org/springframework/cglib/proxy/DispatcherGenerator
instanceKlass org/springframework/cglib/proxy/Dispatcher
instanceKlass org/springframework/cglib/proxy/LazyLoaderGenerator
instanceKlass org/springframework/cglib/proxy/LazyLoader
instanceKlass org/springframework/cglib/proxy/InvocationHandlerGenerator
instanceKlass org/springframework/cglib/proxy/InvocationHandler
instanceKlass org/springframework/cglib/proxy/MethodInterceptorGenerator$1
instanceKlass org/springframework/cglib/proxy/MethodInterceptorGenerator
instanceKlass org/springframework/cglib/proxy/NoOpGenerator
instanceKlass org/springframework/cglib/proxy/CallbackGenerator
instanceKlass org/springframework/cglib/proxy/CallbackInfo
instanceKlass org/springframework/cglib/core/ClassNameReader
instanceKlass org/springframework/cglib/core/DebuggingClassWriter$1
instanceKlass org/springframework/asm/Handler
instanceKlass org/springframework/cglib/core/EmitUtils$9
instanceKlass org/springframework/cglib/core/EmitUtils$8
instanceKlass org/springframework/cglib/core/Local
instanceKlass org/springframework/cglib/core/EmitUtils$7
instanceKlass org/springframework/asm/Edge
instanceKlass org/springframework/cglib/core/ClassEmitter$FieldInfo
instanceKlass org/springframework/cglib/core/LocalVariablesSorter$State
instanceKlass org/springframework/asm/Frame
instanceKlass org/springframework/cglib/core/EmitUtils$ArrayDelimiters
instanceKlass org/springframework/cglib/core/EmitUtils$ParameterTyper
instanceKlass org/springframework/asm/Label
instanceKlass org/springframework/cglib/core/ProcessArrayCallback
instanceKlass org/springframework/cglib/core/EmitUtils
instanceKlass org/springframework/cglib/core/ReflectUtils$4
instanceKlass org/springframework/cglib/core/ReflectUtils$5
instanceKlass java/lang/AssertionStatusDirectives
instanceKlass org/springframework/cglib/core/ReflectUtils$3
instanceKlass org/springframework/cglib/core/ReflectUtils$2
instanceKlass org/springframework/cglib/core/ReflectUtils$1
instanceKlass org/springframework/cglib/core/MethodInfo
instanceKlass org/springframework/cglib/core/ReflectUtils
instanceKlass org/springframework/cglib/core/ClassInfo
instanceKlass org/springframework/asm/ByteVector
instanceKlass org/springframework/asm/Symbol
instanceKlass org/springframework/asm/SymbolTable
instanceKlass org/springframework/asm/FieldVisitor
instanceKlass org/springframework/asm/RecordComponentVisitor
instanceKlass org/springframework/asm/ModuleVisitor
instanceKlass org/springframework/cglib/core/AsmApi
instanceKlass org/springframework/cglib/core/Constants
instanceKlass org/springframework/cglib/core/internal/LoadingCache$2
instanceKlass org/springframework/cglib/core/internal/LoadingCache$1
instanceKlass org/springframework/cglib/core/internal/LoadingCache
instanceKlass org/springframework/cglib/core/AbstractClassGenerator$ClassLoaderData$3
instanceKlass org/springframework/cglib/core/AbstractClassGenerator$ClassLoaderData$1
instanceKlass org/springframework/cglib/core/AbstractClassGenerator$ClassLoaderData$2
instanceKlass org/springframework/cglib/core/internal/Function
instanceKlass org/springframework/cglib/core/AbstractClassGenerator$ClassLoaderData
instanceKlass org/springframework/cglib/core/internal/CustomizerRegistry
instanceKlass org/springframework/cglib/core/DefaultNamingPolicy
instanceKlass org/springframework/cglib/core/DefaultGeneratorStrategy
instanceKlass org/springframework/cglib/core/KeyFactory$4
instanceKlass org/springframework/cglib/core/KeyFactory$3
instanceKlass org/springframework/cglib/core/KeyFactory$2
instanceKlass org/springframework/cglib/core/KeyFactory$1
instanceKlass org/springframework/cglib/core/Signature
instanceKlass org/springframework/cglib/core/CollectionUtils
instanceKlass org/springframework/cglib/core/TypeUtils
instanceKlass org/springframework/cglib/core/HashCodeCustomizer
instanceKlass org/springframework/cglib/core/FieldTypeCustomizer
instanceKlass org/springframework/cglib/core/Customizer
instanceKlass org/springframework/cglib/core/KeyFactory
instanceKlass org/springframework/cglib/proxy/Enhancer$EnhancerKey
instanceKlass org/springframework/cglib/core/AbstractClassGenerator$Source
instanceKlass org/springframework/cglib/proxy/Enhancer$1
instanceKlass org/springframework/cglib/proxy/CallbackGenerator$Context
instanceKlass org/springframework/cglib/core/Transformer
instanceKlass org/springframework/cglib/core/ProcessSwitchCallback
instanceKlass org/springframework/cglib/core/ObjectSwitchCallback
instanceKlass org/springframework/cglib/core/Predicate
instanceKlass org/springframework/cglib/core/KeyFactoryCustomizer
instanceKlass org/springframework/cglib/core/AbstractClassGenerator
instanceKlass org/springframework/cglib/core/ClassGenerator
instanceKlass org/springframework/context/annotation/ConfigurationClassEnhancer$EnhancedConfiguration
instanceKlass org/springframework/aop/framework/autoproxy/AutoProxyUtils
instanceKlass org/springframework/objenesis/instantiator/ObjectInstantiator
instanceKlass org/springframework/objenesis/strategy/BaseInstantiatorStrategy
instanceKlass org/springframework/objenesis/strategy/InstantiatorStrategy
instanceKlass org/springframework/objenesis/SpringObjenesis
instanceKlass org/springframework/objenesis/Objenesis
instanceKlass org/springframework/context/annotation/ConfigurationClassEnhancer$ConditionalCallbackFilter
instanceKlass org/springframework/cglib/proxy/NoOp$1
instanceKlass org/springframework/cglib/proxy/NoOp
instanceKlass org/springframework/context/annotation/ConfigurationClassEnhancer$BeanFactoryAwareMethodInterceptor
instanceKlass org/springframework/context/annotation/ConfigurationClassEnhancer$BeanMethodInterceptor
instanceKlass org/springframework/context/annotation/ConfigurationClassEnhancer$ConditionalCallback
instanceKlass org/springframework/cglib/proxy/MethodInterceptor
instanceKlass org/springframework/cglib/proxy/Callback
instanceKlass org/springframework/cglib/proxy/CallbackFilter
instanceKlass org/springframework/cglib/core/GeneratorStrategy
instanceKlass org/springframework/cglib/core/NamingPolicy
instanceKlass org/springframework/context/annotation/ConfigurationClassEnhancer
instanceKlass org/springframework/context/support/PostProcessorRegistrationDelegate$$Lambda$350
instanceKlass com/ais/bmc/ops/dao/QuestionDealMapper
instanceKlass com/ais/bmc/ops/dao/PatrolTemplateMapper
instanceKlass com/ais/bmc/ops/dao/OpsTaskExecHistoryStatisticsMapper
instanceKlass com/ais/bmc/ops/dao/OpsTaskExecHistoryMapper
instanceKlass com/ais/bmc/ops/dao/OpsTaskExecDetailMapper
instanceKlass com/ais/bmc/ops/dao/OpsTaskCtlMapper
instanceKlass com/ais/bmc/ops/dao/OpsServerMapper
instanceKlass com/ais/bmc/ops/dao/OpsProcessThresholdMapper
instanceKlass com/ais/bmc/ops/dao/OpsProcessParamMapper
instanceKlass com/ais/bmc/ops/dao/OpsProcessMapper
instanceKlass com/ais/bmc/ops/dao/OpsProcessAttrMapper
instanceKlass com/ais/bmc/ops/dao/OpsOperateRelMapper
instanceKlass com/ais/bmc/ops/dao/OpsOperateParamMapper
instanceKlass com/ais/bmc/ops/dao/OpsOperateMapper
instanceKlass com/ais/bmc/ops/dao/OpsOperateDetailMapper
instanceKlass com/ais/bmc/ops/dao/OpsNodeMapper
instanceKlass com/ais/bmc/ops/dao/OpsEmailMapper
instanceKlass com/ais/bmc/ops/dao/OpsConfigInfoTemplateMapper
instanceKlass com/ais/bmc/ops/dao/CommonMapper
instanceKlass org/apache/ibatis/io/ClassLoaderWrapper
instanceKlass org/apache/ibatis/io/Resources
instanceKlass org/mybatis/spring/mapper/ClassPathMapperScanner$$Lambda$349
instanceKlass org/mybatis/spring/mapper/ClassPathMapperScanner$$Lambda$348
instanceKlass org/mybatis/spring/mapper/ClassPathMapperScanner$$Lambda$347
instanceKlass org/apache/ibatis/logging/LogFactory$$Lambda$346
instanceKlass org/apache/ibatis/logging/LogFactory$$Lambda$345
instanceKlass org/apache/ibatis/logging/LogFactory$$Lambda$344
instanceKlass org/apache/ibatis/logging/LogFactory$$Lambda$343
instanceKlass org/apache/ibatis/logging/LogFactory$$Lambda$342
instanceKlass org/apache/ibatis/logging/slf4j/Slf4jLocationAwareLoggerImpl
instanceKlass org/apache/ibatis/logging/slf4j/Slf4jImpl
instanceKlass org/apache/ibatis/logging/Log
instanceKlass org/apache/ibatis/logging/LogFactory$$Lambda$341
instanceKlass org/apache/ibatis/logging/LogFactory
instanceKlass org/mybatis/logging/Logger
instanceKlass org/mybatis/logging/LoggerFactory
instanceKlass org/springframework/dao/support/DaoSupport
instanceKlass org/springframework/beans/factory/config/RuntimeBeanNameReference
instanceKlass springfox/boot/starter/autoconfigure/OpenApiAutoConfiguration
instanceKlass springfox/boot/starter/autoconfigure/SwaggerUiWebMvcConfigurer
instanceKlass springfox/boot/starter/autoconfigure/SpringfoxConfigurationProperties$SwaggerUiConfigurationProperties
instanceKlass springfox/boot/starter/autoconfigure/SpringfoxConfigurationProperties$OpenApiConfigurationProperties
instanceKlass springfox/boot/starter/autoconfigure/SpringfoxConfigurationProperties$SwaggerConfigurationProperties
instanceKlass org/springframework/boot/autoconfigure/task/TaskSchedulingProperties$Shutdown
instanceKlass org/springframework/boot/autoconfigure/task/TaskSchedulingProperties$Pool
instanceKlass org/springframework/boot/autoconfigure/info/ProjectInfoProperties$Build
instanceKlass org/springframework/boot/autoconfigure/info/ProjectInfoProperties$Git
instanceKlass org/springframework/boot/autoconfigure/jdbc/DataSourceProperties$Xa
instanceKlass org/springframework/boot/autoconfigure/web/WebProperties$Resources
instanceKlass org/springframework/boot/autoconfigure/task/TaskExecutionProperties$Shutdown
instanceKlass org/springframework/boot/autoconfigure/task/TaskExecutionProperties$Pool
instanceKlass org/springframework/boot/context/properties/DeprecatedConfigurationProperty
instanceKlass org/springframework/boot/autoconfigure/web/servlet/WebMvcProperties$View
instanceKlass org/springframework/boot/autoconfigure/web/servlet/WebMvcProperties$Contentnegotiation
instanceKlass org/springframework/boot/autoconfigure/web/servlet/WebMvcProperties$Pathmatch
instanceKlass org/springframework/boot/autoconfigure/web/servlet/WebMvcProperties$Async
instanceKlass org/springframework/boot/autoconfigure/web/servlet/WebMvcProperties$Servlet
instanceKlass org/springframework/boot/autoconfigure/web/servlet/WebMvcProperties$Format
instanceKlass org/springframework/boot/autoconfigure/web/ServerProperties$Reactive
instanceKlass org/springframework/boot/autoconfigure/web/ServerProperties$Netty
instanceKlass org/springframework/boot/autoconfigure/web/ServerProperties$Jetty
instanceKlass org/springframework/boot/autoconfigure/web/ServerProperties$Undertow
instanceKlass org/springframework/boot/autoconfigure/web/ServerProperties$Tomcat
instanceKlass org/springframework/boot/web/server/Ssl
instanceKlass org/springframework/boot/web/server/Http2
instanceKlass org/springframework/boot/web/server/Compression
instanceKlass org/springframework/boot/autoconfigure/web/ServerProperties$Servlet
instanceKlass org/springframework/boot/autoconfigure/web/ErrorProperties
instanceKlass org/springframework/lang/NonNull
instanceKlass org/springframework/context/annotation/ConfigurationClassPostProcessor$$Lambda$340
instanceKlass org/springframework/boot/autoconfigure/data/rest/RepositoryRestMvcAutoConfiguration
instanceKlass springfox/boot/starter/autoconfigure/SwaggerUiWebMvcConfiguration
instanceKlass springfox/boot/starter/autoconfigure/SwaggerUiWebFluxConfiguration
instanceKlass springfox/bean/validators/configuration/BeanValidatorPluginsConfiguration
instanceKlass springfox/documentation/spring/data/rest/configuration/SpringDataRestConfiguration
instanceKlass springfox/documentation/oas/configuration/OpenApiDocumentationConfiguration
instanceKlass springfox/boot/starter/autoconfigure/SpringfoxConfigurationProperties
instanceKlass springfox/documentation/oas/configuration/OpenApiWebFluxConfiguration
instanceKlass springfox/documentation/oas/configuration/OpenApiWebMvcConfiguration
instanceKlass springfox/documentation/oas/configuration/OpenApiMappingConfiguration
instanceKlass springfox/documentation/oas/web/WebMvcOpenApiTransformationFilter
instanceKlass springfox/documentation/oas/web/OpenApiTransformationFilter
instanceKlass org/springframework/web/multipart/commons/CommonsFileUploadSupport
instanceKlass org/springframework/boot/autoconfigure/web/servlet/MultipartAutoConfiguration
instanceKlass org/springframework/boot/autoconfigure/web/servlet/HttpEncodingAutoConfiguration$LocaleCharsetMappingsCustomizer
instanceKlass org/springframework/boot/autoconfigure/web/servlet/MultipartProperties
instanceKlass org/springframework/boot/autoconfigure/web/servlet/HttpEncodingAutoConfiguration
instanceKlass org/springframework/boot/autoconfigure/web/embedded/EmbeddedWebServerFactoryCustomizerAutoConfiguration
instanceKlass org/springframework/boot/autoconfigure/web/embedded/TomcatWebServerFactoryCustomizer
instanceKlass org/springframework/boot/autoconfigure/web/embedded/EmbeddedWebServerFactoryCustomizerAutoConfiguration$TomcatWebServerFactoryCustomizerConfiguration
instanceKlass org/springframework/boot/web/client/RestTemplateBuilder
instanceKlass org/springframework/boot/autoconfigure/web/client/RestTemplateAutoConfiguration
instanceKlass org/springframework/boot/autoconfigure/web/client/RestTemplateBuilderConfigurer
instanceKlass org/springframework/transaction/reactive/TransactionalOperator
instanceKlass org/springframework/transaction/ReactiveTransactionManager
instanceKlass org/springframework/boot/autoconfigure/transaction/TransactionAutoConfiguration
instanceKlass org/springframework/transaction/support/DefaultTransactionDefinition
instanceKlass org/springframework/transaction/TransactionDefinition
instanceKlass org/springframework/boot/autoconfigure/transaction/TransactionManagerCustomizers
instanceKlass org/springframework/boot/autoconfigure/transaction/TransactionProperties
instanceKlass org/springframework/boot/autoconfigure/transaction/PlatformTransactionManagerCustomizer
instanceKlass org/springframework/boot/autoconfigure/data/neo4j/Neo4jDataAutoConfiguration
instanceKlass org/springframework/boot/autoconfigure/transaction/TransactionAutoConfiguration$TransactionTemplateConfiguration
instanceKlass org/springframework/transaction/support/TransactionOperations
instanceKlass org/springframework/boot/autoconfigure/jdbc/DataSourceTransactionManagerAutoConfiguration
instanceKlass org/springframework/boot/LazyInitializationExcludeFilter
instanceKlass org/springframework/boot/task/TaskSchedulerBuilder
instanceKlass org/springframework/boot/autoconfigure/task/TaskSchedulingAutoConfiguration
instanceKlass org/springframework/scheduling/annotation/SchedulingConfigurer
instanceKlass org/springframework/boot/autoconfigure/task/TaskSchedulingProperties
instanceKlass org/springframework/boot/sql/init/dependency/DatabaseInitializationDependencyConfigurer$DependsOnDatabaseInitializationPostProcessor
instanceKlass org/springframework/boot/autoconfigure/sql/init/DataSourceInitializationConfiguration
instanceKlass org/springframework/boot/autoconfigure/sql/init/R2dbcInitializationConfiguration
instanceKlass org/springframework/boot/autoconfigure/sql/init/SqlInitializationProperties
instanceKlass org/springframework/boot/autoconfigure/r2dbc/R2dbcAutoConfiguration
instanceKlass org/springframework/boot/autoconfigure/info/ProjectInfoAutoConfiguration
instanceKlass org/springframework/boot/autoconfigure/info/ProjectInfoProperties
instanceKlass org/springframework/boot/autoconfigure/http/HttpMessageConvertersAutoConfiguration
instanceKlass org/springframework/boot/autoconfigure/http/JsonbHttpMessageConvertersConfiguration
instanceKlass org/springframework/boot/autoconfigure/http/GsonHttpMessageConvertersConfiguration
instanceKlass org/springframework/boot/autoconfigure/http/JacksonHttpMessageConvertersConfiguration
instanceKlass org/springframework/boot/autoconfigure/jsonb/JsonbAutoConfiguration
instanceKlass org/springframework/boot/autoconfigure/gson/GsonAutoConfiguration
instanceKlass org/springframework/boot/autoconfigure/http/JacksonHttpMessageConvertersConfiguration$MappingJackson2HttpMessageConverterConfiguration
instanceKlass org/springframework/boot/autoconfigure/http/HttpMessageConvertersAutoConfiguration$StringHttpMessageConverterConfiguration
instanceKlass org/springframework/boot/autoconfigure/freemarker/FreeMarkerAutoConfiguration
instanceKlass org/springframework/boot/autoconfigure/template/AbstractViewResolverProperties
instanceKlass org/springframework/boot/autoconfigure/freemarker/AbstractFreeMarkerConfiguration
instanceKlass org/springframework/boot/autoconfigure/dao/PersistenceExceptionTranslationAutoConfiguration
instanceKlass org/springframework/context/support/DefaultLifecycleProcessor
instanceKlass org/springframework/boot/autoconfigure/context/LifecycleAutoConfiguration
instanceKlass org/springframework/boot/autoconfigure/context/ConfigurationPropertiesAutoConfiguration
instanceKlass org/springframework/boot/autoconfigure/context/LifecycleProperties
instanceKlass org/springframework/boot/autoconfigure/jackson/JacksonAutoConfiguration
instanceKlass org/springframework/boot/autoconfigure/jackson/JacksonAutoConfiguration$JacksonObjectMapperConfiguration
instanceKlass org/springframework/boot/autoconfigure/jackson/JacksonAutoConfiguration$ParameterNamesModuleConfiguration
instanceKlass org/springframework/boot/autoconfigure/jackson/JacksonAutoConfiguration$JacksonObjectMapperBuilderConfiguration
instanceKlass org/springframework/boot/autoconfigure/jackson/JacksonAutoConfiguration$Jackson2ObjectMapperBuilderCustomizerConfiguration$StandardJackson2ObjectMapperBuilderCustomizer
instanceKlass org/springframework/boot/autoconfigure/jackson/JacksonAutoConfiguration$Jackson2ObjectMapperBuilderCustomizerConfiguration
instanceKlass org/springframework/boot/availability/ApplicationAvailabilityBean
instanceKlass org/springframework/boot/availability/ApplicationAvailability
instanceKlass org/springframework/boot/autoconfigure/availability/ApplicationAvailabilityAutoConfiguration
instanceKlass org/springframework/boot/autoconfigure/aop/AopAutoConfiguration
instanceKlass org/springframework/boot/autoconfigure/aop/AopAutoConfiguration$AspectJAutoProxyingConfiguration
instanceKlass org/springframework/boot/autoconfigure/aop/AopAutoConfiguration$AspectJAutoProxyingConfiguration$CglibAutoProxyConfiguration
instanceKlass org/springframework/boot/autoconfigure/jackson/JacksonProperties
instanceKlass org/mybatis/spring/boot/autoconfigure/MybatisLanguageDriverAutoConfiguration
instanceKlass org/springframework/boot/autoconfigure/jdbc/DataSourceAutoConfiguration
instanceKlass org/springframework/boot/autoconfigure/jdbc/metadata/DataSourcePoolMetadataProvidersConfiguration$TomcatDataSourcePoolMetadataProviderConfiguration
instanceKlass org/springframework/boot/jdbc/metadata/DataSourcePoolMetadataProvider
instanceKlass org/springframework/boot/jdbc/metadata/DataSourcePoolMetadata
instanceKlass org/springframework/boot/autoconfigure/jdbc/metadata/DataSourcePoolMetadataProvidersConfiguration$HikariPoolDataSourceMetadataProviderConfiguration
instanceKlass org/springframework/boot/autoconfigure/condition/OnBeanCondition$SingleCandidateSpec$$Lambda$339
instanceKlass org/springframework/boot/autoconfigure/jdbc/metadata/DataSourcePoolMetadataProvidersConfiguration
instanceKlass org/springframework/boot/autoconfigure/jdbc/DataSourceProperties
instanceKlass org/springframework/boot/autoconfigure/sql/init/SqlInitializationAutoConfiguration
instanceKlass javax/sql/XADataSource
instanceKlass org/springframework/boot/autoconfigure/transaction/jta/JtaAutoConfiguration
instanceKlass org/springframework/boot/autoconfigure/transaction/jta/AtomikosJtaConfiguration
instanceKlass org/springframework/boot/autoconfigure/transaction/jta/JndiJtaConfiguration
instanceKlass org/springframework/boot/autoconfigure/orm/jpa/HibernateJpaAutoConfiguration
instanceKlass org/springframework/boot/autoconfigure/jms/artemis/ArtemisAutoConfiguration
instanceKlass org/springframework/boot/autoconfigure/jms/activemq/ActiveMQAutoConfiguration
instanceKlass org/springframework/boot/autoconfigure/jdbc/XADataSourceAutoConfiguration
instanceKlass org/springframework/http/client/ClientHttpRequestFactory
instanceKlass com/ais/cs/csmf/auth/sso/config/SsoFunctionConfig
instanceKlass com/ais/cs/csmf/auth/spring/sso/AuthSsoBeanRegister
instanceKlass com/ais/cs/csmf/auth/spring/sso/AuthSsoBeanInject
instanceKlass com/ais/cs/csmf/auth/spring/json/AuthJsonTemplateForJackson
instanceKlass com/ais/cs/csmf/auth/json/AuthJsonTemplate
instanceKlass com/ais/cs/csmf/auth/publisher/AuthEventPublisher
instanceKlass com/ais/cs/csmf/auth/context/AuthRequestContext
instanceKlass com/ais/cs/csmf/auth/sso/config/SsoConfig
instanceKlass com/ais/cs/csmf/auth/spring/AuthBeanRegister
instanceKlass com/ais/cs/csmf/auth/spring/AuthBeanInject
instanceKlass cn/hutool/extra/spring/SpringUtil
instanceKlass org/springframework/boot/autoconfigure/validation/ValidationAutoConfiguration
instanceKlass org/springframework/boot/autoconfigure/condition/OnBeanCondition$$Lambda$338
instanceKlass org/springframework/boot/autoconfigure/http/HttpMessageConverters
instanceKlass org/springframework/web/servlet/config/annotation/ResourceHandlerRegistration
instanceKlass org/springframework/validation/MessageCodeFormatter
instanceKlass org/springframework/boot/web/servlet/filter/OrderedFilter
instanceKlass org/springframework/boot/autoconfigure/web/servlet/WebMvcAutoConfiguration$WebMvcAutoConfigurationAdapter
instanceKlass javax/annotation/Nonnull
instanceKlass org/springframework/lang/Nullable
instanceKlass org/springframework/web/servlet/mvc/HttpRequestHandlerAdapter
instanceKlass org/springframework/web/servlet/handler/HandlerMappingIntrospector
instanceKlass org/springframework/web/cors/CorsConfigurationSource
instanceKlass org/springframework/web/servlet/function/support/HandlerFunctionAdapter
instanceKlass org/springframework/web/servlet/mvc/SimpleControllerHandlerAdapter
instanceKlass org/springframework/web/method/support/CompositeUriComponentsContributor
instanceKlass org/springframework/web/method/support/UriComponentsContributor
instanceKlass org/springframework/web/util/pattern/PathPatternParser
instanceKlass org/springframework/web/util/UrlPathHelper
instanceKlass org/springframework/web/servlet/handler/AbstractHandlerExceptionResolver
instanceKlass org/springframework/web/bind/support/ConfigurableWebBindingInitializer
instanceKlass org/springframework/web/servlet/resource/ResourceUrlProvider
instanceKlass org/springframework/web/servlet/HandlerAdapter
instanceKlass org/springframework/web/accept/ContentNegotiationManager
instanceKlass org/springframework/web/accept/MediaTypeFileExtensionResolver
instanceKlass org/springframework/web/accept/ContentNegotiationStrategy
instanceKlass org/springframework/web/servlet/FlashMapManager
instanceKlass org/springframework/web/servlet/ThemeResolver
instanceKlass org/springframework/web/servlet/RequestToViewNameTranslator
instanceKlass org/springframework/web/servlet/handler/MatchableHandlerMapping
instanceKlass org/springframework/web/bind/support/WebBindingInitializer
instanceKlass org/springframework/web/servlet/HandlerMapping
instanceKlass org/springframework/web/servlet/config/annotation/WebMvcConfigurationSupport
instanceKlass org/springframework/boot/autoconfigure/web/servlet/error/ErrorMvcAutoConfiguration$PreserveErrorControllerTargetClassPostProcessor
instanceKlass org/springframework/boot/autoconfigure/web/servlet/error/AbstractErrorController
instanceKlass org/springframework/boot/autoconfigure/web/servlet/error/ErrorMvcAutoConfiguration$ErrorPageCustomizer
instanceKlass org/springframework/boot/web/server/ErrorPageRegistrar
instanceKlass org/springframework/boot/web/servlet/error/DefaultErrorAttributes
instanceKlass org/springframework/web/servlet/HandlerExceptionResolver
instanceKlass org/springframework/boot/web/servlet/error/ErrorController
instanceKlass org/springframework/boot/autoconfigure/web/servlet/error/ErrorMvcAutoConfiguration
instanceKlass org/springframework/boot/autoconfigure/web/servlet/error/DefaultErrorViewResolver
instanceKlass org/springframework/boot/web/servlet/error/ErrorAttributes
instanceKlass org/springframework/boot/autoconfigure/web/servlet/WebMvcAutoConfiguration
instanceKlass org/springframework/boot/autoconfigure/web/servlet/error/ErrorViewResolver
instanceKlass org/springframework/boot/autoconfigure/web/servlet/error/ErrorMvcAutoConfiguration$DefaultErrorViewResolverConfiguration
instanceKlass org/springframework/boot/autoconfigure/web/WebProperties
instanceKlass org/springframework/web/servlet/View
instanceKlass org/springframework/boot/autoconfigure/web/servlet/error/ErrorMvcAutoConfiguration$WhitelabelErrorViewConfiguration
instanceKlass org/springframework/context/support/ApplicationObjectSupport
instanceKlass org/springframework/web/servlet/ViewResolver
instanceKlass org/springframework/boot/autoconfigure/task/TaskExecutionAutoConfiguration
instanceKlass org/springframework/boot/autoconfigure/web/servlet/DispatcherServletAutoConfiguration
instanceKlass org/springframework/boot/autoconfigure/web/servlet/DispatcherServletPath
instanceKlass org/springframework/boot/task/TaskExecutorBuilder
instanceKlass org/springframework/boot/autoconfigure/task/TaskExecutionProperties
instanceKlass org/springframework/aop/scope/ScopedProxyUtils
instanceKlass org/springframework/boot/autoconfigure/web/servlet/DispatcherServletAutoConfiguration$DispatcherServletRegistrationConfiguration
instanceKlass org/springframework/boot/autoconfigure/web/servlet/DispatcherServletAutoConfiguration$DispatcherServletConfiguration
instanceKlass org/springframework/boot/autoconfigure/web/servlet/WebMvcProperties
instanceKlass org/springframework/boot/autoconfigure/web/servlet/ServletWebServerFactoryAutoConfiguration$BeanPostProcessorsRegistrar$$Lambda$337
instanceKlass org/springframework/boot/web/server/ErrorPageRegistrarBeanPostProcessor
instanceKlass org/springframework/boot/autoconfigure/web/servlet/TomcatServletWebServerFactoryCustomizer
instanceKlass org/springframework/boot/autoconfigure/web/servlet/ServletWebServerFactoryCustomizer
instanceKlass org/springframework/boot/web/server/AbstractConfigurableWebServerFactory
instanceKlass org/springframework/boot/web/servlet/server/ConfigurableServletWebServerFactory
instanceKlass org/springframework/boot/web/servlet/WebListenerRegistry
instanceKlass org/springframework/boot/web/embedded/tomcat/ConfigurableTomcatWebServerFactory
instanceKlass org/springframework/boot/web/server/ConfigurableWebServerFactory
instanceKlass org/springframework/boot/autoconfigure/web/servlet/ServletWebServerFactoryAutoConfiguration$BeanPostProcessorsRegistrar$$Lambda$336
instanceKlass org/springframework/boot/web/server/WebServerFactoryCustomizerBeanPostProcessor
instanceKlass org/springframework/boot/context/properties/ConstructorBinding
instanceKlass org/springframework/boot/context/properties/ConfigurationPropertiesBindConstructorProvider
instanceKlass org/springframework/boot/context/properties/ConfigurationPropertiesBeanRegistrar$$Lambda$335
instanceKlass org/springframework/boot/context/properties/EnableConfigurationPropertiesRegistrar$$Lambda$334
instanceKlass org/springframework/boot/context/properties/EnableConfigurationPropertiesRegistrar$$Lambda$333
instanceKlass org/springframework/boot/context/properties/EnableConfigurationPropertiesRegistrar$$Lambda$332
instanceKlass org/springframework/boot/context/properties/ConfigurationPropertiesBeanRegistrar
instanceKlass org/springframework/boot/context/properties/EnableConfigurationPropertiesRegistrar$$Lambda$331
instanceKlass org/springframework/boot/validation/beanvalidation/MethodValidationExcludeFilter
instanceKlass org/springframework/boot/context/properties/BoundConfigurationProperties$$Lambda$330
instanceKlass org/springframework/boot/context/properties/BoundConfigurationProperties
instanceKlass org/springframework/boot/context/properties/ConfigurationPropertiesBinder$$Lambda$329
instanceKlass org/springframework/boot/context/properties/ConfigurationPropertiesBinder$Factory
instanceKlass org/springframework/boot/context/properties/ConfigurationPropertiesBinder
instanceKlass org/springframework/boot/context/properties/ConfigurationPropertiesBindingPostProcessor
instanceKlass org/springframework/boot/autoconfigure/web/servlet/ServletWebServerFactoryConfiguration$EmbeddedUndertow
instanceKlass org/springframework/boot/autoconfigure/web/servlet/ServletWebServerFactoryConfiguration$EmbeddedJetty
instanceKlass org/springframework/boot/autoconfigure/web/servlet/ServletWebServerFactoryConfiguration$EmbeddedTomcat
instanceKlass org/springframework/boot/autoconfigure/web/ServerProperties
instanceKlass org/springframework/boot/autoconfigure/websocket/servlet/WebSocketServletAutoConfiguration
instanceKlass org/springframework/boot/autoconfigure/websocket/servlet/TomcatWebSocketServletWebServerCustomizer
instanceKlass org/springframework/boot/web/server/WebServerFactoryCustomizer
instanceKlass org/springframework/boot/autoconfigure/websocket/servlet/WebSocketServletAutoConfiguration$TomcatWebSocketConfiguration
instanceKlass org/springframework/boot/web/servlet/server/ServletWebServerFactory
instanceKlass org/springframework/boot/web/server/WebServerFactory
instanceKlass org/springframework/boot/autoconfigure/web/servlet/ServletWebServerFactoryAutoConfiguration
instanceKlass org/springframework/boot/autoconfigure/context/PropertyPlaceholderAutoConfiguration
instanceKlass org/springframework/boot/autoconfigure/AutoConfigurationPackages$BasePackagesBeanDefinition$$Lambda$328
instanceKlass com/ais/bmc/ops/listener/OpsProcessDetailHandleStopListener
instanceKlass com/ais/bmc/ops/listener/OpsProcessDetailHandleStartListener
instanceKlass org/mybatis/spring/mapper/MapperScannerConfigurer
instanceKlass com/ais/wapi/persistance/config/SqlSessionTemplatePool
instanceKlass org/mybatis/spring/SqlSessionTemplate
instanceKlass org/apache/ibatis/session/SqlSession
instanceKlass java/util/stream/ForEachOps$ForEachOp
instanceKlass java/util/stream/ForEachOps
instanceKlass org/springframework/beans/factory/config/ConstructorArgumentValues$$Lambda$327
instanceKlass org/springframework/beans/factory/config/ConstructorArgumentValues$$Lambda$326
instanceKlass org/springframework/beans/factory/config/ConstructorArgumentValues$$Lambda$325
instanceKlass com/atomikos/jdbc/AbstractDataSourceBean
instanceKlass com/atomikos/datasource/pool/ConnectionPoolProperties
instanceKlass org/springframework/core/io/support/PropertiesLoaderSupport
instanceKlass org/springframework/boot/autoconfigure/AutoConfigurationPackages$BasePackages
instanceKlass org/springframework/boot/autoconfigure/AutoConfigurationPackages
instanceKlass org/springframework/boot/autoconfigure/AutoConfigurationPackages$PackageImports
instanceKlass org/springframework/beans/factory/config/ConstructorArgumentValues
instanceKlass org/springframework/beans/factory/config/ConstructorArgumentValues$ValueHolder
instanceKlass org/springframework/beans/factory/parsing/ConstructorArgumentEntry
instanceKlass org/springframework/beans/factory/parsing/ImportDefinition
instanceKlass org/springframework/beans/factory/parsing/PropertyEntry
instanceKlass org/springframework/util/xml/DomUtils
instanceKlass org/springframework/beans/factory/parsing/BeanEntry
instanceKlass org/springframework/beans/factory/parsing/ParseState
instanceKlass org/springframework/beans/factory/xml/DocumentDefaultsDefinition
instanceKlass org/springframework/beans/Mergeable
instanceKlass org/springframework/beans/factory/support/MethodOverride
instanceKlass org/springframework/beans/factory/parsing/ParseState$Entry
instanceKlass org/springframework/beans/factory/parsing/DefaultsDefinition
instanceKlass org/springframework/beans/factory/xml/BeanDefinitionParserDelegate
instanceKlass org/springframework/beans/factory/xml/DefaultNamespaceHandlerResolver
instanceKlass org/springframework/beans/factory/parsing/ReaderContext
instanceKlass org/springframework/beans/factory/parsing/ComponentDefinition
instanceKlass com/sun/org/apache/xerces/internal/xs/datatypes/ObjectList
instanceKlass com/sun/org/apache/xerces/internal/impl/xs/AttributePSVImpl
instanceKlass com/sun/org/apache/xerces/internal/xs/AttributePSVI
instanceKlass com/sun/org/apache/xerces/internal/impl/dtd/models/CMStateSet
instanceKlass com/sun/org/apache/xerces/internal/impl/xs/models/XSDFACM
instanceKlass com/sun/org/apache/xerces/internal/impl/dtd/models/CMNode
instanceKlass com/sun/org/apache/xerces/internal/impl/xs/XSConstraints$1
instanceKlass com/sun/org/apache/xerces/internal/impl/xs/XSConstraints
instanceKlass com/sun/org/apache/xerces/internal/impl/dv/xs/XSSimpleTypeDecl$ValidationContextImpl
instanceKlass com/sun/org/apache/xerces/internal/xs/ShortList
instanceKlass com/sun/org/apache/xerces/internal/impl/xs/traversers/XSDAbstractTraverser$FacetInfo
instanceKlass com/sun/org/apache/xerces/internal/impl/xs/XSModelGroupImpl
instanceKlass com/sun/org/apache/xerces/internal/xs/XSModelGroup
instanceKlass com/sun/org/apache/xerces/internal/impl/xs/XSWildcardDecl
instanceKlass com/sun/org/apache/xerces/internal/xs/XSWildcard
instanceKlass com/sun/org/apache/xerces/internal/impl/xs/util/XSObjectListImpl$1
instanceKlass com/sun/org/apache/xerces/internal/xs/XSObjectList
instanceKlass com/sun/org/apache/xerces/internal/xs/datatypes/XSQName
instanceKlass com/sun/org/apache/xerces/internal/impl/xs/XSAttributeUseImpl
instanceKlass com/sun/org/apache/xerces/internal/xs/XSAttributeUse
instanceKlass com/sun/org/apache/xerces/internal/impl/xs/XSAttributeGroupDecl
instanceKlass com/sun/org/apache/xerces/internal/xs/XSAttributeGroupDefinition
instanceKlass com/sun/org/apache/xerces/internal/impl/xs/XSAnnotationImpl
instanceKlass com/sun/org/apache/xerces/internal/xs/XSAnnotation
instanceKlass com/sun/org/apache/xerces/internal/impl/xs/opti/NamedNodeMapImpl
instanceKlass com/sun/org/apache/xerces/internal/impl/xs/identity/IdentityConstraint
instanceKlass com/sun/org/apache/xerces/internal/xs/XSIDCDefinition
instanceKlass com/sun/org/apache/xerces/internal/impl/xs/traversers/XSDAbstractParticleTraverser$ParticleArray
instanceKlass com/sun/org/apache/xerces/internal/impl/xs/traversers/XSDAbstractTraverser
instanceKlass com/sun/org/apache/xerces/internal/impl/xs/traversers/Container
instanceKlass com/sun/org/apache/xerces/internal/impl/xs/traversers/OneAttr
instanceKlass com/sun/org/apache/xerces/internal/impl/xs/util/XInt
instanceKlass com/sun/org/apache/xerces/internal/impl/xs/util/XIntPool
instanceKlass com/sun/org/apache/xerces/internal/impl/xs/traversers/XSAttributeChecker
instanceKlass com/sun/org/apache/xerces/internal/util/DOMUtil
instanceKlass com/sun/org/apache/xerces/internal/util/NamespaceSupport$Prefixes
instanceKlass com/sun/org/apache/xerces/internal/impl/xs/opti/DefaultNode
instanceKlass com/sun/org/apache/xerces/internal/impl/xs/traversers/XSDHandler$XSDKey
instanceKlass com/sun/org/apache/xerces/internal/impl/xs/XMLSchemaLoader$LocationArray
instanceKlass com/sun/org/apache/xerces/internal/impl/xs/XMLSchemaValidator$LocalIDKey
instanceKlass com/sun/org/apache/xerces/internal/impl/xs/XMLSchemaValidator$ValueStoreCache
instanceKlass com/sun/org/apache/xerces/internal/impl/xs/identity/XPathMatcher
instanceKlass com/sun/org/apache/xerces/internal/impl/xs/XMLSchemaValidator$XPathMatcherStack
instanceKlass com/sun/org/apache/xerces/internal/impl/xs/XSNotationDecl
instanceKlass com/sun/org/apache/xerces/internal/xs/XSNotationDeclaration
instanceKlass com/sun/org/apache/xerces/internal/impl/xs/opti/SchemaDOMParser$BooleanStack
instanceKlass com/sun/org/apache/xerces/internal/impl/xs/opti/DefaultXMLDocumentHandler
instanceKlass com/sun/org/apache/xerces/internal/impl/xs/traversers/XSDocumentInfo
instanceKlass com/sun/org/apache/xerces/internal/impl/xs/XSParticleDecl
instanceKlass com/sun/org/apache/xerces/internal/xs/XSParticle
instanceKlass com/sun/org/apache/xerces/internal/impl/xs/traversers/XSDHandler
instanceKlass com/sun/org/apache/xerces/internal/impl/xs/XSMessageFormatter
instanceKlass com/sun/org/apache/xerces/internal/util/DefaultErrorHandler
instanceKlass com/sun/org/apache/xerces/internal/impl/xs/XMLSchemaLoader
instanceKlass com/sun/org/apache/xerces/internal/xs/XSLoader
instanceKlass com/sun/org/apache/xerces/internal/xni/grammars/XMLGrammarLoader
instanceKlass com/sun/org/apache/xerces/internal/impl/xs/models/XSEmptyCM
instanceKlass com/sun/org/apache/xerces/internal/impl/xs/models/XSCMValidator
instanceKlass com/sun/org/apache/xerces/internal/impl/xs/models/CMBuilder
instanceKlass com/sun/org/apache/xerces/internal/impl/xs/models/CMNodeFactory
instanceKlass com/sun/org/apache/xerces/internal/impl/xs/XSAttributeDecl
instanceKlass com/sun/org/apache/xerces/internal/xs/XSAttributeDeclaration
instanceKlass com/sun/org/apache/xerces/internal/impl/xpath/regex/Token
instanceKlass com/sun/org/apache/xerces/internal/utils/SecuritySupport$7
instanceKlass com/sun/org/apache/xerces/internal/impl/xpath/regex/RegexParser
instanceKlass com/sun/org/apache/xerces/internal/impl/xpath/regex/REUtil
instanceKlass com/sun/org/apache/xerces/internal/impl/xpath/regex/RegularExpression
instanceKlass com/sun/org/apache/xerces/internal/impl/dv/xs/DecimalDV$XDecimal
instanceKlass com/sun/org/apache/xerces/internal/xs/datatypes/XSDecimal
instanceKlass com/sun/org/apache/xerces/internal/impl/dv/ValidatedInfo
instanceKlass com/sun/org/apache/xerces/internal/impl/dv/XSFacets
instanceKlass com/sun/org/apache/xerces/internal/impl/dv/xs/XSSimpleTypeDecl$4
instanceKlass com/sun/org/apache/xerces/internal/impl/dv/xs/XSSimpleTypeDecl$1
instanceKlass com/sun/org/apache/xerces/internal/impl/dv/xs/AbstractDateTimeDV$DateTimeData
instanceKlass com/sun/org/apache/xerces/internal/xs/datatypes/XSDateTime
instanceKlass javax/xml/datatype/DatatypeFactory
instanceKlass com/sun/org/apache/xerces/internal/impl/dv/xs/TypeValidator
instanceKlass com/sun/org/apache/xerces/internal/impl/dv/xs/XSSimpleTypeDecl
instanceKlass com/sun/org/apache/xerces/internal/impl/dv/XSSimpleType
instanceKlass com/sun/org/apache/xerces/internal/xs/XSSimpleTypeDefinition
instanceKlass com/sun/org/apache/xerces/internal/util/SymbolHash$Entry
instanceKlass com/sun/org/apache/xerces/internal/util/SymbolHash
instanceKlass com/sun/org/apache/xerces/internal/utils/SecuritySupport$3
instanceKlass com/sun/org/apache/xerces/internal/utils/SecuritySupport$2
instanceKlass com/sun/org/apache/xerces/internal/utils/SecuritySupport$1
instanceKlass com/sun/org/apache/xerces/internal/utils/ObjectFactory
instanceKlass com/sun/org/apache/xerces/internal/impl/dv/SchemaDVFactory
instanceKlass com/sun/org/apache/xerces/internal/impl/xs/XSGroupDecl
instanceKlass com/sun/org/apache/xerces/internal/xs/XSModelGroupDefinition
instanceKlass com/sun/org/apache/xerces/internal/impl/xs/util/SimpleLocator
instanceKlass com/sun/org/apache/xerces/internal/impl/xs/SchemaSymbols
instanceKlass com/sun/org/apache/xerces/internal/impl/xs/XSComplexTypeDecl
instanceKlass com/sun/org/apache/xerces/internal/xs/XSComplexTypeDefinition
instanceKlass com/sun/org/apache/xerces/internal/xs/XSTypeDefinition
instanceKlass com/sun/org/apache/xerces/internal/impl/xs/SchemaGrammar
instanceKlass com/sun/org/apache/xerces/internal/xs/XSNamespaceItem
instanceKlass com/sun/org/apache/xerces/internal/xni/grammars/XSGrammar
instanceKlass com/sun/org/apache/xerces/internal/xni/grammars/Grammar
instanceKlass com/sun/org/apache/xerces/internal/impl/xs/SubstitutionGroupHandler$OneSubGroup
instanceKlass com/sun/org/apache/xerces/internal/impl/xs/XSElementDecl
instanceKlass com/sun/org/apache/xerces/internal/xs/XSElementDeclaration
instanceKlass com/sun/org/apache/xerces/internal/xs/XSTerm
instanceKlass com/sun/org/apache/xerces/internal/xs/XSObject
instanceKlass com/sun/org/apache/xerces/internal/impl/xs/SubstitutionGroupHandler
instanceKlass com/sun/org/apache/xerces/internal/impl/xs/XSGrammarBucket
instanceKlass com/sun/org/apache/xerces/internal/xni/grammars/XMLSchemaDescription
instanceKlass com/sun/org/apache/xerces/internal/impl/xs/XMLSchemaValidator$XSIErrorReporter
instanceKlass com/sun/org/apache/xerces/internal/impl/xs/ElementPSVImpl
instanceKlass com/sun/org/apache/xerces/internal/xs/ElementPSVI
instanceKlass com/sun/org/apache/xerces/internal/xs/ItemPSVI
instanceKlass com/sun/org/apache/xerces/internal/impl/xs/XMLSchemaValidator
instanceKlass com/sun/org/apache/xerces/internal/impl/xs/identity/FieldActivator
instanceKlass com/sun/org/apache/xerces/internal/util/EntityResolverWrapper
instanceKlass org/springframework/beans/factory/xml/PluggableSchemaResolver
instanceKlass org/springframework/beans/factory/xml/BeansDtdResolver
instanceKlass org/springframework/beans/factory/xml/DelegatingEntityResolver
instanceKlass com/ais/cs/csmf/web/data/file/format/service/generator/ImportFormatGenerateService
instanceKlass com/ais/cs/csmf/web/data/file/exporter/service/downloader/FileExportDataDownloader
instanceKlass com/ais/cs/csmf/web/data/file/format/service/downloader/FileFormatDownloader
instanceKlass com/ais/cs/csmf/web/data/file/exporter/service/history/ExportHistoryProcessor
instanceKlass com/ais/cs/csmf/web/data/file/exporter/service/exporter/CatalogFileExporter
instanceKlass com/ais/cs/csmf/web/data/file/importer/service/history/ImportHistoryProcessor
instanceKlass com/ais/cs/csmf/web/data/file/common/HistoryProcessor
instanceKlass com/ais/cs/csmf/web/data/file/exporter/service/exporter/TaskFileExporter
instanceKlass com/ais/cs/csmf/web/data/file/importer/service/importer/FileImporter
instanceKlass com/ais/cs/csmf/web/data/file/exporter/service/exporter/ZipFileExporter
instanceKlass com/ais/cs/csmf/web/data/file/exporter/service/exporter/FileExporter
instanceKlass com/ais/cs/csmf/web/data/file/format/service/generator/FileFormatGenerator
instanceKlass com/ais/cs/csmf/web/data/file/format/service/setter/FileFormatSetter
instanceKlass com/ais/wapi/core/properties/WapiProperties
instanceKlass com/ais/cs/csmf/web/data/options/service/QueryOptionsService
instanceKlass com/ais/cs/csmf/security/web/captcha/service/sms/LocalValidateSmsService
instanceKlass com/ais/cs/csmf/security/web/captcha/service/sms/SmsService
instanceKlass com/ais/cs/csmf/security/web/captcha/service/pic/PicCaptchaService
instanceKlass com/ais/cs/csmf/security/web/captcha/service/puz/PuzCaptchaService
instanceKlass com/ais/cs/csmf/security/web/captcha/service/sms/SmsCaptchaService
instanceKlass com/ais/cs/csmf/security/web/captcha/service/CaptchaService
instanceKlass com/ais/cs/csmf/security/properties/OperationProperties
instanceKlass com/ais/cs/csmf/security/properties/SqlInjectProperties
instanceKlass com/ais/cs/csmf/auth/config/AuthConfig
instanceKlass com/ais/cs/csmf/security/properties/XssProperties
instanceKlass com/ais/cs/csmf/security/properties/LoginProperties
instanceKlass com/ais/cs/csmf/security/properties/AuthProperties
instanceKlass com/ais/cs/csmf/auth/resolver/SsoResolver
instanceKlass com/ais/cs/csmf/security/servlet/SessionAttributionListener
instanceKlass javax/servlet/http/HttpSessionAttributeListener
instanceKlass org/springframework/web/context/request/RequestContextListener
instanceKlass javax/servlet/ServletRequestListener
instanceKlass org/springframework/transaction/event/TransactionalEventListenerFactory
instanceKlass org/springframework/transaction/interceptor/TransactionAspectSupport
instanceKlass org/springframework/transaction/interceptor/TransactionAttributeSource
instanceKlass com/ais/cs/csmf/jdbc/DataSourceTemplate
instanceKlass org/springframework/boot/autoconfigure/jackson/Jackson2ObjectMapperBuilderCustomizer
instanceKlass com/ais/cs/csmf/cache/caffeine/CaffeineCacheManagerProvider
instanceKlass com/ais/cs/csmf/core/cache/CacheManagerProvider
instanceKlass com/github/benmanes/caffeine/cache/Expiry
instanceKlass org/springframework/cache/annotation/AbstractCachingConfiguration$CachingConfigurerSupplier
instanceKlass org/springframework/cache/annotation/CachingConfigurer
instanceKlass org/springframework/aop/support/AbstractPointcutAdvisor
instanceKlass org/springframework/aop/PointcutAdvisor
instanceKlass org/springframework/aop/Advisor
instanceKlass org/aopalliance/intercept/MethodInterceptor
instanceKlass org/aopalliance/intercept/Interceptor
instanceKlass org/aopalliance/aop/Advice
instanceKlass org/springframework/cache/interceptor/CacheOperationSource
instanceKlass org/springframework/boot/web/servlet/ServletComponentScanRegistrar$ServletComponentRegisteringPostProcessorBeanDefinition$$Lambda$324
instanceKlass org/springframework/scheduling/annotation/AsyncConfigurer
instanceKlass org/springframework/scheduling/annotation/ScheduledAnnotationBeanPostProcessor
instanceKlass org/springframework/scheduling/config/ScheduledTaskHolder
instanceKlass com/ais/cs/csmf/security/web/auth/core/authentication/process/LoginCheckProcessor
instanceKlass org/springframework/aop/config/AopConfigUtils
instanceKlass org/springframework/boot/web/servlet/ServletComponentRegisteringPostProcessor
instanceKlass org/springframework/web/servlet/config/annotation/CorsRegistry
instanceKlass org/springframework/web/servlet/config/annotation/AsyncSupportConfigurer
instanceKlass org/springframework/web/servlet/config/annotation/ViewResolverRegistry
instanceKlass org/springframework/web/servlet/config/annotation/ViewControllerRegistry
instanceKlass org/springframework/web/servlet/config/annotation/DefaultServletHandlerConfigurer
instanceKlass org/springframework/web/servlet/config/annotation/ResourceHandlerRegistry
instanceKlass org/springframework/validation/MessageCodesResolver
instanceKlass org/springframework/web/servlet/config/annotation/ContentNegotiationConfigurer
instanceKlass org/springframework/web/servlet/config/annotation/PathMatchConfigurer
instanceKlass org/springframework/validation/Validator
instanceKlass org/springframework/web/servlet/config/annotation/InterceptorRegistry
instanceKlass org/springframework/web/servlet/HandlerInterceptor
instanceKlass org/springframework/web/servlet/LocaleResolver
instanceKlass com/ais/cs/csmf/log/autoclear/properties/LogClearProperties
instanceKlass com/ais/cs/csmf/i18n/service/I18nMsgService
instanceKlass com/ais/cs/csmf/license/properties/TextLicenseProperties
instanceKlass com/ais/cs/csmf/core/license/LicenseService
instanceKlass springfox/documentation/spring/web/plugins/Docket
instanceKlass springfox/documentation/service/ApiInfo
instanceKlass springfox/documentation/spring/web/json/JacksonModuleRegistrar
instanceKlass springfox/documentation/spring/web/WebMvcObjectMapperConfigurer
instanceKlass springfox/documentation/spring/web/DocumentationCache
instanceKlass springfox/documentation/spring/web/DescriptionResolver
instanceKlass springfox/documentation/spring/web/json/JsonSerializer
instanceKlass springfox/documentation/spring/web/readers/operation/HandlerMethodResolver
instanceKlass springfox/documentation/spi/service/contexts/Defaults
instanceKlass springfox/documentation/PathProvider
instanceKlass org/springframework/context/annotation/BeanAnnotationHelper
instanceKlass com/fasterxml/classmate/TypeResolver
instanceKlass org/springframework/util/ReflectionUtils$$Lambda$323
instanceKlass org/springframework/beans/factory/support/AbstractAutowireCapableBeanFactory$$Lambda$322
instanceKlass springfox/documentation/oas/mappers/LicenseMapper
instanceKlass springfox/documentation/oas/mappers/ServiceModelToOpenApiMapper
instanceKlass springfox/documentation/oas/mappers/ExamplesMapperImpl
instanceKlass springfox/documentation/oas/mappers/ExamplesMapper
instanceKlass springfox/documentation/oas/mappers/SchemaMapper
instanceKlass springfox/documentation/oas/mappers/SecurityMapper
instanceKlass springfox/documentation/oas/mappers/SecuritySchemeMapper
instanceKlass springfox/documentation/oas/mappers/StyleEnumMapper
instanceKlass springfox/documentation/oas/mappers/VendorExtensionsMapper
instanceKlass springfox/documentation/oas/web/OpenApiControllerWebMvc
instanceKlass com/ais/cs/ddi/service/cache/CacheService
instanceKlass org/springframework/boot/autoconfigure/condition/OnBeanCondition$MatchResult
instanceKlass org/springframework/boot/autoconfigure/condition/OnBeanCondition$Spec$$Lambda$321
instanceKlass springfox/documentation/swagger2/configuration/Swagger2WebFluxConfiguration
instanceKlass springfox/documentation/swagger2/configuration/Swagger2WebMvcConfiguration
instanceKlass springfox/documentation/spring/web/SpringfoxWebMvcConfiguration
instanceKlass springfox/documentation/spring/web/SpringfoxWebFluxConfiguration
instanceKlass springfox/documentation/spring/web/SpringfoxWebConfiguration
instanceKlass springfox/documentation/swagger/configuration/SwaggerCommonConfiguration
instanceKlass springfox/documentation/swagger2/web/WebMvcSwaggerTransformationFilter
instanceKlass springfox/documentation/swagger2/web/SwaggerTransformationFilter
instanceKlass springfox/documentation/spi/service/contexts/DocumentationContext
instanceKlass springfox/documentation/spi/service/ModelNamesRegistryFactoryPlugin
instanceKlass springfox/documentation/spi/service/ApiListingScannerPlugin
instanceKlass springfox/documentation/spi/service/DefaultsProviderPlugin
instanceKlass springfox/documentation/spi/service/DocumentationPlugin
instanceKlass springfox/documentation/schema/configuration/ModelsConfiguration
instanceKlass springfox/documentation/spi/schema/contexts/ModelContext
instanceKlass org/springframework/plugin/core/PluginRegistrySupport
instanceKlass org/springframework/plugin/core/PluginRegistry
instanceKlass org/springframework/plugin/metadata/SimplePluginMetadata
instanceKlass org/springframework/plugin/metadata/PluginMetadata
instanceKlass org/springframework/plugin/core/support/AbstractTypeAwareSupport
instanceKlass org/springframework/beans/factory/annotation/RequiredAnnotationBeanPostProcessor
instanceKlass springfox/documentation/spi/schema/SyntheticModelProviderPlugin
instanceKlass org/springframework/context/annotation/ConfigurationClassBeanDefinitionReader$$Lambda$320
instanceKlass org/springframework/context/annotation/ConfigurationClassBeanDefinitionReader$$Lambda$319
instanceKlass org/springframework/context/annotation/ConfigurationClassBeanDefinitionReader$TrackedConditionEvaluator
instanceKlass org/springframework/jdbc/datasource/init/DatabasePopulator
instanceKlass org/springframework/boot/sql/init/dependency/DatabaseInitializationDependencyConfigurer
instanceKlass org/springframework/boot/autoconfigure/condition/ConditionalOnResource
instanceKlass org/springframework/web/servlet/view/freemarker/FreeMarkerConfig
instanceKlass org/springframework/boot/autoconfigure/condition/ConditionalOnNotWebApplication
instanceKlass org/springframework/cache/caffeine/CaffeineCacheManager
instanceKlass com/github/benmanes/caffeine/cache/Caffeine
instanceKlass org/springframework/cache/Cache
instanceKlass org/springframework/boot/autoconfigure/cache/CacheConfigurations$$Lambda$318
instanceKlass org/springframework/boot/autoconfigure/cache/NoOpCacheConfiguration
instanceKlass org/springframework/boot/autoconfigure/cache/SimpleCacheConfiguration
instanceKlass org/springframework/boot/autoconfigure/cache/Cache2kCacheConfiguration
instanceKlass org/springframework/boot/autoconfigure/cache/CaffeineCacheConfiguration
instanceKlass org/springframework/boot/autoconfigure/cache/RedisCacheConfiguration
instanceKlass org/springframework/boot/autoconfigure/cache/CouchbaseCacheConfiguration
instanceKlass org/springframework/boot/autoconfigure/cache/JCacheCacheConfiguration
instanceKlass org/springframework/boot/autoconfigure/cache/InfinispanCacheConfiguration
instanceKlass org/springframework/boot/autoconfigure/cache/HazelcastCacheConfiguration
instanceKlass org/springframework/boot/autoconfigure/cache/EhCacheCacheConfiguration
instanceKlass org/springframework/boot/autoconfigure/cache/GenericCacheConfiguration
instanceKlass org/springframework/boot/autoconfigure/cache/CacheConfigurations
instanceKlass org/springframework/boot/autoconfigure/cache/CacheAutoConfiguration$CacheConfigurationImportSelector
instanceKlass org/springframework/context/annotation/AspectJAutoProxyRegistrar
instanceKlass org/springframework/context/annotation/EnableAspectJAutoProxy
instanceKlass org/aspectj/weaver/ShadowMunger
instanceKlass org/aspectj/weaver/IHasPosition
instanceKlass org/aspectj/util/PartialOrder$PartialComparable
instanceKlass org/mybatis/spring/boot/autoconfigure/MybatisAutoConfiguration$AutoConfiguredMapperScannerRegistrar
instanceKlass oracle/jdbc/OracleConnection
instanceKlass java/sql/Connection
instanceKlass org/apache/tomcat/jdbc/pool/DataSourceProxy
instanceKlass javax/sql/ConnectionPoolDataSource
instanceKlass org/apache/tomcat/jdbc/pool/jmx/ConnectionPoolMBean
instanceKlass org/apache/tomcat/jdbc/pool/PoolConfiguration
instanceKlass org/springframework/boot/jdbc/DataSourceBuilder$MappedDataSourceProperties$$Lambda$317
instanceKlass org/springframework/boot/jdbc/DataSourceBuilder$MappedDataSourceProperties$$Lambda$316
instanceKlass org/springframework/boot/jdbc/DataSourceBuilder$MappedDataSourceProperties$$Lambda$315
instanceKlass org/springframework/boot/jdbc/DataSourceBuilder$MappedDataSourceProperties$$Lambda$314
instanceKlass org/springframework/boot/jdbc/DataSourceBuilder$HikariDataSourceProperties$$Lambda$313
instanceKlass org/springframework/boot/jdbc/DataSourceBuilder$HikariDataSourceProperties$$Lambda$312
instanceKlass org/springframework/boot/jdbc/DataSourceBuilder$HikariDataSourceProperties$$Lambda$311
instanceKlass org/springframework/boot/jdbc/DataSourceBuilder$HikariDataSourceProperties$$Lambda$310
instanceKlass org/springframework/boot/jdbc/DataSourceBuilder$HikariDataSourceProperties$$Lambda$309
instanceKlass org/springframework/boot/jdbc/DataSourceBuilder$HikariDataSourceProperties$$Lambda$308
instanceKlass org/springframework/boot/jdbc/DataSourceBuilder$HikariDataSourceProperties$$Lambda$307
instanceKlass org/springframework/boot/jdbc/DataSourceBuilder$HikariDataSourceProperties$$Lambda$306
instanceKlass org/springframework/boot/jdbc/DataSourceBuilder$MappedDataSourceProperty
instanceKlass org/springframework/boot/jdbc/DataSourceBuilder$ReflectionDataSourceProperties
instanceKlass org/springframework/boot/jdbc/DataSourceBuilder$Getter
instanceKlass org/springframework/boot/jdbc/DataSourceBuilder$Setter
instanceKlass com/zaxxer/hikari/HikariConfig
instanceKlass com/zaxxer/hikari/HikariConfigMXBean
instanceKlass org/springframework/boot/jdbc/DataSourceBuilder$MappedDataSourceProperties$$Lambda$305
instanceKlass org/springframework/boot/jdbc/DataSourceBuilder$MappedDataSourceProperties
instanceKlass org/springframework/boot/jdbc/DataSourceBuilder$DataSourceProperties
instanceKlass org/springframework/boot/jdbc/DataSourceBuilder
instanceKlass org/springframework/boot/autoconfigure/condition/AbstractNestedCondition$MemberOutcomes
instanceKlass org/springframework/boot/autoconfigure/condition/AbstractNestedCondition$MemberConditions$$Lambda$304
instanceKlass org/springframework/boot/autoconfigure/condition/AbstractNestedCondition$MemberMatchOutcomes
instanceKlass org/springframework/boot/autoconfigure/condition/AbstractNestedCondition$MemberConditions
instanceKlass com/atomikos/icatch/jta/UserTransactionManager
instanceKlass javax/transaction/UserTransaction
instanceKlass org/springframework/transaction/support/AbstractPlatformTransactionManager
instanceKlass org/springframework/transaction/jta/TransactionFactory
instanceKlass org/springframework/boot/autoconfigure/condition/ConditionalOnJndi
instanceKlass com/ais/cs/csmf/auth/sso/SsoManager
instanceKlass org/springframework/boot/autoconfigure/web/WebProperties$Resources$Chain
instanceKlass org/springframework/boot/autoconfigure/web/ConditionalOnEnabledResourceChain
instanceKlass org/apache/jasper/compiler/JspConfig
instanceKlass org/springframework/boot/context/properties/bind/Binder$$Lambda$303
instanceKlass org/springframework/boot/context/properties/bind/JavaBeanBinder$BeanProperty$$Lambda$302
instanceKlass sun/reflect/generics/tree/VoidDescriptor
instanceKlass org/springframework/boot/context/properties/bind/JavaBeanBinder$Bean$$Lambda$301
instanceKlass org/springframework/boot/context/properties/bind/JavaBeanBinder$BeanSupplier
instanceKlass org/springframework/boot/context/properties/bind/JavaBeanBinder$Bean$$Lambda$300
instanceKlass org/springframework/boot/context/properties/bind/JavaBeanBinder$Bean$$Lambda$299
instanceKlass org/springframework/boot/context/properties/bind/JavaBeanBinder$Bean$$Lambda$298
instanceKlass org/springframework/boot/context/properties/bind/JavaBeanBinder$Bean$$Lambda$297
instanceKlass org/springframework/boot/context/properties/bind/JavaBeanBinder$BeanProperty
instanceKlass org/springframework/boot/context/properties/bind/JavaBeanBinder$Bean$$Lambda$296
instanceKlass org/springframework/boot/context/properties/bind/JavaBeanBinder$Bean$$Lambda$295
instanceKlass org/springframework/boot/context/properties/bind/JavaBeanBinder$Bean$$Lambda$294
instanceKlass org/springframework/boot/context/properties/bind/JavaBeanBinder$Bean$$Lambda$293
instanceKlass java/lang/invoke/LambdaForm$BMH
instanceKlass java/lang/invoke/LambdaForm$BMH
instanceKlass java/lang/invoke/LambdaForm$MH
instanceKlass java/lang/invoke/LambdaForm$MH
instanceKlass java/lang/invoke/LambdaForm$BMH
instanceKlass java/lang/invoke/LambdaForm$BMH
instanceKlass java/lang/invoke/LambdaForm$BMH
instanceKlass java/lang/invoke/LambdaForm$BMH
instanceKlass java/lang/invoke/LambdaForm$BMH
instanceKlass sun/invoke/util/ValueConversions$WrapperCache
instanceKlass java/lang/invoke/LambdaForm$MH
instanceKlass java/lang/invoke/LambdaForm$DMH
instanceKlass java/lang/invoke/LambdaForm$DMH
instanceKlass java/lang/invoke/MethodHandleImpl$BindCaller$T
instanceKlass java/lang/invoke/LambdaForm$BMH
instanceKlass java/lang/invoke/LambdaForm$MH
instanceKlass java/lang/invoke/LambdaForm$DMH
instanceKlass java/lang/invoke/LambdaForm$DMH
instanceKlass java/lang/invoke/LambdaForm$MH
instanceKlass java/lang/invoke/LambdaForm$DMH
instanceKlass java/lang/invoke/LambdaForm$DMH
instanceKlass java/lang/invoke/MethodHandleImpl$ArrayAccessor
instanceKlass java/lang/invoke/LambdaForm$BMH
instanceKlass java/lang/invoke/MethodHandleImpl$BindCaller$T
instanceKlass java/lang/invoke/MethodHandleImpl$BindCaller$2
instanceKlass java/lang/invoke/MethodHandleImpl$BindCaller
instanceKlass org/springframework/boot/autoconfigure/web/servlet/JspTemplateAvailabilityProvider
instanceKlass org/springframework/boot/autoconfigure/thymeleaf/ThymeleafTemplateAvailabilityProvider
instanceKlass org/springframework/boot/autoconfigure/mustache/MustacheTemplateAvailabilityProvider
instanceKlass org/springframework/boot/autoconfigure/template/PathBasedTemplateAvailabilityProvider$TemplateAvailabilityProperties
instanceKlass org/springframework/boot/autoconfigure/template/PathBasedTemplateAvailabilityProvider
instanceKlass org/springframework/boot/autoconfigure/template/TemplateAvailabilityProviders$NoTemplateAvailabilityProvider
instanceKlass org/springframework/boot/autoconfigure/template/TemplateAvailabilityProvider
instanceKlass org/springframework/boot/autoconfigure/template/TemplateAvailabilityProviders
instanceKlass springfox/documentation/schema/DefaultModelSpecificationProvider
instanceKlass springfox/documentation/schema/DefaultModelProvider
instanceKlass springfox/documentation/schema/JacksonEnumTypeDeterminer
instanceKlass springfox/documentation/spi/schema/EnumTypeDeterminer
instanceKlass springfox/documentation/schema/DefaultModelDependencyProvider
instanceKlass springfox/documentation/schema/CachingModelProvider
instanceKlass springfox/documentation/schema/ModelSpecificationProvider
instanceKlass springfox/documentation/schema/ModelProvider
instanceKlass springfox/documentation/schema/property/ModelSpecificationFactory
instanceKlass springfox/documentation/schema/property/FactoryMethodProvider
instanceKlass springfox/documentation/schema/property/OptimizedModelPropertiesProvider
instanceKlass springfox/documentation/schema/property/XmlPropertyPlugin
instanceKlass springfox/documentation/schema/property/field/FieldProvider
instanceKlass springfox/documentation/schema/property/bean/AccessorsProvider
instanceKlass springfox/documentation/schema/property/ObjectMapperBeanPropertyNamingStrategy
instanceKlass springfox/documentation/schema/property/BeanPropertyNamingStrategy
instanceKlass springfox/documentation/schema/property/CachingModelPropertiesProvider
instanceKlass springfox/documentation/schema/property/ModelPropertiesProvider
instanceKlass springfox/documentation/schema/plugins/JsonIgnorePropertiesModelPlugin
instanceKlass springfox/documentation/schema/plugins/SchemaPluginsManager
instanceKlass springfox/documentation/schema/plugins/XmlModelPlugin
instanceKlass springfox/documentation/schema/plugins/PropertyDiscriminatorBasedInheritancePlugin
instanceKlass springfox/documentation/schema/TypeNameExtractor
instanceKlass springfox/documentation/schema/CachingModelDependencyProvider
instanceKlass springfox/documentation/schema/ModelDependencyProvider
instanceKlass springfox/documentation/schema/JacksonJsonViewProvider
instanceKlass springfox/documentation/spi/schema/ViewProviderPlugin
instanceKlass springfox/documentation/spring/web/paths/OperationPathDecorator
instanceKlass springfox/documentation/spring/web/paths/PathSanitizer
instanceKlass springfox/documentation/spring/web/paths/PathMappingDecorator
instanceKlass springfox/documentation/spring/web/paths/QueryStringUriTemplateDecorator
instanceKlass springfox/documentation/service/PathDecorator
instanceKlass springfox/documentation/spring/web/plugins/WebMvcRequestHandlerProvider
instanceKlass springfox/documentation/spi/service/RequestHandlerProvider
instanceKlass springfox/documentation/spring/web/plugins/DocumentationPluginsManager
instanceKlass springfox/documentation/spring/web/plugins/AbstractDocumentationPluginsBootstrapper
instanceKlass springfox/documentation/spring/web/plugins/DefaultResponseTypeReader
instanceKlass springfox/documentation/spi/service/ResponseBuilderPlugin
instanceKlass springfox/documentation/spring/web/readers/parameter/ExpandedParameterBuilder
instanceKlass springfox/documentation/spring/web/readers/parameter/ParameterNameReader
instanceKlass springfox/documentation/spring/web/readers/parameter/ParameterDefaultReader
instanceKlass springfox/documentation/spring/web/readers/parameter/ParameterDataTypeReader
instanceKlass springfox/documentation/spring/web/readers/parameter/ParameterRequiredReader
instanceKlass springfox/documentation/spring/web/readers/parameter/ParameterTypeReader
instanceKlass springfox/documentation/spring/web/readers/parameter/ModelAttributeParameterExpander
instanceKlass springfox/documentation/spring/web/readers/parameter/ParameterMultiplesReader
instanceKlass springfox/documentation/spring/web/readers/operation/CachingOperationNameGenerator
instanceKlass springfox/documentation/OperationNameGenerator
instanceKlass springfox/documentation/spring/web/readers/operation/OperationResponseClassReader
instanceKlass springfox/documentation/spring/web/readers/operation/ContentParameterAggregator
instanceKlass springfox/documentation/spring/web/readers/operation/ParameterAggregator
instanceKlass springfox/documentation/spring/web/readers/operation/AbstractOperationParameterRequestConditionReader
instanceKlass springfox/documentation/spring/web/readers/operation/DefaultOperationReader
instanceKlass springfox/documentation/spring/web/readers/operation/ApiOperationReader
instanceKlass springfox/documentation/spring/web/readers/operation/OperationTagsReader
instanceKlass springfox/documentation/spring/web/readers/operation/OperationParameterReader
instanceKlass springfox/documentation/spring/web/readers/operation/ResponseMessagesReader
instanceKlass springfox/documentation/spring/web/readers/operation/OperationDeprecatedReader
instanceKlass springfox/documentation/spring/web/readers/operation/OperationModelsProvider
instanceKlass springfox/documentation/spring/web/scanners/ApiDescriptionLookup
instanceKlass springfox/documentation/spring/web/scanners/ApiModelReader
instanceKlass springfox/documentation/spring/web/scanners/ApiListingScanner
instanceKlass springfox/documentation/spring/web/scanners/MediaTypeReader
instanceKlass springfox/documentation/spring/web/scanners/CachingOperationReader
instanceKlass springfox/documentation/spring/web/readers/operation/OperationReader
instanceKlass springfox/documentation/spring/web/scanners/ApiModelSpecificationReader
instanceKlass springfox/documentation/spring/web/scanners/ApiListingReader
instanceKlass springfox/documentation/spring/web/scanners/ApiDescriptionReader
instanceKlass springfox/documentation/spring/web/scanners/ApiDocumentationScanner
instanceKlass springfox/documentation/spring/web/scanners/ApiListingReferenceScanner
instanceKlass springfox/documentation/swagger/web/ApiResourceController
instanceKlass springfox/documentation/swagger/web/InMemorySwaggerResourcesProvider
instanceKlass springfox/documentation/swagger/web/SwaggerResourcesProvider
instanceKlass springfox/documentation/swagger/web/SwaggerApiListingReader
instanceKlass springfox/documentation/spi/service/ApiListingBuilderPlugin
instanceKlass springfox/documentation/swagger/readers/parameter/OpenApiParameterBuilder
instanceKlass springfox/documentation/swagger/readers/parameter/SwaggerExpandedParameterBuilder
instanceKlass springfox/documentation/spi/service/ExpandedParameterBuilderPlugin
instanceKlass springfox/documentation/swagger/readers/parameter/ApiParamParameterBuilder
instanceKlass springfox/documentation/spi/service/ParameterBuilderPlugin
instanceKlass springfox/documentation/swagger/readers/operation/SwaggerOperationTagsReader
instanceKlass springfox/documentation/swagger/readers/operation/OperationNotesReader
instanceKlass springfox/documentation/swagger/readers/operation/OpenApiResponseReader
instanceKlass springfox/documentation/swagger/readers/operation/OperationPositionReader
instanceKlass springfox/documentation/swagger/readers/operation/OperationNicknameIntoUniqueIdReader
instanceKlass springfox/documentation/swagger/readers/operation/SwaggerResponseMessageReader
instanceKlass springfox/documentation/swagger/readers/operation/OpenApiOperationTagsReader
instanceKlass springfox/documentation/swagger/readers/operation/OperationSummaryReader
instanceKlass springfox/documentation/swagger/readers/operation/OperationHiddenReader
instanceKlass springfox/documentation/swagger/readers/operation/OperationAuthReader
instanceKlass springfox/documentation/swagger/readers/operation/OperationImplicitParametersReader
instanceKlass springfox/documentation/swagger/readers/operation/OperationHttpMethodReader
instanceKlass springfox/documentation/swagger/readers/operation/SwaggerMediaTypeReader
instanceKlass springfox/documentation/swagger/readers/operation/OpenApiOperationAuthReader
instanceKlass springfox/documentation/swagger/readers/operation/SwaggerOperationModelsProvider
instanceKlass springfox/documentation/spi/service/OperationModelsProviderPlugin
instanceKlass springfox/documentation/swagger/readers/operation/SwaggerOperationResponseClassReader
instanceKlass springfox/documentation/swagger/readers/operation/VendorExtensionsReader
instanceKlass springfox/documentation/swagger/readers/operation/OperationImplicitParameterReader
instanceKlass springfox/documentation/spi/service/OperationBuilderPlugin
instanceKlass springfox/documentation/swagger/schema/ApiModelBuilder
instanceKlass springfox/documentation/spi/schema/ModelBuilderPlugin
instanceKlass springfox/documentation/schema/DefaultTypeNameProvider
instanceKlass springfox/documentation/spi/schema/TypeNameProviderPlugin
instanceKlass springfox/documentation/swagger/schema/ApiModelPropertyPropertyBuilder
instanceKlass springfox/documentation/swagger/schema/OpenApiSchemaPropertyBuilder
instanceKlass springfox/documentation/spi/schema/ModelPropertyBuilderPlugin
instanceKlass org/springframework/plugin/core/Plugin
instanceKlass springfox/documentation/swagger2/web/Swagger2ControllerWebMvc
instanceKlass springfox/documentation/swagger2/mappers/SecurityMapper
instanceKlass springfox/documentation/swagger2/mappers/LicenseMapper
instanceKlass springfox/documentation/swagger2/mappers/ModelSpecificationMapper
instanceKlass springfox/documentation/swagger2/mappers/RequestParameterMapper
instanceKlass springfox/documentation/swagger2/mappers/ModelMapper
instanceKlass springfox/documentation/swagger2/mappers/ParameterMapper
instanceKlass springfox/documentation/swagger2/mappers/CompatibilityModelMapper
instanceKlass springfox/documentation/swagger2/mappers/PropertyMapper
instanceKlass springfox/documentation/swagger2/mappers/VendorExtensionsMapper
instanceKlass springfox/documentation/swagger2/mappers/ServiceModelToSwagger2Mapper
instanceKlass com/ais/cs/csmf/web/data/file/exporter/controller/FileExportController
instanceKlass com/ais/cs/csmf/web/data/file/format/controller/FileFormatController
instanceKlass com/ais/cs/csmf/web/data/file/importer/controller/FileImportController
instanceKlass com/ais/cs/csmf/web/data/options/controller/DataQueryRestController
instanceKlass com/ais/cs/csmf/configuration/CsmfDataConfiguration
instanceKlass com/ais/cs/csmf/configuration/CsmfConfiguration
instanceKlass com/ais/wapi/transform/impl/ListRowValueTransform
instanceKlass com/ais/wapi/persistance/StdMultiUpdateServiceImpl
instanceKlass com/ais/wapi/persistance/MultiTablesOperationServiceImpl
instanceKlass com/ais/wapi/persistance/service/MultiTablesOperationService
instanceKlass com/ais/wapi/persistance/StdSimpleQueryWithAdditionColumnImpl
instanceKlass com/ais/wapi/persistance/StdSingleDeleteServiceImpl
instanceKlass com/ais/wapi/persistance/StdCollectionIsEmptyBranchImpl
instanceKlass com/ais/wapi/persistance/StdMultiInsertServiceImpl
instanceKlass com/ais/wapi/persistance/StdMultiDeleteServiceImpl
instanceKlass com/ais/wapi/persistance/service/DeletePersistanceService
instanceKlass com/ais/wapi/persistance/StdSingleInsertServiceImpl
instanceKlass com/ais/wapi/persistance/StdSimpleQueryServiceImpl
instanceKlass com/ais/wapi/persistance/StdSingleUpdateServiceImpl
instanceKlass com/ais/wapi/persistance/service/ModifyPersistanceService
instanceKlass com/ais/wapi/manager/service/impl/InstanceFlowServiceImpl
instanceKlass com/ais/wapi/manager/service/InstanceFlowService
instanceKlass com/ais/wapi/manager/service/impl/WapiServiceImpl
instanceKlass com/ais/wapi/manager/service/WapiService
instanceKlass com/ais/wapi/manager/controller/AsyncUploadFileController
instanceKlass com/ais/wapi/manager/controller/WapiController
instanceKlass com/ais/wapi/manager/controller/WapiV2RestController
instanceKlass com/ais/wapi/validator/UniquenessCheck
instanceKlass com/ais/wapi/validator/ParamValidator
instanceKlass com/ais/wapi/validator/ReferenceValidatorWithConcreteInfo
instanceKlass com/ais/wapi/validator/ReferenceValidator
instanceKlass com/ais/wapi/core/service/WapiResourceService
instanceKlass com/ais/wapi/core/logs/WapiLogProcess
instanceKlass com/ais/wapi/core/DefaultWapiInterceptor
instanceKlass com/ais/wapi/core/WapiInterceptor
instanceKlass com/ais/wapi/configuration/CsmfWapiConfiguration
instanceKlass com/ais/wapi/preoperate/DatePickerPreOperate
instanceKlass com/ais/cs/csmf/dataconfig/ConfigXml
instanceKlass com/ais/cs/csmf/dataconfig/DBScriptConfig
instanceKlass com/ais/cs/csmf/web/transform/OperateLogTransform
instanceKlass com/ais/cs/csmf/web/transform/RoleTransform
instanceKlass com/ais/cs/csmf/web/transform/UserManageSearchTransform
instanceKlass com/ais/cs/csmf/web/custom/MailServerModifyCustomServiceImpl
instanceKlass com/ais/cs/csmf/web/custom/UserRightQueryServiceImpl
instanceKlass com/ais/cs/csmf/web/custom/MailServerTestCustomServiceImpl
instanceKlass com/ais/cs/csmf/web/custom/UserCkeckAuthorityTaskUnit
instanceKlass com/ais/cs/csmf/web/custom/UserAddRolesServiceImpl
instanceKlass com/ais/cs/csmf/web/custom/UserRoleUpdateImpl
instanceKlass com/ais/cs/csmf/web/custom/UserRightViewQueryServiceImpl
instanceKlass com/ais/cs/csmf/web/custom/UserImportPreOperatonServiceImpl
instanceKlass com/ais/cs/csmf/web/custom/UserAddRolesForImportServiceImpl
instanceKlass com/ais/cs/csmf/web/custom/UserRightUpdateServiceImpl
instanceKlass com/ais/cs/csmf/web/custom/RoleCkeckAuthorityTaskUnit
instanceKlass com/ais/cs/csmf/web/custom/MailServerCustomServiceImpl
instanceKlass com/ais/cs/csmf/web/custom/UserResetPassWordCkeckAuthorityTaskUnit
instanceKlass com/ais/cs/csmf/web/validator/AreaDeleteValidator
instanceKlass com/ais/wapi/validator/WapiValidator
instanceKlass com/ais/cs/csmf/web/branch/AreaManageBranch
instanceKlass com/ais/wapi/persistance/service/BusinessBranchService
instanceKlass com/ais/wapi/core/unit/WapiGatewayUnit
instanceKlass com/ais/cs/csmf/web/preOperate/AreaManagePreOperate
instanceKlass com/ais/cs/csmf/web/preOperate/RoleQueryPreOperate
instanceKlass com/ais/cs/csmf/web/preOperate/UserAddForImportPreOperate
instanceKlass com/ais/cs/csmf/web/preOperate/UserManageMD5PreOperate
instanceKlass com/ais/cs/csmf/web/preOperate/PasswordRestPreOperate
instanceKlass com/ais/cs/csmf/web/preOperate/UserManageSdPreOperate
instanceKlass com/ais/cs/csmf/web/preOperate/UserManagePreOperate
instanceKlass com/ais/cs/csmf/web/preOperate/RoleAddPreOperate
instanceKlass com/ais/cs/csmf/web/preOperate/UserManageCreateUserPreOperate
instanceKlass com/ais/cs/csmf/web/preOperate/UserManageSearchPreOperate
instanceKlass com/ais/cs/csmf/web/preOperate/OperateLogQueryPreOperate
instanceKlass com/ais/cs/csmf/security/web/captcha/controller/CaptchaController
instanceKlass com/ais/cs/csmf/security/web/auth/event/listener/DefaultTempLoginListener
instanceKlass com/ais/cs/csmf/security/web/auth/event/listener/DefaultLoginListener
instanceKlass com/ais/cs/csmf/security/web/auth/service/impl/PasswordRestServiceImpl
instanceKlass com/ais/cs/csmf/security/web/auth/service/PasswordRestService
instanceKlass com/ais/cs/csmf/security/web/auth/service/impl/LoginRestServiceImpl
instanceKlass com/ais/cs/csmf/security/web/auth/service/LoginRestService
instanceKlass com/ais/cs/csmf/security/web/auth/service/impl/AuthRestRoleServiceImpl
instanceKlass com/ais/cs/csmf/security/web/auth/service/AuthRestRoleService
instanceKlass com/ais/cs/csmf/security/web/auth/service/impl/AuthRestServiceImpl
instanceKlass com/ais/cs/csmf/security/web/auth/service/AuthRestService
instanceKlass com/ais/cs/csmf/security/web/auth/service/impl/OperationRestServiceImpl
instanceKlass com/ais/cs/csmf/security/web/auth/service/OperationRestService
instanceKlass com/ais/cs/csmf/security/web/auth/service/impl/UserRestServiceImpl
instanceKlass com/ais/cs/csmf/security/web/auth/service/UserRestService
instanceKlass com/ais/cs/csmf/security/web/auth/service/impl/MenuRestServiceImpl
instanceKlass com/ais/cs/csmf/security/web/auth/service/MenuRestService
instanceKlass com/ais/cs/csmf/security/web/auth/controller/UserRoleController
instanceKlass com/ais/cs/csmf/security/web/auth/controller/LoginRestController
instanceKlass com/ais/cs/csmf/security/web/auth/controller/MenuRestController
instanceKlass com/ais/cs/csmf/security/web/auth/controller/AuthRestController
instanceKlass com/ais/cs/csmf/security/web/auth/controller/PasswordRestController
instanceKlass com/ais/cs/csmf/security/web/auth/dao/AuthRestMapper
instanceKlass com/ais/cs/csmf/security/web/auth/dao/AuthRestRoleMapper
instanceKlass com/ais/cs/csmf/security/web/auth/core/authentication/provider/UsernamePasswordAuthenticationProvider
instanceKlass com/ais/cs/csmf/security/web/auth/core/authentication/provider/SmsCodeAuthenticationProvider
instanceKlass com/ais/cs/csmf/security/web/auth/core/authentication/provider/AuthenticationProvider
instanceKlass com/ais/cs/csmf/security/web/encrpypt/controller/RsaController
instanceKlass com/ais/cs/csmf/security/configuration/CsmfSecurityBeanInjector
instanceKlass com/ais/cs/csmf/security/configuration/CsmfCaptchaConfiguration
instanceKlass com/ais/cs/csmf/security/configuration/CsmfSecurityConfiguration
instanceKlass com/ais/cs/csmf/security/configuration/CsmfServletConfiguration
instanceKlass com/ais/wapi/persistance/service/impl/WapiBaseServiceImpl
instanceKlass com/ais/wapi/persistance/service/WapiBaseService
instanceKlass com/ais/cs/ddi/service/persistence/PersistenceServiceImpl
instanceKlass com/ais/cs/ddi/service/persistence/PersistenceService
instanceKlass com/ais/cs/ddi/frame/jdbc/DBOperation
instanceKlass com/ais/cs/csmf/jdbc/sequence/SequenceHelper
instanceKlass com/ais/cs/csmf/jdbc/sequence/SequenceAspect
instanceKlass com/ais/cs/csmf/jdbc/configuration/CsmfJdbcConfiguration
instanceKlass com/ais/cs/csmf/jdbc/configuration/CsmfAtomikosConfiguration
instanceKlass com/ais/cs/csmf/core/cache/CacheHolder
instanceKlass com/ais/cs/csmf/core/context/SpringContextUtil
instanceKlass com/ais/cs/csmf/core/configuration/CsmfBeanFactoryPostProcessor
instanceKlass com/ais/cs/csmf/core/configuration/CsmfJacksonConfiguration
instanceKlass com/ais/cs/csmf/core/configuration/CsmfConfigConfiguration
instanceKlass com/ais/cs/csmf/cache/caffeine/CsmfCaffeineConfiguration
instanceKlass com/ais/cs/csmf/i18n/I18nAspect
instanceKlass com/ais/cs/csmf/i18n/controller/I18nController
instanceKlass com/ais/cs/csmf/log/autoclear/service/LogClearService
instanceKlass com/ais/cs/csmf/log/autoclear/task/LogClearTask
instanceKlass com/ais/cs/csmf/basic/service/impl/SystemRestServiceImpl
instanceKlass com/ais/cs/csmf/basic/service/SystemRestService
instanceKlass com/ais/cs/csmf/basic/service/impl/SysOperationLogServiceImpl
instanceKlass com/ais/cs/csmf/basic/service/SysOperationLogService
instanceKlass com/ais/cs/csmf/basic/service/impl/SecurityRestServiceImpl
instanceKlass com/ais/cs/csmf/basic/service/SecurityRestService
instanceKlass com/ais/cs/csmf/basic/service/impl/SysGlobleParamServiceImpl
instanceKlass com/ais/cs/csmf/basic/service/SysGlobleParamService
instanceKlass com/ais/cs/csmf/basic/web/exception/GlobalExceptionHandler
instanceKlass com/ais/cs/csmf/basic/web/controller/SystemRestController
instanceKlass com/ais/cs/csmf/basic/web/transfer/ResponseResult
instanceKlass org/springframework/web/servlet/mvc/method/annotation/ResponseBodyAdvice
instanceKlass com/ais/cs/csmf/logserver/DefaultMessageProcess
instanceKlass com/ais/cs/csmf/logserver/SyslogBlockQueueEventBatchHandle
instanceKlass com/ais/cs/csmf/logserver/IsAdd
instanceKlass com/ais/cs/csmf/logserver/SyslogService
instanceKlass com/ais/cs/csmf/logserver/JsonMessageProcess
instanceKlass com/ais/cs/csmf/logserver/RedirectMessageProcess
instanceKlass com/ais/cs/csmf/logserver/MessageProcess
instanceKlass com/ais/cs/csmf/logserver/SyslogBlockQueueEventHandle
instanceKlass org/graylog2/syslog4j/server/SyslogServerSessionEventHandlerIF
instanceKlass org/graylog2/syslog4j/server/SyslogServerEventHandlerIF
instanceKlass com/ais/cs/csmf/syslog/SyslogSendTask
instanceKlass com/ais/cs/csmf/CsmfSystemInitializer
instanceKlass com/ais/cs/csmf/configuration/CsmfMvcConfiguration
instanceKlass com/ais/cs/csmf/configuration/CsmfLocaleConfiguration
instanceKlass com/ais/cs/csmf/configuration/CsmfLogClearConfiguration
instanceKlass com/ais/cs/csmf/configuration/CsmfLicenseConfiguration
instanceKlass com/ais/cs/csmf/configuration/CsmfCacheConfiguration
instanceKlass com/ais/bmc/ops/util/SshService
instanceKlass com/ais/bmc/ops/util/OpsTaskUtils
instanceKlass com/ais/bmc/ops/util/OperateUtils
instanceKlass com/ais/bmc/ops/transform/OpsServerTransform
instanceKlass com/ais/bmc/ops/transform/OpsOperateQryTransform
instanceKlass com/ais/bmc/ops/transform/OpsGlobleParamVarTransform
instanceKlass com/ais/wapi/transform/WapiDataTransform
instanceKlass com/ais/bmc/ops/service/impl/TaskServiceImpl
instanceKlass com/ais/bmc/ops/service/TaskService
instanceKlass com/ais/bmc/ops/service/impl/TaskExecHistoryServiceImpl
instanceKlass com/ais/bmc/ops/service/TaskExecHistoryService
instanceKlass com/ais/bmc/ops/service/impl/TaskExecHistoryDetailServiceImpl
instanceKlass com/ais/bmc/ops/service/TaskExecHistoryDetailService
instanceKlass com/ais/bmc/ops/service/impl/QuestionDealServiceImpl
instanceKlass com/ais/bmc/ops/service/QuestionDealService
instanceKlass com/ais/bmc/ops/service/impl/PatrolTemplateServiceImpl
instanceKlass com/ais/bmc/ops/service/PatrolTemplateService
instanceKlass com/ais/bmc/ops/service/impl/OpsTaskReportServiceImpl
instanceKlass com/ais/bmc/ops/service/impl/OpsTaskExecHistoryStatisticsServiceImpl
instanceKlass com/ais/bmc/ops/service/OpsTaskExecHistoryStatisticsService
instanceKlass com/ais/bmc/ops/service/impl/OpsServerServiceImpl
instanceKlass com/ais/bmc/ops/service/OpsServerService
instanceKlass com/ais/bmc/ops/service/impl/OpsReportServiceImpl
instanceKlass com/ais/bmc/ops/service/OpsReportService
instanceKlass com/ais/bmc/ops/service/impl/OpsProcessThresholdServiceImpl
instanceKlass com/ais/bmc/ops/service/OpsProcessThresholdService
instanceKlass com/ais/bmc/ops/service/impl/OpsProcessServiceImpl
instanceKlass com/ais/bmc/ops/service/OpsProcessService
instanceKlass com/ais/bmc/ops/service/impl/OpsProcessParamServiceImpl
instanceKlass com/ais/bmc/ops/service/OpsProcessParamService
instanceKlass com/ais/bmc/ops/service/impl/OpsProcessAttrServiceImpl
instanceKlass com/ais/bmc/ops/service/OpsProcessAttrService
instanceKlass com/ais/bmc/ops/service/impl/OpsOperateServiceImpl
instanceKlass com/ais/bmc/ops/service/OpsOperateService
instanceKlass com/ais/bmc/ops/service/impl/OpsOperateRelServiceImpl
instanceKlass com/ais/bmc/ops/service/OpsOperateRelService
instanceKlass com/ais/bmc/ops/service/impl/OpsOperateParamServiceImpl
instanceKlass com/ais/bmc/ops/service/OpsOperateParamService
instanceKlass com/ais/bmc/ops/service/impl/OpsOperateExecuteExample3ServiceImpl
instanceKlass com/ais/bmc/ops/service/impl/OpsOperateExecuteExample2ServiceImpl
instanceKlass com/ais/bmc/ops/service/impl/OpsOperateExecuteExample1ServiceImpl
instanceKlass com/ais/bmc/ops/service/impl/OpsOperateDetailServiceImpl
instanceKlass com/ais/bmc/ops/service/OpsOperateDetailService
instanceKlass com/ais/bmc/ops/service/impl/OpsOperateDealServiceImpl
instanceKlass com/ais/bmc/ops/service/OpsOperateDealService
instanceKlass com/ais/bmc/ops/service/impl/OpsNodeServiceImpl
instanceKlass com/ais/bmc/ops/service/OpsNodeService
instanceKlass com/ais/bmc/ops/service/impl/OpsHomeServiceImpl
instanceKlass com/ais/bmc/ops/service/OpsHomeService
instanceKlass com/ais/bmc/ops/service/impl/OpsEmailServiceImpl
instanceKlass com/ais/bmc/ops/service/OpsEmailService
instanceKlass com/ais/bmc/ops/service/impl/OpsConfigInfoTemplateServiceImpl
instanceKlass com/ais/bmc/ops/service/OpsConfigInfoTemplateService
instanceKlass com/ais/bmc/ops/service/impl/MaAgentConfigService
instanceKlass com/ais/bmc/ops/service/impl/MaAgentCommandService
instanceKlass com/ais/bmc/ops/service/impl/DeployAgentServiceImpl
instanceKlass com/ais/bmc/ops/service/impl/DeployAgent4ServiceImpl
instanceKlass com/ais/bmc/ops/service/DeployAgentService
instanceKlass com/ais/bmc/ops/service/impl/CommonServiceImpl
instanceKlass com/ais/bmc/ops/service/CommonService
instanceKlass com/ais/bmc/ops/service/impl/AgentServiceImpl
instanceKlass com/ais/bmc/ops/service/AgentService
instanceKlass com/ais/bmc/ops/schedule/ScheduledTaskExecutor
instanceKlass com/ais/bmc/ops/queue/OpsProcessDetailProcess
instanceKlass com/ais/bmc/ops/preoperate/OpsGlobalParamVarPreOperate
instanceKlass com/ais/wapi/preoperate/WapiPreOperate
instanceKlass com/ais/bmc/ops/postoperate/OpsOperateModifyPostOperate
instanceKlass com/ais/bmc/ops/postoperate/OpsOperateAddPostOperate
instanceKlass com/ais/bmc/ops/postoperate/OpsGlobalParamVarPostOperate
instanceKlass com/ais/wapi/postoperate/WapiPostoperate
instanceKlass com/ais/bmc/ops/dhcp/service/impl/DhcpCustomResultReportOperateServiceImpl
instanceKlass com/ais/bmc/ops/service/OpsOperateExecuteService
instanceKlass com/ais/bmc/ops/dhcp/controller/DhcpCustomCheckResultReportController
instanceKlass com/ais/bmc/ops/custom/OpsTaskReportListQryImpl
instanceKlass com/ais/bmc/ops/custom/OpsTaskReportDetailQryImpl
instanceKlass com/ais/wapi/persistance/service/CustomService
instanceKlass com/ais/bmc/ops/custom/OpsServerImportFormatGenerateService
instanceKlass com/ais/wapi/persistance/service/QueryPersistanceService
instanceKlass com/ais/wapi/core/unit/WapiAsyncUnit
instanceKlass com/ais/bmc/ops/custom/AddOpsServerCustomServiceImpl
instanceKlass com/ais/wapi/persistance/service/InsertPersistanceService
instanceKlass com/ais/wapi/core/unit/WapiTaskUnit
instanceKlass com/ais/bmc/ops/controller/TaskController
instanceKlass com/ais/bmc/ops/controller/ReportController
instanceKlass com/ais/bmc/ops/controller/QuestionDealController
instanceKlass com/ais/bmc/ops/controller/PatrolTemplateController
instanceKlass com/ais/bmc/ops/controller/OpsServerController
instanceKlass com/ais/bmc/ops/controller/OpsProcessController
instanceKlass com/ais/bmc/ops/controller/OpsOperateRelController
instanceKlass com/ais/bmc/ops/controller/OpsOperateDetailController
instanceKlass com/ais/bmc/ops/controller/OpsOperateController
instanceKlass com/ais/bmc/ops/controller/OpsNodeController
instanceKlass com/ais/bmc/ops/controller/OpsHomeController
instanceKlass com/ais/bmc/ops/controller/OpsEmailController
instanceKlass com/ais/bmc/ops/controller/DemoFrontBackController
instanceKlass com/ais/bmc/ops/controller/AgentProcessController
instanceKlass com/ais/bmc/ops/controller/AgentController
instanceKlass com/ais/bmc/ops/config/OpsChkProperties
instanceKlass com/ais/bmc/ops/config/FreeMarkerCfg
instanceKlass com/ais/bmc/ops/config/BmcOpsChkSwaggerConfig
instanceKlass com/ais/bmc/ops/ApplicationContextRegister
instanceKlass org/springframework/boot/autoconfigure/web/servlet/ServletWebServerFactoryAutoConfiguration$BeanPostProcessorsRegistrar
instanceKlass org/springframework/boot/autoconfigure/web/servlet/ConditionalOnMissingFilterBean
instanceKlass org/apache/catalina/startup/Tomcat
instanceKlass org/springframework/boot/autoconfigure/condition/ConditionalOnMissingClass
instanceKlass org/springframework/context/annotation/ConfigurationClassParser$DeferredImportSelectorGroupingHandler$$Lambda$292
instanceKlass org/springframework/boot/autoconfigure/AutoConfigurationImportSelector$AutoConfigurationGroup$$Lambda$291
instanceKlass org/springframework/context/annotation/DeferredImportSelector$Group$Entry
instanceKlass org/springframework/boot/autoconfigure/AutoConfigurationSorter$$Lambda$290
instanceKlass org/springframework/boot/autoconfigure/AutoConfigurationSorter$AutoConfigurationClasses$$Lambda$289
instanceKlass org/springframework/boot/autoconfigure/AutoConfigureOrder
instanceKlass org/springframework/boot/autoconfigure/AutoConfigurationSorter$$Lambda$288
instanceKlass org/springframework/boot/context/properties/EnableConfigurationPropertiesRegistrar
instanceKlass org/springframework/boot/context/properties/EnableConfigurationProperties
instanceKlass org/springframework/boot/autoconfigure/AutoConfigureAfter
instanceKlass org/springframework/boot/autoconfigure/AutoConfigureBefore
instanceKlass org/springframework/boot/autoconfigure/AutoConfigurationSorter$AutoConfigurationClass
instanceKlass org/springframework/boot/autoconfigure/AutoConfigurationSorter$AutoConfigurationClasses
instanceKlass org/springframework/boot/autoconfigure/AutoConfigurationSorter
instanceKlass org/springframework/boot/autoconfigure/AutoConfigurationImportSelector$AutoConfigurationGroup$$Lambda$287
instanceKlass org/springframework/boot/autoconfigure/AutoConfigurationImportSelector$AutoConfigurationGroup$$Lambda$286
instanceKlass org/springframework/boot/autoconfigure/AutoConfigurationImportSelector$AutoConfigurationGroup$$Lambda$285
instanceKlass java/util/HashMap$HashMapSpliterator
instanceKlass java/util/stream/Collectors$$Lambda$284
instanceKlass java/util/stream/Collectors$$Lambda$283
instanceKlass java/util/stream/Collectors$$Lambda$282
instanceKlass org/springframework/boot/autoconfigure/AutoConfigurationImportSelector$AutoConfigurationGroup$$Lambda$281
instanceKlass org/springframework/boot/autoconfigure/AutoConfigurationImportSelector$AutoConfigurationGroup$$Lambda$280
instanceKlass org/springframework/boot/autoconfigure/condition/ConditionEvaluationReportAutoConfigurationImportListener
instanceKlass org/springframework/boot/autoconfigure/AutoConfigurationImportListener
instanceKlass org/springframework/mail/javamail/JavaMailSenderImpl
instanceKlass org/springframework/mail/javamail/JavaMailSender
instanceKlass org/springframework/boot/jdbc/XADataSourceWrapper
instanceKlass org/springframework/cache/interceptor/AbstractCacheInvoker
instanceKlass org/springframework/boot/autoconfigure/condition/ConditionalOnSingleCandidate
instanceKlass org/springframework/boot/autoconfigure/condition/ConditionalOnBean
instanceKlass javax/websocket/server/ServerContainer
instanceKlass javax/websocket/WebSocketContainer
instanceKlass org/springframework/web/servlet/config/annotation/WebMvcConfigurer
instanceKlass org/springframework/web/multipart/support/StandardServletMultipartResolver
instanceKlass org/springframework/web/multipart/MultipartResolver
instanceKlass javax/servlet/MultipartConfigElement
instanceKlass org/springframework/web/filter/GenericFilterBean
instanceKlass org/springframework/http/ReactiveHttpInputMessage
instanceKlass org/springframework/http/codec/LoggingCodecSupport
instanceKlass org/springframework/http/codec/HttpMessageReader
instanceKlass org/springframework/http/server/reactive/HttpHandler
instanceKlass org/springframework/http/client/support/HttpAccessor
instanceKlass org/springframework/web/client/RestOperations
instanceKlass javax/transaction/Transaction
instanceKlass org/springframework/transaction/PlatformTransactionManager
instanceKlass org/springframework/scheduling/TaskScheduler
instanceKlass org/springframework/util/CustomizableThreadCreator
instanceKlass org/springframework/scheduling/SchedulingTaskExecutor
instanceKlass org/springframework/core/task/AsyncListenableTaskExecutor
instanceKlass org/springframework/core/task/AsyncTaskExecutor
instanceKlass org/springframework/core/task/TaskExecutor
instanceKlass org/springframework/http/codec/CodecConfigurer
instanceKlass org/springframework/ui/freemarker/FreeMarkerConfigurationFactory
instanceKlass freemarker/core/Configurable
instanceKlass freemarker/core/ParserConfiguration
instanceKlass org/springframework/mail/MailSender
instanceKlass javax/mail/Message
instanceKlass javax/mail/internet/MimePart
instanceKlass javax/mail/Part
instanceKlass javax/naming/ldap/LdapContext
instanceKlass javax/naming/directory/DirContext
instanceKlass javax/activation/MimeType
instanceKlass org/springframework/aop/framework/ProxyConfig
instanceKlass org/springframework/jmx/support/MBeanRegistrationSupport
instanceKlass org/springframework/jmx/export/MBeanExportOperations
instanceKlass org/springframework/transaction/TransactionManager
instanceKlass org/springframework/cache/CacheManager
instanceKlass javax/transaction/TransactionManager
instanceKlass org/springframework/jdbc/support/JdbcAccessor
instanceKlass org/springframework/jdbc/core/JdbcOperations
instanceKlass org/mybatis/spring/SqlSessionFactoryBean
instanceKlass org/apache/ibatis/session/SqlSessionFactory
instanceKlass org/apache/ibatis/scripting/LanguageDriver
instanceKlass javax/sql/DataSource
instanceKlass java/sql/Wrapper
instanceKlass javax/sql/CommonDataSource
instanceKlass org/springframework/boot/autoconfigure/condition/OnClassCondition$ThreadedOutcomesResolver$$Lambda$279
instanceKlass org/springframework/boot/autoconfigure/condition/OnClassCondition$ThreadedOutcomesResolver
instanceKlass org/springframework/boot/autoconfigure/condition/OnClassCondition$StandardOutcomesResolver
instanceKlass org/springframework/boot/autoconfigure/AutoConfigurationMetadataLoader$PropertiesAutoConfigurationMetadata
instanceKlass org/springframework/boot/autoconfigure/AutoConfigurationMetadata
instanceKlass org/springframework/boot/autoconfigure/AutoConfigurationMetadataLoader
instanceKlass org/springframework/boot/autoconfigure/AutoConfigurationImportSelector$ConfigurationClassFilter
instanceKlass org/springframework/boot/autoconfigure/condition/OnClassCondition$OutcomesResolver
instanceKlass org/springframework/boot/autoconfigure/condition/OnBeanCondition$Spec
instanceKlass org/springframework/boot/autoconfigure/AutoConfigurationImportSelector$$Lambda$278
instanceKlass org/springframework/boot/autoconfigure/AutoConfigurationImportSelector$$Lambda$277
instanceKlass org/springframework/boot/autoconfigure/AutoConfigurationImportSelector$$Lambda$276
instanceKlass org/springframework/boot/autoconfigure/AutoConfigurationImportSelector$AutoConfigurationGroup$$Lambda$275
instanceKlass org/springframework/context/annotation/ConfigurationClassParser$DeferredImportSelectorGroupingHandler$$Lambda$274
instanceKlass org/springframework/context/annotation/ConfigurationClassParser$DeferredImportSelectorGrouping
instanceKlass org/springframework/boot/autoconfigure/AutoConfigurationImportSelector$AutoConfigurationGroup
instanceKlass org/springframework/context/annotation/DeferredImportSelector$Group
instanceKlass org/springframework/context/annotation/ConfigurationClassParser$DeferredImportSelectorHandler$$Lambda$273
instanceKlass org/springframework/context/annotation/ConfigurationClassParser$DeferredImportSelectorGroupingHandler
instanceKlass org/springframework/core/type/StandardMethodMetadata
instanceKlass org/springframework/core/annotation/AnnotatedElementUtils
instanceKlass org/springframework/boot/web/servlet/RegistrationBean
instanceKlass org/springframework/boot/web/servlet/ServletContextInitializer
instanceKlass org/springframework/boot/web/servlet/support/ErrorPageFilter
instanceKlass org/springframework/boot/web/server/ErrorPageRegistry
instanceKlass org/springframework/web/context/ContextLoader
instanceKlass javax/servlet/ServletContextListener
instanceKlass java/util/function/Predicate$$Lambda$272
instanceKlass org/springframework/boot/autoconfigure/AutoConfigurationImportSelector$$Lambda$271
instanceKlass org/springframework/boot/autoconfigure/AutoConfigurationImportSelector$AutoConfigurationEntry
instanceKlass org/springframework/context/annotation/ConfigurationClassParser$$Lambda$270
instanceKlass org/springframework/transaction/annotation/AbstractTransactionManagementConfiguration
instanceKlass org/springframework/transaction/annotation/TransactionManagementConfigurationSelector$1
instanceKlass org/springframework/context/annotation/AutoProxyRegistrar
instanceKlass org/springframework/cache/annotation/CachingConfigurationSelector$1
instanceKlass org/springframework/cache/annotation/AbstractCachingConfiguration
instanceKlass org/springframework/scheduling/annotation/AbstractAsyncConfiguration
instanceKlass org/springframework/context/annotation/ImportAware
instanceKlass org/springframework/scheduling/annotation/AsyncConfigurationSelector$1
instanceKlass org/springframework/util/DefaultPropertiesPersister
instanceKlass org/springframework/core/io/support/EncodedResource
instanceKlass org/springframework/context/annotation/ConfigurationMethod
instanceKlass springfox/documentation/spring/web/plugins/SpringIntegrationPluginNotPresentInClassPathCondition
instanceKlass springfox/documentation/annotations/Cacheable
instanceKlass springfox/documentation/annotations/Incubating
instanceKlass com/fasterxml/jackson/annotation/JsonValue
instanceKlass com/fasterxml/jackson/annotation/JsonProperty
instanceKlass com/fasterxml/jackson/annotation/JsonInclude
instanceKlass org/springframework/plugin/core/config/PluginRegistriesBeanDefinitionRegistrar
instanceKlass org/springframework/plugin/core/config/EnablePluginRegistries
instanceKlass org/springframework/boot/autoconfigure/condition/OnWebApplicationCondition$1
instanceKlass springfox/documentation/common/ClassPresentInClassPathCondition
instanceKlass org/springframework/boot/autoconfigure/condition/ConditionalOnWebApplication
instanceKlass com/ais/cs/csmf/configuration/CsmfFileConfiguration
instanceKlass javax/transaction/Transactional
instanceKlass springfox/documentation/annotations/ApiIgnore
instanceKlass org/springframework/web/bind/annotation/DeleteMapping
instanceKlass org/springframework/web/bind/annotation/PutMapping
instanceKlass javax/xml/bind/annotation/XmlElement
instanceKlass javax/xml/bind/annotation/XmlRootElement
instanceKlass javax/xml/bind/annotation/XmlAccessorType
instanceKlass javax/xml/bind/annotation/XmlNs
instanceKlass javax/xml/bind/annotation/XmlSchema
instanceKlass javax/xml/bind/annotation/XmlType$DEFAULT
instanceKlass javax/xml/bind/annotation/XmlType
instanceKlass org/springframework/beans/factory/annotation/Lookup
instanceKlass javax/annotation/PostConstruct
instanceKlass org/apache/ibatis/plugin/Signature
instanceKlass org/apache/ibatis/plugin/Intercepts
instanceKlass org/springframework/core/type/classreading/MergedAnnotationReadingVisitor$$Lambda$269
instanceKlass org/springframework/transaction/annotation/EnableTransactionManagement
instanceKlass com/fasterxml/jackson/annotation/JacksonAnnotation
instanceKlass org/springframework/cache/annotation/EnableCaching
instanceKlass org/aspectj/lang/annotation/Around
instanceKlass org/aspectj/lang/annotation/Pointcut
instanceKlass org/aspectj/lang/annotation/Aspect
instanceKlass org/springframework/core/type/classreading/MergedAnnotationReadingVisitor$ArrayVisitor$$Lambda$268
instanceKlass io/swagger/annotations/ApiModel
instanceKlass org/springframework/web/bind/annotation/ExceptionHandler
instanceKlass org/springframework/web/bind/annotation/ControllerAdvice
instanceKlass org/springframework/stereotype/Repository
instanceKlass org/springframework/context/annotation/AdviceModeImportSelector
instanceKlass org/springframework/scheduling/annotation/EnableAsync
instanceKlass org/springframework/boot/web/servlet/ServletComponentScanRegistrar
instanceKlass org/springframework/boot/web/servlet/ServletComponentScan
instanceKlass org/springframework/boot/autoconfigure/condition/ConditionEvaluationReport$ConditionAndOutcome
instanceKlass org/springframework/boot/autoconfigure/condition/ConditionEvaluationReport$ConditionAndOutcomes
instanceKlass org/springframework/boot/autoconfigure/condition/ConditionOutcome
instanceKlass org/springframework/boot/autoconfigure/condition/ConditionMessage$ItemsBuilder
instanceKlass org/springframework/boot/autoconfigure/condition/ConditionMessage$Builder
instanceKlass org/springframework/boot/autoconfigure/condition/ConditionMessage
instanceKlass org/springframework/boot/autoconfigure/condition/OnPropertyCondition$Spec
instanceKlass org/springframework/boot/autoconfigure/condition/OnPropertyCondition$$Lambda$267
instanceKlass org/springframework/boot/autoconfigure/condition/OnPropertyCondition$$Lambda$266
instanceKlass org/springframework/core/annotation/MergedAnnotationCollectors$$Lambda$265
instanceKlass org/springframework/core/annotation/TypeMappedAnnotation$$Lambda$264
instanceKlass org/springframework/core/annotation/MergedAnnotationCollectors$$Lambda$263
instanceKlass org/springframework/core/annotation/MergedAnnotationCollectors$$Lambda$262
instanceKlass org/springframework/core/annotation/MergedAnnotationCollectors$$Lambda$261
instanceKlass java/util/function/Function$$Lambda$260
instanceKlass org/springframework/core/annotation/MergedAnnotationCollectors
instanceKlass org/springframework/core/type/AnnotatedTypeMetadata$$Lambda$259
instanceKlass org/springframework/core/type/AnnotatedTypeMetadata$$Lambda$258
instanceKlass org/springframework/core/annotation/MergedAnnotationPredicates$UniquePredicate
instanceKlass org/springframework/core/annotation/MergedAnnotationPredicates
instanceKlass org/springframework/core/type/AnnotatedTypeMetadata$$Lambda$257
instanceKlass org/springframework/core/annotation/MergedAnnotationsCollection$AnnotationsSpliterator
instanceKlass org/springframework/boot/autoconfigure/condition/ConditionalOnProperty
instanceKlass org/springframework/boot/autoconfigure/condition/ConditionalOnClass
instanceKlass org/springframework/boot/context/properties/ConfigurationProperties
instanceKlass org/springframework/boot/autoconfigure/condition/SpringBootCondition
instanceKlass org/springframework/boot/autoconfigure/AutoConfigurationImportFilter
instanceKlass org/springframework/context/annotation/ConfigurationCondition
instanceKlass org/springframework/boot/autoconfigure/condition/ConditionalOnMissingBean
instanceKlass org/springframework/beans/factory/annotation/Autowired
instanceKlass org/springframework/transaction/annotation/Transactional
instanceKlass org/springframework/scheduling/annotation/Schedules
instanceKlass org/springframework/scheduling/annotation/Scheduled
instanceKlass org/springframework/stereotype/Service
instanceKlass org/springframework/core/type/classreading/MergedAnnotationReadingVisitor$$Lambda$256
instanceKlass io/swagger/annotations/ExampleProperty
instanceKlass io/swagger/annotations/Example
instanceKlass io/swagger/annotations/ApiImplicitParam
instanceKlass org/springframework/boot/autoconfigure/BackgroundPreinitializer$CharsetInitializer
instanceKlass org/springframework/core/type/classreading/MergedAnnotationReadingVisitor$ArrayVisitor$$Lambda$255
instanceKlass io/swagger/annotations/ApiImplicitParams
instanceKlass org/springframework/boot/autoconfigure/BackgroundPreinitializer$JacksonInitializer
instanceKlass org/springframework/web/bind/annotation/GetMapping
instanceKlass org/springframework/http/converter/json/Jackson2ObjectMapperBuilder$$Lambda$254
instanceKlass org/springframework/http/converter/json/Jackson2ObjectMapperBuilder$$Lambda$253
instanceKlass org/springframework/http/converter/json/Jackson2ObjectMapperBuilder$$Lambda$252
instanceKlass java/lang/invoke/LambdaForm$DMH
instanceKlass io/swagger/annotations/ExtensionProperty
instanceKlass com/fasterxml/jackson/databind/deser/ValueInstantiators$Base
instanceKlass io/swagger/annotations/ResponseHeader
instanceKlass io/swagger/annotations/Extension
instanceKlass io/swagger/annotations/ApiOperation
instanceKlass org/springframework/web/bind/annotation/Mapping
instanceKlass org/springframework/web/bind/annotation/RequestMapping
instanceKlass com/fasterxml/jackson/databind/util/ArrayBuilders
instanceKlass org/springframework/web/bind/annotation/PostMapping
instanceKlass io/swagger/annotations/AuthorizationScope
instanceKlass io/swagger/annotations/Authorization
instanceKlass io/swagger/annotations/Api
instanceKlass org/springframework/web/bind/annotation/ResponseBody
instanceKlass org/springframework/stereotype/Controller
instanceKlass org/springframework/web/bind/annotation/RestController
instanceKlass com/fasterxml/jackson/databind/ObjectMapper$1
instanceKlass com/fasterxml/jackson/datatype/jdk8/PackageVersion
instanceKlass com/fasterxml/jackson/databind/module/SimpleKeyDeserializers
instanceKlass org/springframework/boot/autoconfigure/AutoConfigurationExcludeFilter$$Lambda$251
instanceKlass com/fasterxml/jackson/datatype/jsr310/ser/ZonedDateTimeSerializer$$Lambda$250
instanceKlass com/fasterxml/jackson/datatype/jsr310/ser/ZonedDateTimeSerializer$$Lambda$249
instanceKlass java/lang/invoke/LambdaForm$DMH
instanceKlass com/fasterxml/jackson/datatype/jsr310/ser/ZonedDateTimeSerializer$$Lambda$248
instanceKlass com/fasterxml/jackson/datatype/jsr310/ser/OffsetDateTimeSerializer$$Lambda$247
instanceKlass org/springframework/boot/context/annotation/ImportCandidates
instanceKlass com/fasterxml/jackson/datatype/jsr310/ser/OffsetDateTimeSerializer$$Lambda$246
instanceKlass com/fasterxml/jackson/datatype/jsr310/ser/OffsetDateTimeSerializer$$Lambda$245
instanceKlass java/lang/invoke/LambdaForm$DMH
instanceKlass com/fasterxml/jackson/datatype/jsr310/ser/InstantSerializer$$Lambda$244
instanceKlass com/fasterxml/jackson/datatype/jsr310/ser/InstantSerializer$$Lambda$243
instanceKlass com/fasterxml/jackson/datatype/jsr310/ser/InstantSerializer$$Lambda$242
instanceKlass java/util/function/ToLongFunction
instanceKlass org/springframework/boot/autoconfigure/AutoConfiguration
instanceKlass java/lang/invoke/LambdaForm$DMH
instanceKlass com/fasterxml/jackson/databind/ser/Serializers$Base
instanceKlass org/springframework/context/annotation/Bean
instanceKlass org/springframework/core/type/classreading/SimpleMethodMetadataReadingVisitor$$Lambda$241
instanceKlass org/springframework/core/type/classreading/SimpleMethodMetadataReadingVisitor$Source
instanceKlass com/fasterxml/jackson/databind/type/ClassKey
instanceKlass springfox/documentation/swagger2/configuration/Swagger2DocumentationConfiguration
instanceKlass com/fasterxml/jackson/databind/deser/Deserializers$Base
instanceKlass springfox/documentation/swagger2/annotations/EnableSwagger2
instanceKlass com/fasterxml/jackson/datatype/jsr310/deser/InstantDeserializer$$Lambda$240
instanceKlass com/fasterxml/jackson/datatype/jsr310/deser/InstantDeserializer$$Lambda$239
instanceKlass com/fasterxml/jackson/datatype/jsr310/deser/InstantDeserializer$$Lambda$238
instanceKlass com/fasterxml/jackson/datatype/jsr310/deser/InstantDeserializer$$Lambda$237
instanceKlass com/fasterxml/jackson/datatype/jsr310/deser/InstantDeserializer$$Lambda$236
instanceKlass com/fasterxml/jackson/datatype/jsr310/deser/InstantDeserializer$$Lambda$235
instanceKlass com/fasterxml/jackson/datatype/jsr310/deser/InstantDeserializer$$Lambda$234
instanceKlass com/fasterxml/jackson/datatype/jsr310/deser/InstantDeserializer$$Lambda$233
instanceKlass com/fasterxml/jackson/datatype/jsr310/deser/InstantDeserializer$$Lambda$232
instanceKlass com/fasterxml/jackson/datatype/jsr310/deser/InstantDeserializer$$Lambda$231
instanceKlass com/fasterxml/jackson/datatype/jsr310/deser/InstantDeserializer$FromDecimalArguments
instanceKlass org/springframework/core/type/AnnotationMetadata$$Lambda$230
instanceKlass org/springframework/core/type/classreading/SimpleAnnotationMetadata
instanceKlass com/fasterxml/jackson/datatype/jsr310/deser/InstantDeserializer$$Lambda$229
instanceKlass com/fasterxml/jackson/datatype/jsr310/deser/InstantDeserializer$FromIntegerArguments
instanceKlass org/springframework/core/annotation/MergedAnnotationsCollection
instanceKlass com/fasterxml/jackson/datatype/jsr310/deser/InstantDeserializer$$Lambda$228
instanceKlass com/fasterxml/jackson/core/Version
instanceKlass org/springframework/core/type/classreading/SimpleAnnotationMetadataReadingVisitor$$Lambda$227
instanceKlass org/springframework/core/type/classreading/SimpleMethodMetadata
instanceKlass org/springframework/core/type/MethodMetadata
instanceKlass com/fasterxml/jackson/core/util/VersionUtil
instanceKlass com/fasterxml/jackson/datatype/jsr310/PackageVersion
instanceKlass org/springframework/core/annotation/TypeMappedAnnotation$$Lambda$226
instanceKlass org/springframework/core/type/classreading/MergedAnnotationReadingVisitor$$Lambda$225
instanceKlass org/springframework/asm/Type
instanceKlass org/springframework/asm/AnnotationVisitor
instanceKlass org/springframework/core/type/classreading/SimpleAnnotationMetadataReadingVisitor$$Lambda$224
instanceKlass org/springframework/core/type/classreading/SimpleAnnotationMetadataReadingVisitor$Source
instanceKlass org/springframework/asm/Context
instanceKlass org/springframework/asm/Attribute
instanceKlass org/springframework/asm/ClassReader
instanceKlass org/springframework/asm/MethodVisitor
instanceKlass org/springframework/core/type/classreading/SimpleMetadataReader
instanceKlass org/springframework/context/annotation/ParserStrategyUtils
instanceKlass org/springframework/context/annotation/TypeFilterUtils$1
instanceKlass org/springframework/context/annotation/TypeFilterUtils
instanceKlass org/springframework/context/annotation/PropertySource
instanceKlass org/springframework/context/annotation/PropertySources
instanceKlass org/springframework/core/annotation/AnnotationUtils
instanceKlass org/springframework/context/annotation/ConfigurationClass
instanceKlass org/springframework/context/annotation/ComponentScanAnnotationParser
instanceKlass com/fasterxml/jackson/databind/type/TypeModifier
instanceKlass org/springframework/context/annotation/ConfigurationClassParser$SourceClass
instanceKlass org/springframework/context/annotation/ConfigurationClassParser$DeferredImportSelectorHandler
instanceKlass com/fasterxml/jackson/databind/ser/BeanSerializerModifier
instanceKlass com/fasterxml/jackson/databind/ser/Serializers
instanceKlass com/fasterxml/jackson/databind/cfg/SerializerFactoryConfig
instanceKlass org/springframework/context/annotation/ConfigurationClassParser$$Lambda$223
instanceKlass org/springframework/context/annotation/ConfigurationClassParser$DeferredImportSelectorHolder
instanceKlass org/springframework/context/annotation/ConfigurationClassParser$$Lambda$222
instanceKlass org/springframework/core/io/support/DefaultPropertySourceFactory
instanceKlass org/springframework/context/annotation/ImportRegistry
instanceKlass org/springframework/beans/factory/parsing/Problem
instanceKlass com/fasterxml/jackson/databind/ser/std/StdJdkSerializers
instanceKlass org/springframework/core/io/support/PropertySourceFactory
instanceKlass org/springframework/context/annotation/ConfigurationClassParser
instanceKlass org/springframework/context/annotation/ConfigurationClassPostProcessor$$Lambda$221
instanceKlass org/springframework/beans/BeanMetadataAttribute
instanceKlass org/springframework/aop/framework/AopInfrastructureBean
instanceKlass org/springframework/core/Conventions
instanceKlass org/springframework/context/annotation/ConfigurationClassUtils
instanceKlass org/springframework/context/support/PostProcessorRegistrationDelegate$$Lambda$220
instanceKlass org/springframework/beans/AbstractNestablePropertyAccessor$PropertyTokenHolder
instanceKlass org/springframework/beans/factory/config/TypedStringValue
instanceKlass org/springframework/context/annotation/ConfigurationClassBeanDefinitionReader
instanceKlass org/springframework/core/convert/Property
instanceKlass com/fasterxml/jackson/databind/ser/std/NumberSerializers
instanceKlass org/springframework/core/SerializableTypeWrapper$MethodInvokeTypeProvider
instanceKlass java/lang/reflect/Proxy$1
instanceKlass java/lang/reflect/Proxy$KeyX
instanceKlass org/springframework/core/SerializableTypeWrapper$TypeProxyInvocationHandler
instanceKlass org/springframework/core/BridgeMethodResolver
instanceKlass java/beans/SimpleBeanInfo
instanceKlass com/sun/beans/WildcardTypeImpl
instanceKlass com/sun/beans/TypeResolver
instanceKlass java/beans/MethodRef
instanceKlass com/sun/beans/util/Cache$CacheEntry
instanceKlass com/sun/beans/util/Cache
instanceKlass com/sun/beans/finder/AbstractFinder
instanceKlass com/sun/beans/finder/ClassFinder
instanceKlass org/springframework/beans/ExtendedBeanInfo
instanceKlass java/beans/BeanInfo
instanceKlass org/springframework/beans/ExtendedBeanInfoFactory
instanceKlass org/springframework/beans/BeanInfoFactory
instanceKlass org/springframework/beans/CachedIntrospectionResults
instanceKlass org/springframework/beans/PropertyAccessorUtils
instanceKlass org/springframework/beans/factory/support/DefaultSingletonBeanRegistry$$Lambda$219
instanceKlass org/springframework/beans/factory/support/DefaultSingletonBeanRegistry$$Lambda$218
instanceKlass org/springframework/beans/factory/support/DisposableBeanAdapter
instanceKlass org/springframework/beans/factory/InitializingBean
instanceKlass org/springframework/context/expression/StandardBeanExpressionResolver$$Lambda$217
instanceKlass org/springframework/expression/spel/support/StandardTypeConverter
instanceKlass com/fasterxml/jackson/databind/deser/DeserializerCache
instanceKlass org/springframework/expression/spel/support/StandardTypeLocator
instanceKlass org/springframework/context/expression/BeanFactoryResolver
instanceKlass org/springframework/context/expression/EnvironmentAccessor
instanceKlass org/springframework/context/expression/MapAccessor
instanceKlass org/springframework/expression/spel/CompilablePropertyAccessor
instanceKlass org/springframework/asm/Opcodes
instanceKlass com/fasterxml/jackson/databind/KeyDeserializer
instanceKlass com/fasterxml/jackson/databind/deser/std/StdKeyDeserializers
instanceKlass org/springframework/context/expression/BeanFactoryAccessor
instanceKlass com/fasterxml/jackson/databind/deser/KeyDeserializers
instanceKlass org/springframework/expression/spel/support/ReflectivePropertyAccessor
instanceKlass com/fasterxml/jackson/databind/deser/ValueInstantiators
instanceKlass com/fasterxml/jackson/databind/AbstractTypeResolver
instanceKlass com/fasterxml/jackson/databind/deser/BeanDeserializerModifier
instanceKlass org/springframework/context/expression/BeanExpressionContextAccessor
instanceKlass com/fasterxml/jackson/databind/cfg/DeserializerFactoryConfig
instanceKlass org/springframework/expression/TypedValue
instanceKlass com/fasterxml/jackson/databind/PropertyName
instanceKlass org/springframework/expression/spel/support/StandardOperatorOverloader
instanceKlass com/fasterxml/jackson/databind/deser/Deserializers
instanceKlass org/springframework/expression/spel/support/StandardTypeComparator
instanceKlass org/springframework/expression/OperatorOverloader
instanceKlass org/springframework/expression/TypeComparator
instanceKlass com/fasterxml/jackson/annotation/ObjectIdGenerator
instanceKlass org/springframework/expression/spel/support/StandardEvaluationContext
instanceKlass org/springframework/expression/common/LiteralExpression
instanceKlass org/springframework/beans/factory/config/AutowiredPropertyMarker
instanceKlass org/springframework/beans/factory/support/BeanDefinitionValueResolver
instanceKlass org/springframework/beans/AbstractNestablePropertyAccessor$PropertyHandler
instanceKlass com/fasterxml/jackson/databind/deser/ResolvableDeserializer
instanceKlass org/springframework/beans/factory/parsing/PassThroughSourceExtractor
instanceKlass org/springframework/beans/factory/support/AbstractBeanFactory$$Lambda$216
instanceKlass org/springframework/beans/factory/support/AbstractBeanFactory$$Lambda$215
instanceKlass org/springframework/beans/factory/support/NullBean
instanceKlass com/fasterxml/jackson/databind/deser/ValueInstantiator$Gettable
instanceKlass org/springframework/beans/factory/BeanFactoryUtils$$Lambda$214
instanceKlass org/springframework/beans/factory/support/AbstractBeanFactory$BeanPostProcessorCache
instanceKlass com/fasterxml/jackson/databind/deser/ContextualDeserializer
instanceKlass org/springframework/core/annotation/AnnotationAttributes$$Lambda$213
instanceKlass org/springframework/core/annotation/TypeMappedAnnotation$$Lambda$212
instanceKlass org/springframework/beans/factory/config/RuntimeBeanReference
instanceKlass org/springframework/beans/factory/config/BeanReference
instanceKlass com/fasterxml/jackson/databind/JsonDeserializer
instanceKlass com/fasterxml/jackson/databind/deser/NullValueProvider
instanceKlass org/springframework/beans/MutablePropertyValues
instanceKlass org/springframework/beans/factory/support/BeanDefinitionBuilder
instanceKlass org/springframework/boot/autoconfigure/SharedMetadataReaderFactoryContextInitializer$CachingMetadataReaderFactoryPostProcessor$$Lambda$211
instanceKlass org/springframework/boot/autoconfigure/SharedMetadataReaderFactoryContextInitializer$SharedMetadataReaderFactoryBean
instanceKlass org/springframework/beans/factory/FactoryBean
instanceKlass org/springframework/context/support/PostProcessorRegistrationDelegate
instanceKlass com/fasterxml/jackson/databind/ser/SerializerCache
instanceKlass org/springframework/boot/web/servlet/context/ServletWebServerApplicationContext$ExistingWebApplicationScopes$$Lambda$210
instanceKlass org/springframework/web/context/support/WebApplicationContextUtils$WebRequestObjectFactory
instanceKlass org/springframework/web/context/request/WebRequest
instanceKlass org/springframework/web/context/request/RequestAttributes
instanceKlass com/fasterxml/jackson/databind/ser/ResolvableSerializer
instanceKlass org/springframework/web/context/support/WebApplicationContextUtils$SessionObjectFactory
instanceKlass javax/servlet/http/HttpSession
instanceKlass org/springframework/web/context/support/WebApplicationContextUtils$ResponseObjectFactory
instanceKlass org/springframework/web/context/support/WebApplicationContextUtils$RequestObjectFactory
instanceKlass com/fasterxml/jackson/databind/ser/ContextualSerializer
instanceKlass org/springframework/web/context/request/AbstractRequestAttributesScope
instanceKlass org/springframework/boot/web/servlet/context/ServletWebServerApplicationContext$ExistingWebApplicationScopes
instanceKlass org/springframework/web/context/ServletContextAware
instanceKlass org/springframework/web/context/support/ServletContextAwareProcessor
instanceKlass com/fasterxml/jackson/databind/jsonschema/SchemaAware
instanceKlass org/springframework/context/support/ApplicationListenerDetector
instanceKlass com/fasterxml/jackson/databind/JsonSerializer
instanceKlass org/springframework/context/MessageSourceAware
instanceKlass com/fasterxml/jackson/databind/jsonFormatVisitors/JsonFormatVisitable
instanceKlass org/springframework/context/ApplicationEventPublisherAware
instanceKlass org/springframework/beans/factory/config/BeanExpressionContext
instanceKlass org/springframework/beans/factory/config/EmbeddedValueResolver
instanceKlass org/springframework/util/StringValueResolver
instanceKlass org/springframework/context/support/ApplicationContextAwareProcessor
instanceKlass org/springframework/beans/support/ResourceEditorRegistrar
instanceKlass org/springframework/expression/spel/SpelParserConfiguration
instanceKlass org/springframework/expression/Expression
instanceKlass org/springframework/expression/common/TemplateAwareExpressionParser
instanceKlass org/springframework/context/expression/StandardBeanExpressionResolver$1
instanceKlass com/fasterxml/jackson/databind/node/JsonNodeFactory
instanceKlass com/fasterxml/jackson/databind/node/JsonNodeCreator
instanceKlass org/springframework/expression/EvaluationContext
instanceKlass org/springframework/expression/TypeConverter
instanceKlass org/springframework/expression/TypeLocator
instanceKlass org/springframework/expression/BeanResolver
instanceKlass com/fasterxml/jackson/databind/cfg/ContextAttributes
instanceKlass org/springframework/expression/PropertyAccessor
instanceKlass org/springframework/expression/ExpressionParser
instanceKlass com/fasterxml/jackson/core/util/Separators
instanceKlass org/springframework/expression/ParserContext
instanceKlass org/springframework/context/expression/StandardBeanExpressionResolver
instanceKlass com/fasterxml/jackson/core/util/DefaultPrettyPrinter$NopIndenter
instanceKlass org/springframework/boot/context/logging/LoggingApplicationListener$Lifecycle
instanceKlass org/springframework/context/SmartLifecycle
instanceKlass org/springframework/context/Phased
instanceKlass com/fasterxml/jackson/databind/cfg/ConfigFeature
instanceKlass org/springframework/beans/factory/BeanFactoryUtils
instanceKlass com/fasterxml/jackson/databind/cfg/ConfigOverride
instanceKlass com/fasterxml/jackson/annotation/JsonFormat$Features
instanceKlass org/springframework/boot/logging/DeferredLog$1
instanceKlass org/springframework/boot/SpringApplicationRunListeners$$Lambda$209
instanceKlass javax/servlet/Filter
instanceKlass com/fasterxml/jackson/annotation/JsonFormat$Value
instanceKlass org/springframework/beans/factory/support/BeanDefinitionReaderUtils
instanceKlass org/springframework/context/annotation/Description
instanceKlass org/springframework/context/annotation/Role
instanceKlass com/fasterxml/jackson/databind/cfg/CoercionConfig
instanceKlass org/springframework/context/annotation/DependsOn
instanceKlass org/springframework/context/annotation/Primary
instanceKlass org/springframework/context/annotation/Lazy
instanceKlass java/beans/FeatureDescriptor
instanceKlass com/sun/beans/WeakCache
instanceKlass java/beans/Introspector
instanceKlass com/fasterxml/jackson/databind/cfg/CoercionConfigs
instanceKlass org/springframework/core/type/AnnotationMetadata$$Lambda$208
instanceKlass org/springframework/core/type/AnnotationMetadata$$Lambda$207
instanceKlass org/springframework/core/type/AnnotationMetadata$$Lambda$206
instanceKlass org/springframework/context/annotation/AnnotationBeanNameGenerator$$Lambda$205
instanceKlass org/springframework/core/annotation/AbstractMergedAnnotation$$Lambda$204
instanceKlass com/fasterxml/jackson/databind/introspect/VisibilityChecker$Std
instanceKlass org/springframework/core/annotation/TypeMappedAnnotation$$Lambda$203
instanceKlass org/springframework/core/type/AnnotationMetadata$$Lambda$202
instanceKlass org/springframework/core/type/AnnotationMetadata$$Lambda$201
instanceKlass org/springframework/core/type/AnnotationMetadata$$Lambda$200
instanceKlass org/springframework/core/annotation/TypeMappedAnnotations$Aggregate
instanceKlass com/fasterxml/jackson/annotation/JsonSetter$Value
instanceKlass org/springframework/core/annotation/TypeMappedAnnotations$AggregatesCollector
instanceKlass com/fasterxml/jackson/annotation/JsonInclude$Value
instanceKlass com/fasterxml/jackson/annotation/JacksonAnnotationValue
instanceKlass org/springframework/core/annotation/TypeMappedAnnotations$AggregatesSpliterator
instanceKlass com/fasterxml/jackson/databind/cfg/ConfigOverrides
instanceKlass org/springframework/core/annotation/AnnotationTypeMappings$$Lambda$199
instanceKlass org/springframework/context/annotation/ScopeMetadata
instanceKlass org/springframework/core/annotation/TypeMappedAnnotations$IsPresent
instanceKlass com/fasterxml/jackson/databind/introspect/AnnotatedClass$Creators
instanceKlass org/springframework/context/annotation/Conditional
instanceKlass com/fasterxml/jackson/databind/introspect/AnnotationCollector$NoAnnotations
instanceKlass org/springframework/core/type/StandardClassMetadata
instanceKlass org/springframework/core/type/AnnotationMetadata
instanceKlass org/springframework/core/type/ClassMetadata
instanceKlass com/fasterxml/jackson/databind/util/Annotations
instanceKlass com/fasterxml/jackson/databind/introspect/AnnotationCollector
instanceKlass com/fasterxml/jackson/databind/introspect/AnnotatedClassResolver
instanceKlass com/fasterxml/jackson/databind/cfg/MapperConfig
instanceKlass com/fasterxml/jackson/databind/BeanDescription
instanceKlass org/springframework/util/xml/XmlValidationModeDetector
instanceKlass com/fasterxml/jackson/databind/introspect/SimpleMixInResolver
instanceKlass com/fasterxml/jackson/databind/introspect/ClassIntrospector$MixInResolver
instanceKlass org/springframework/util/xml/SimpleSaxErrorHandler
instanceKlass org/springframework/beans/factory/xml/DefaultDocumentLoader
instanceKlass com/fasterxml/jackson/databind/util/RootNameLookup
instanceKlass org/springframework/beans/factory/parsing/NullSourceExtractor
instanceKlass org/springframework/beans/factory/parsing/EmptyReaderEventListener
instanceKlass com/fasterxml/jackson/core/sym/ByteQuadsCanonicalizer$TableInfo
instanceKlass com/fasterxml/jackson/core/sym/ByteQuadsCanonicalizer
instanceKlass org/springframework/beans/factory/parsing/FailFastProblemReporter
instanceKlass com/fasterxml/jackson/core/sym/CharsToNameCanonicalizer$Bucket
instanceKlass org/springframework/beans/factory/xml/DefaultBeanDefinitionDocumentReader
instanceKlass org/springframework/beans/factory/xml/BeanDefinitionDocumentReader
instanceKlass com/fasterxml/jackson/core/sym/CharsToNameCanonicalizer$TableInfo
instanceKlass com/fasterxml/jackson/core/sym/CharsToNameCanonicalizer
instanceKlass org/springframework/beans/factory/support/DefaultBeanNameGenerator
instanceKlass com/fasterxml/jackson/core/io/CharTypes
instanceKlass com/fasterxml/jackson/core/io/JsonStringEncoder
instanceKlass org/springframework/core/Constants
instanceKlass com/fasterxml/jackson/core/io/SerializedString
instanceKlass org/springframework/beans/factory/xml/NamespaceHandlerResolver
instanceKlass com/fasterxml/jackson/core/util/DefaultPrettyPrinter
instanceKlass com/fasterxml/jackson/core/util/Instantiatable
instanceKlass org/springframework/beans/factory/xml/DocumentLoader
instanceKlass org/springframework/beans/factory/parsing/SourceExtractor
instanceKlass org/springframework/beans/factory/parsing/ReaderEventListener
instanceKlass com/fasterxml/jackson/core/util/JacksonFeature
instanceKlass org/springframework/beans/factory/parsing/ProblemReporter
instanceKlass org/springframework/beans/factory/support/AbstractBeanDefinitionReader
instanceKlass com/fasterxml/jackson/core/async/ByteArrayFeeder
instanceKlass com/fasterxml/jackson/core/async/NonBlockingInputFeeder
instanceKlass org/springframework/boot/BeanDefinitionLoader
instanceKlass org/springframework/boot/SpringApplication$PropertySourceOrderingBeanFactoryPostProcessor
instanceKlass org/apache/logging/log4j/message/SimpleMessage
instanceKlass org/springframework/boot/SpringApplication$$Lambda$198
instanceKlass org/springframework/boot/StartupInfoLogger$$Lambda$197
instanceKlass org/apache/logging/log4j/message/Clearable
instanceKlass org/apache/logging/log4j/core/impl/MutableLogEvent
instanceKlass org/apache/logging/log4j/message/ParameterVisitable
instanceKlass org/apache/logging/log4j/message/ReusableMessage
instanceKlass org/apache/logging/log4j/core/impl/ReusableLogEventFactory
instanceKlass org/apache/logging/log4j/core/layout/ByteBufferDestinationHelper
instanceKlass com/fasterxml/jackson/core/TSFBuilder
instanceKlass org/apache/logging/log4j/core/layout/TextEncoderHelper
instanceKlass com/fasterxml/jackson/core/SerializableString
instanceKlass org/springframework/boot/StartupInfoLogger$$Lambda$196
instanceKlass org/springframework/boot/StartupInfoLogger$$Lambda$195
instanceKlass org/springframework/boot/system/ApplicationHome
instanceKlass org/springframework/boot/StartupInfoLogger$$Lambda$194
instanceKlass org/springframework/boot/StartupInfoLogger$$Lambda$193
instanceKlass org/springframework/boot/StartupInfoLogger$$Lambda$192
instanceKlass org/springframework/boot/StartupInfoLogger$$Lambda$191
instanceKlass com/fasterxml/jackson/databind/introspect/AccessorNamingStrategy
instanceKlass org/apache/logging/log4j/message/TimestampMessage
instanceKlass com/fasterxml/jackson/core/Base64Variant
instanceKlass org/apache/logging/log4j/message/LoggerNameAwareMessage
instanceKlass com/fasterxml/jackson/core/Base64Variants
instanceKlass org/apache/logging/log4j/core/impl/ContextDataFactory
instanceKlass org/apache/logging/log4j/message/ObjectMessage
instanceKlass com/fasterxml/jackson/databind/type/TypeBindings
instanceKlass org/springframework/boot/StartupInfoLogger$$Lambda$190
instanceKlass org/springframework/boot/StartupInfoLogger
instanceKlass com/fasterxml/jackson/databind/type/TypeParser
instanceKlass org/springframework/boot/SpringApplicationRunListeners$$Lambda$189
instanceKlass org/springframework/boot/autoconfigure/condition/ConditionEvaluationReport$AncestorsMatchedCondition
instanceKlass org/springframework/context/annotation/Condition
instanceKlass org/springframework/boot/autoconfigure/condition/ConditionEvaluationReport
instanceKlass org/springframework/boot/autoconfigure/logging/ConditionEvaluationReportLoggingListener$ConditionEvaluationReportListener
instanceKlass com/fasterxml/jackson/databind/type/TypeFactory
instanceKlass org/springframework/boot/rsocket/context/RSocketPortInfoApplicationContextInitializer$Listener
instanceKlass com/fasterxml/jackson/databind/cfg/BaseSettings
instanceKlass org/springframework/boot/context/ConfigurationWarningsApplicationContextInitializer$ComponentScanPackageCheck
instanceKlass com/fasterxml/jackson/databind/util/LRUMap
instanceKlass com/fasterxml/jackson/databind/util/LookupCache
instanceKlass org/springframework/boot/context/ConfigurationWarningsApplicationContextInitializer$Check
instanceKlass java/beans/ConstructorProperties
instanceKlass java/beans/Transient
instanceKlass com/fasterxml/jackson/databind/util/ClassUtil$Ctor
instanceKlass org/springframework/boot/context/ConfigurationWarningsApplicationContextInitializer$ConfigurationWarningsPostProcessor
instanceKlass com/fasterxml/jackson/databind/util/ClassUtil
instanceKlass org/springframework/beans/factory/support/DefaultListableBeanFactory$$Lambda$188
instanceKlass org/springframework/beans/factory/support/DefaultListableBeanFactory$$Lambda$187
instanceKlass org/springframework/boot/context/ContextIdApplicationContextInitializer$ContextId
instanceKlass org/springframework/boot/autoconfigure/SharedMetadataReaderFactoryContextInitializer$CachingMetadataReaderFactoryPostProcessor
instanceKlass com/fasterxml/jackson/databind/ext/Java7Support
instanceKlass com/fasterxml/jackson/annotation/JsonMerge
instanceKlass com/fasterxml/jackson/databind/annotation/JsonDeserialize
instanceKlass org/springframework/context/index/CandidateComponentsIndexLoader$$Lambda$186
instanceKlass com/fasterxml/jackson/annotation/JsonManagedReference
instanceKlass org/springframework/context/index/CandidateComponentsIndex
instanceKlass com/fasterxml/jackson/annotation/JsonBackReference
instanceKlass org/springframework/context/index/CandidateComponentsIndexLoader
instanceKlass com/fasterxml/jackson/annotation/JsonUnwrapped
instanceKlass org/springframework/core/io/DefaultResourceLoader$$Lambda$185
instanceKlass org/springframework/core/type/classreading/MetadataReader
instanceKlass com/fasterxml/jackson/annotation/JsonRawValue
instanceKlass org/springframework/core/type/classreading/SimpleMetadataReaderFactory
instanceKlass com/fasterxml/jackson/annotation/JsonTypeInfo
instanceKlass com/fasterxml/jackson/annotation/JsonFormat
instanceKlass com/fasterxml/jackson/annotation/JsonView
instanceKlass org/springframework/core/io/support/ResourcePatternUtils
instanceKlass com/fasterxml/jackson/databind/annotation/JsonSerialize
instanceKlass javax/annotation/ManagedBean
instanceKlass org/springframework/core/type/filter/AbstractTypeHierarchyTraversingFilter
instanceKlass com/fasterxml/jackson/databind/introspect/ConcreteBeanPropertyBase
instanceKlass com/fasterxml/jackson/databind/BeanProperty
instanceKlass org/springframework/beans/factory/support/BeanDefinitionDefaults
instanceKlass org/springframework/core/type/classreading/MetadataReaderFactory
instanceKlass org/springframework/context/annotation/ClassPathScanningCandidateComponentProvider
instanceKlass com/fasterxml/jackson/databind/introspect/BeanPropertyDefinition
instanceKlass com/fasterxml/jackson/databind/util/Named
instanceKlass org/springframework/context/event/DefaultEventListenerFactory
instanceKlass org/springframework/context/event/EventListenerFactory
instanceKlass com/fasterxml/jackson/databind/introspect/TypeResolutionContext
instanceKlass org/springframework/context/event/EventListenerMethodProcessor
instanceKlass org/springframework/beans/factory/SmartInitializingSingleton
instanceKlass org/springframework/beans/factory/annotation/InitDestroyAnnotationBeanPostProcessor
instanceKlass org/springframework/beans/factory/config/DestructionAwareBeanPostProcessor
instanceKlass com/fasterxml/jackson/databind/introspect/Annotated
instanceKlass org/springframework/beans/factory/annotation/AutowiredAnnotationBeanPostProcessor
instanceKlass org/springframework/beans/factory/support/MergedBeanDefinitionPostProcessor
instanceKlass org/springframework/beans/factory/config/SmartInstantiationAwareBeanPostProcessor
instanceKlass org/springframework/beans/factory/config/InstantiationAwareBeanPostProcessor
instanceKlass com/fasterxml/jackson/databind/introspect/VisibilityChecker
instanceKlass org/springframework/beans/factory/config/BeanDefinitionHolder
instanceKlass com/fasterxml/jackson/databind/introspect/ClassIntrospector
instanceKlass org/springframework/beans/factory/support/DefaultListableBeanFactory$$Lambda$184
instanceKlass org/springframework/beans/factory/support/DefaultListableBeanFactory$$Lambda$183
instanceKlass com/fasterxml/jackson/databind/jsontype/TypeResolverBuilder
instanceKlass org/springframework/beans/factory/support/MethodOverrides
instanceKlass org/springframework/context/annotation/ConfigurationClassPostProcessor
instanceKlass org/springframework/context/ApplicationStartupAware
instanceKlass org/springframework/beans/factory/support/BeanDefinitionRegistryPostProcessor
instanceKlass org/springframework/beans/factory/annotation/Qualifier
instanceKlass org/springframework/beans/factory/annotation/Value
instanceKlass org/springframework/aop/TargetSource
instanceKlass com/fasterxml/jackson/core/type/ResolvedType
instanceKlass com/fasterxml/jackson/databind/Module$SetupContext
instanceKlass org/springframework/context/annotation/AnnotationConfigUtils
instanceKlass org/springframework/context/annotation/ConditionEvaluator$ConditionContextImpl
instanceKlass org/springframework/context/annotation/ConditionContext
instanceKlass org/springframework/context/annotation/ConditionEvaluator
instanceKlass org/springframework/context/annotation/Scope
instanceKlass org/springframework/context/annotation/AnnotationBeanNameGenerator
instanceKlass com/fasterxml/jackson/databind/jsontype/PolymorphicTypeValidator
instanceKlass org/springframework/beans/factory/annotation/AnnotatedBeanDefinition
instanceKlass com/fasterxml/jackson/databind/introspect/AccessorNamingStrategy$Provider
instanceKlass org/springframework/core/type/AnnotatedTypeMetadata
instanceKlass org/springframework/context/annotation/AnnotatedBeanDefinitionReader
instanceKlass com/fasterxml/jackson/databind/AnnotationIntrospector
instanceKlass org/springframework/beans/factory/support/SimpleAutowireCandidateResolver
instanceKlass org/springframework/beans/factory/support/SimpleInstantiationStrategy
instanceKlass org/springframework/beans/factory/BeanNameAware
instanceKlass com/fasterxml/jackson/databind/ser/SerializerFactory
instanceKlass com/fasterxml/jackson/databind/deser/DeserializerFactory
instanceKlass org/springframework/core/OrderComparator$OrderSourceProvider
instanceKlass com/fasterxml/jackson/databind/DatabindContext
instanceKlass org/springframework/beans/factory/ObjectProvider
instanceKlass org/springframework/beans/factory/ObjectFactory
instanceKlass org/springframework/beans/factory/support/AutowireCandidateResolver
instanceKlass com/fasterxml/jackson/databind/jsontype/SubtypeResolver
instanceKlass org/springframework/util/ReflectionUtils$MethodCallback
instanceKlass com/fasterxml/jackson/core/TokenStreamFactory
instanceKlass org/springframework/core/AttributeAccessorSupport
instanceKlass org/springframework/beans/PropertyValues
instanceKlass com/fasterxml/jackson/databind/cfg/HandlerInstantiator
instanceKlass org/springframework/beans/BeanWrapper
instanceKlass org/springframework/beans/ConfigurablePropertyAccessor
instanceKlass org/springframework/beans/PropertyAccessor
instanceKlass com/fasterxml/jackson/databind/Module
instanceKlass org/springframework/http/converter/json/Jackson2ObjectMapperBuilder
instanceKlass org/springframework/beans/factory/InjectionPoint
instanceKlass org/springframework/beans/factory/support/InstantiationStrategy
instanceKlass com/fasterxml/jackson/core/PrettyPrinter
instanceKlass com/fasterxml/jackson/core/util/DefaultPrettyPrinter$Indenter
instanceKlass org/springframework/http/converter/GenericHttpMessageConverter
instanceKlass org/springframework/beans/factory/DisposableBean
instanceKlass org/springframework/http/converter/xml/Jaxb2RootElementHttpMessageConverter$$Lambda$182
instanceKlass com/sun/org/apache/xalan/internal/utils/XMLSecurityManager
instanceKlass com/sun/org/apache/xalan/internal/utils/SecuritySupport$9
instanceKlass com/sun/org/apache/xalan/internal/utils/SecuritySupport$4
instanceKlass com/sun/org/apache/xalan/internal/utils/SecuritySupport
instanceKlass com/sun/org/apache/xalan/internal/utils/FeaturePropertyBase
instanceKlass jdk/xml/internal/JdkXmlFeatures
instanceKlass javax/xml/transform/ErrorListener
instanceKlass com/sun/org/apache/xalan/internal/xsltc/compiler/SourceLoader
instanceKlass org/springframework/core/SimpleAliasRegistry
instanceKlass javax/xml/transform/SecuritySupport$1
instanceKlass javax/xml/transform/FactoryFinder$1
instanceKlass javax/xml/transform/SecuritySupport$5
instanceKlass javax/xml/transform/SecuritySupport$2
instanceKlass javax/xml/transform/SecuritySupport
instanceKlass javax/xml/transform/FactoryFinder
instanceKlass javax/xml/transform/TransformerFactory
instanceKlass javax/xml/transform/stream/StreamSource
instanceKlass javax/xml/transform/stax/StAXSource
instanceKlass javax/xml/transform/sax/SAXSource
instanceKlass javax/xml/transform/dom/DOMSource
instanceKlass org/springframework/http/converter/xml/SourceHttpMessageConverter$$Lambda$181
instanceKlass javax/xml/stream/XMLResolver
instanceKlass java/lang/invoke/LambdaForm$DMH
instanceKlass org/springframework/http/converter/xml/SourceHttpMessageConverter$$Lambda$180
instanceKlass java/lang/invoke/LambdaForm$DMH
instanceKlass org/apache/commons/logging/impl/NoOpLog
instanceKlass org/springframework/beans/factory/config/BeanDefinition
instanceKlass org/springframework/beans/BeanMetadataElement
instanceKlass org/springframework/core/log/CompositeLog
instanceKlass org/springframework/core/AttributeAccessor
instanceKlass org/springframework/core/log/LogDelegateFactory
instanceKlass org/springframework/beans/factory/config/ConfigurableListableBeanFactory
instanceKlass org/springframework/beans/factory/config/ConfigurableBeanFactory
instanceKlass org/springframework/beans/factory/config/SingletonBeanRegistry
instanceKlass org/springframework/http/HttpLogging
instanceKlass org/springframework/http/converter/AbstractHttpMessageConverter
instanceKlass org/springframework/context/LifecycleProcessor
instanceKlass org/springframework/beans/PropertyEditorRegistrar
instanceKlass org/springframework/beans/factory/config/BeanExpressionResolver
instanceKlass org/springframework/core/SmartClassLoader
instanceKlass org/springframework/beans/factory/config/BeanPostProcessor
instanceKlass org/springframework/beans/factory/config/AutowireCapableBeanFactory
instanceKlass com/fasterxml/jackson/core/JsonGenerator
instanceKlass org/springframework/beans/factory/support/BeanDefinitionRegistry
instanceKlass org/springframework/core/AliasRegistry
instanceKlass javax/xml/bind/Binder
instanceKlass org/springframework/util/MimeType$SpecificityComparator
instanceKlass org/springframework/http/MediaType$$Lambda$179
instanceKlass org/springframework/util/MimeType$$Lambda$178
instanceKlass org/springframework/ui/context/ThemeSource
instanceKlass org/springframework/util/LinkedCaseInsensitiveMap
instanceKlass org/springframework/boot/web/context/ConfigurableWebServerApplicationContext
instanceKlass org/springframework/boot/web/context/WebServerApplicationContext
instanceKlass org/springframework/util/MimeType
instanceKlass org/springframework/context/annotation/AnnotationConfigRegistry
instanceKlass org/springframework/boot/SpringApplicationBannerPrinter$PrintedBanner
instanceKlass java/io/Console$2
instanceKlass sun/misc/JavaIOAccess
instanceKlass java/io/Console$1
instanceKlass java/io/Console
instanceKlass org/springframework/boot/SpringBootVersion
instanceKlass org/springframework/http/HttpOutputMessage
instanceKlass org/springframework/http/HttpMessage
instanceKlass org/springframework/core/io/ContextResource
instanceKlass org/springframework/http/converter/FormHttpMessageConverter
instanceKlass org/springframework/http/converter/HttpMessageConverter
instanceKlass org/springframework/boot/SpringApplicationBannerPrinter$Banners
instanceKlass org/springframework/boot/SpringBootBanner
instanceKlass org/springframework/boot/autoconfigure/BackgroundPreinitializer$MessageConverterInitializer
instanceKlass org/springframework/boot/Banner
instanceKlass org/springframework/boot/SpringApplicationBannerPrinter
instanceKlass org/springframework/boot/autoconfigure/BackgroundPreinitializer$ValidationInitializer
instanceKlass org/springframework/boot/EnvironmentConverter
instanceKlass org/springframework/boot/autoconfigure/BackgroundPreinitializer$ConversionServiceInitializer
instanceKlass org/springframework/boot/context/properties/bind/Bindable$$Lambda$177
instanceKlass org/springframework/boot/context/properties/bind/Bindable$$Lambda$176
instanceKlass org/springframework/boot/autoconfigure/BackgroundPreinitializer$1
instanceKlass org/springframework/boot/logging/log4j2/Log4J2LoggingSystem$$Lambda$175
instanceKlass org/springframework/boot/context/logging/LoggingApplicationListener$$Lambda$174
instanceKlass org/springframework/boot/context/logging/LoggingApplicationListener$$Lambda$173
instanceKlass org/springframework/boot/context/logging/LoggingApplicationListener$$Lambda$172
instanceKlass org/springframework/boot/context/logging/LoggingApplicationListener$$Lambda$171
instanceKlass java/lang/invoke/LambdaForm$DMH
instanceKlass org/springframework/boot/logging/LoggingInitializationContext
instanceKlass org/springframework/core/convert/support/ConversionUtils
instanceKlass java/util/concurrent/ConcurrentLinkedDeque$AbstractItr
instanceKlass org/springframework/core/convert/support/GenericConversionService$ConverterCacheKey
instanceKlass org/springframework/core/env/AbstractPropertyResolver$$Lambda$170
instanceKlass org/springframework/util/PropertyPlaceholderHelper$PlaceholderResolver
instanceKlass org/springframework/boot/context/properties/source/ConfigurationProperty
instanceKlass org/springframework/boot/origin/SystemEnvironmentOrigin
instanceKlass org/springframework/boot/origin/PropertySourceOrigin
instanceKlass org/springframework/boot/logging/LoggerGroup
instanceKlass org/springframework/boot/logging/LoggerGroups$$Lambda$169
instanceKlass org/springframework/boot/logging/LoggerGroups
instanceKlass org/springframework/boot/logging/LogFile
instanceKlass org/springframework/boot/system/ApplicationPid
instanceKlass org/springframework/boot/logging/LoggingSystemProperties$$Lambda$168
instanceKlass org/springframework/boot/logging/LoggingSystemProperties
instanceKlass org/springframework/boot/ansi/AnsiElement
instanceKlass org/springframework/boot/context/config/AnsiOutputApplicationListener$$Lambda$167
instanceKlass java/lang/invoke/LambdaForm$DMH
instanceKlass org/springframework/boot/ansi/AnsiOutput
instanceKlass java/nio/channels/Channels
instanceKlass sun/nio/ch/FileDispatcherImpl$1
instanceKlass sun/nio/ch/NativeThreadSet
instanceKlass sun/nio/fs/WindowsChannelFactory$Flags
instanceKlass sun/nio/fs/WindowsChannelFactory$1
instanceKlass sun/nio/fs/WindowsChannelFactory
instanceKlass sun/nio/fs/WindowsSecurityDescriptor
instanceKlass java/nio/file/OpenOption
instanceKlass org/springframework/core/io/support/PathMatchingResourcePatternResolver$$Lambda$166
instanceKlass org/apache/commons/lang3/ArrayUtils
instanceKlass org/springframework/util/AntPathMatcher$AntPathStringMatcher
instanceKlass java/util/StringJoiner
instanceKlass org/springframework/boot/context/config/InvalidConfigDataPropertyException$$Lambda$165
instanceKlass org/springframework/boot/context/config/ConfigDataEnvironmentContributor$$Lambda$164
instanceKlass org/springframework/boot/context/config/ConfigDataLocationResolvers$$Lambda$163
instanceKlass org/springframework/boot/context/config/Profiles$$Lambda$162
instanceKlass org/springframework/boot/context/config/Profiles$$Lambda$161
instanceKlass java/lang/invoke/LambdaForm$DMH
instanceKlass org/springframework/boot/context/config/Profiles$Type$$Lambda$160
instanceKlass org/springframework/boot/context/config/Profiles$Type$$Lambda$159
instanceKlass java/lang/invoke/LambdaForm$DMH
instanceKlass org/springframework/boot/context/config/Profiles$$Lambda$158
instanceKlass org/springframework/boot/context/properties/bind/MapBinder$EntryBinder
instanceKlass org/springframework/boot/context/properties/bind/MapBinder$$Lambda$157
instanceKlass org/springframework/core/CollectionFactory
instanceKlass org/springframework/boot/context/config/ConfigDataEnvironment$$Lambda$156
instanceKlass java/lang/invoke/LambdaForm$DMH
instanceKlass org/springframework/boot/context/properties/bind/CollectionBinder$$Lambda$155
instanceKlass org/springframework/boot/context/config/Profiles
instanceKlass org/springframework/boot/context/config/ConfigDataEnvironment$$Lambda$154
instanceKlass org/springframework/boot/cloud/CloudPlatform$6$$Lambda$153
instanceKlass org/springframework/boot/context/config/ConfigDataEnvironmentContributors$$Lambda$152
instanceKlass org/springframework/boot/context/config/ConfigDataEnvironmentContributors$$Lambda$151
instanceKlass java/util/Spliterators$IteratorSpliterator
instanceKlass java/util/function/Predicate$$Lambda$150
instanceKlass java/lang/invoke/LambdaForm$MH
instanceKlass java/lang/invoke/LambdaForm$DMH
instanceKlass java/lang/invoke/LambdaForm$DMH
instanceKlass org/springframework/boot/context/config/ConfigDataEnvironmentContributors$$Lambda$149
instanceKlass java/lang/invoke/LambdaForm$DMH
instanceKlass org/springframework/boot/context/config/ConfigDataEnvironmentContributors$InactiveSourceChecker
instanceKlass org/springframework/boot/context/config/ConfigDataEnvironmentContributorPlaceholdersResolver
instanceKlass java/lang/invoke/LambdaForm$MH
instanceKlass java/lang/invoke/LambdaForm$DMH
instanceKlass java/lang/invoke/LambdaForm$DMH
instanceKlass org/springframework/boot/context/config/ConfigDataEnvironmentContributors$$Lambda$148
instanceKlass java/lang/invoke/LambdaForm$DMH
instanceKlass org/springframework/boot/context/config/ConfigDataEnvironmentContributor$$Lambda$147
instanceKlass org/springframework/boot/context/config/ConfigDataEnvironmentContributors$$Lambda$146
instanceKlass org/springframework/boot/context/config/ConfigDataEnvironmentContributors$$Lambda$145
instanceKlass org/springframework/boot/context/config/ConfigData
instanceKlass org/springframework/boot/context/config/ConfigDataLoaders$$Lambda$144
instanceKlass org/springframework/boot/context/config/ConfigDataLoaders$$Lambda$143
instanceKlass org/springframework/boot/context/config/ConfigDataResolutionResult
instanceKlass java/util/stream/Collectors$$Lambda$142
instanceKlass java/util/stream/Collectors$$Lambda$141
instanceKlass org/springframework/boot/context/config/StandardConfigDataLocationResolver$$Lambda$140
instanceKlass org/springframework/boot/context/config/StandardConfigDataLocationResolver$$Lambda$139
instanceKlass org/springframework/boot/context/config/StandardConfigDataLocationResolver$$Lambda$138
instanceKlass java/lang/invoke/LambdaForm$DMH
instanceKlass org/springframework/boot/context/config/LocationResourceLoader$$Lambda$137
instanceKlass org/springframework/boot/context/config/LocationResourceLoader$$Lambda$136
instanceKlass org/springframework/boot/context/config/LocationResourceLoader$$Lambda$135
instanceKlass org/springframework/boot/context/config/LocationResourceLoader$$Lambda$134
instanceKlass org/springframework/core/io/WritableResource
instanceKlass org/springframework/boot/context/config/LocationResourceLoader$$Lambda$133
instanceKlass java/lang/invoke/LambdaForm$BMH
instanceKlass java/util/ArrayDeque$DeqIterator
instanceKlass org/springframework/boot/context/config/StandardConfigDataReference
instanceKlass org/springframework/boot/context/config/ConfigDataLocationResolvers$$Lambda$132
instanceKlass org/springframework/boot/context/config/ConfigDataEnvironmentContributors$ContributorDataLoaderContext
instanceKlass org/springframework/boot/context/config/ConfigDataEnvironmentContributors$ContributorConfigDataLocationResolverContext
instanceKlass org/springframework/boot/context/config/ConfigDataEnvironmentContributor$ContributorIterator
instanceKlass org/springframework/boot/DefaultBootstrapContext$$Lambda$131
instanceKlass org/springframework/boot/BootstrapRegistry$InstanceSupplier$1
instanceKlass org/springframework/boot/BootstrapRegistry$InstanceSupplier$$Lambda$130
instanceKlass org/springframework/boot/BootstrapRegistry$InstanceSupplier
instanceKlass java/lang/invoke/LambdaForm$MH
instanceKlass org/springframework/boot/context/config/ConfigDataEnvironment$$Lambda$129
instanceKlass org/springframework/boot/context/config/ConfigDataActivationContext
instanceKlass org/springframework/boot/context/config/ConfigDataImporter
instanceKlass org/springframework/boot/context/config/ConfigDataEnvironmentContributors$$Lambda$128
instanceKlass org/springframework/boot/context/config/ConfigDataLocationResolverContext
instanceKlass org/springframework/boot/context/config/ConfigDataLoaderContext
instanceKlass org/springframework/boot/context/config/ConfigDataEnvironmentContributors
instanceKlass org/springframework/boot/context/config/ConfigDataProperties
instanceKlass org/springframework/boot/context/properties/bind/DataObjectPropertyName
instanceKlass org/springframework/boot/context/properties/bind/ValueObjectBinder$ConstructorParameter
instanceKlass org/springframework/core/SerializableTypeWrapper$MethodParameterTypeProvider
instanceKlass java/lang/invoke/LambdaForm$MH
instanceKlass java/lang/invoke/LambdaForm$DMH
instanceKlass org/springframework/core/MethodParameter$$Lambda$127
instanceKlass java/lang/invoke/LambdaForm$DMH
instanceKlass org/springframework/core/MethodParameter
instanceKlass org/springframework/boot/context/properties/bind/Name
instanceKlass org/springframework/boot/context/properties/bind/ValueObjectBinder$DefaultValueObject$$Lambda$126
instanceKlass org/springframework/boot/context/config/ConfigDataEnvironmentContributor
instanceKlass org/springframework/core/log/LogMessage
instanceKlass org/springframework/boot/context/config/ConfigData$Options
instanceKlass org/springframework/boot/context/config/ConfigData$AlwaysPropertySourceOptions
instanceKlass org/springframework/boot/context/config/ConfigData$PropertySourceOptions
instanceKlass org/springframework/boot/context/config/StandardConfigDataLoader
instanceKlass org/springframework/boot/context/config/ConfigDataResource
instanceKlass org/springframework/boot/context/config/ConfigTreeConfigDataLoader
instanceKlass org/springframework/boot/context/config/ConfigDataLoaders$$Lambda$125
instanceKlass org/springframework/boot/context/config/ConfigDataLoaders$$Lambda$124
instanceKlass org/springframework/boot/context/config/ConfigDataLoader
instanceKlass org/springframework/boot/context/config/ConfigDataLoaders
instanceKlass org/springframework/boot/context/config/ConfigDataEnvironmentUpdateListener$1
instanceKlass org/springframework/boot/context/config/StandardConfigDataLocationResolver$$Lambda$123
instanceKlass java/lang/invoke/LambdaForm$MH
instanceKlass java/lang/invoke/LambdaForm$DMH
instanceKlass java/lang/invoke/LambdaForm$DMH
instanceKlass org/springframework/boot/context/properties/bind/Binder$$Lambda$122
instanceKlass java/lang/invoke/LambdaForm$DMH
instanceKlass java/util/stream/StreamSpliterators$WrappingSpliterator$$Lambda$121
instanceKlass java/util/function/BooleanSupplier
instanceKlass java/util/stream/StreamSpliterators$WrappingSpliterator$$Lambda$120
instanceKlass java/lang/invoke/LambdaForm$DMH
instanceKlass java/util/stream/AbstractSpinedBuffer
instanceKlass java/util/Spliterators$1Adapter
instanceKlass java/util/stream/StreamSpliterators$AbstractWrappingSpliterator
instanceKlass java/util/stream/AbstractPipeline$$Lambda$119
instanceKlass org/springframework/boot/context/properties/source/SpringIterableConfigurationPropertySource$$Lambda$118
instanceKlass org/springframework/boot/context/properties/source/FilteredConfigurationPropertiesSource
instanceKlass org/springframework/boot/context/properties/bind/IndexedElementsBinder$$Lambda$117
instanceKlass org/springframework/boot/context/properties/bind/ArrayBinder$$Lambda$116
instanceKlass org/springframework/boot/context/properties/bind/AggregateBinder$AggregateSupplier
instanceKlass org/springframework/boot/context/properties/bind/Binder$$Lambda$115
instanceKlass org/springframework/boot/context/properties/bind/Binder$$Lambda$114
instanceKlass org/springframework/boot/context/properties/bind/AggregateElementBinder
instanceKlass org/springframework/boot/env/YamlPropertySourceLoader
instanceKlass org/springframework/boot/env/PropertiesPropertySourceLoader
instanceKlass org/springframework/boot/env/PropertySourceLoader
instanceKlass org/springframework/boot/context/config/StandardConfigDataLocationResolver
instanceKlass org/springframework/boot/context/config/LocationResourceLoader$$Lambda$113
instanceKlass java/util/Comparator$$Lambda$112
instanceKlass org/springframework/boot/context/config/LocationResourceLoader$$Lambda$111
instanceKlass org/springframework/boot/context/config/LocationResourceLoader
instanceKlass org/springframework/boot/context/config/ConfigTreeConfigDataLocationResolver
instanceKlass org/springframework/boot/context/config/ConfigDataLocationResolvers$$Lambda$110
instanceKlass org/springframework/boot/context/config/ConfigDataLocationResolvers$$Lambda$109
instanceKlass java/lang/invoke/LambdaForm$DMH
instanceKlass org/springframework/boot/context/config/ConfigDataLocationResolver
instanceKlass org/springframework/boot/context/config/ConfigDataLocationResolvers
instanceKlass org/springframework/boot/context/properties/bind/JavaBeanBinder$Bean
instanceKlass org/springframework/boot/context/properties/bind/ValueObjectBinder$ValueObject
instanceKlass java/lang/invoke/LambdaForm$MH
instanceKlass org/springframework/boot/context/properties/bind/Binder$$Lambda$108
instanceKlass java/lang/invoke/LambdaForm$MH
instanceKlass org/springframework/boot/context/properties/bind/Binder$$Lambda$107
instanceKlass org/springframework/boot/context/properties/bind/DataObjectPropertyBinder
instanceKlass org/springframework/boot/context/properties/bind/BindResult
instanceKlass org/springframework/boot/context/properties/bind/Binder$Context
instanceKlass org/springframework/boot/context/config/UseLegacyConfigProcessingException$UseLegacyProcessingBindHandler
instanceKlass org/springframework/boot/context/properties/bind/JavaBeanBinder
instanceKlass org/springframework/boot/context/properties/bind/ValueObjectBinder
instanceKlass org/springframework/boot/context/properties/bind/DataObjectBinder
instanceKlass org/springframework/boot/context/properties/bind/DefaultBindConstructorProvider
instanceKlass org/springframework/boot/context/properties/bind/BindConstructorProvider
instanceKlass org/springframework/boot/context/properties/bind/BindHandler$1
instanceKlass org/springframework/boot/context/properties/bind/BindHandler
instanceKlass org/springframework/beans/TypeConverterDelegate
instanceKlass org/springframework/beans/PropertyEditorRegistrySupport
instanceKlass org/springframework/beans/PropertyEditorRegistry
instanceKlass org/springframework/beans/TypeConverter
instanceKlass java/beans/PropertyEditorSupport
instanceKlass java/beans/PropertyEditor
instanceKlass org/springframework/boot/context/properties/bind/BindConverter$TypeConverterConverter
instanceKlass org/springframework/boot/context/properties/bind/BindConverter
instanceKlass org/springframework/util/PropertyPlaceholderHelper
instanceKlass org/springframework/boot/context/properties/bind/PropertySourcesPlaceholdersResolver
instanceKlass org/springframework/boot/context/properties/bind/AggregateBinder
instanceKlass org/springframework/boot/context/properties/bind/BindContext
instanceKlass org/springframework/boot/context/properties/bind/Binder
instanceKlass org/springframework/boot/context/config/ConfigDataLocation
instanceKlass org/springframework/boot/context/properties/bind/PlaceholdersResolver
instanceKlass org/springframework/boot/origin/OriginProvider
instanceKlass org/springframework/boot/context/config/ConfigDataEnvironment
instanceKlass org/springframework/boot/context/properties/source/ConfigurationPropertyName$$Lambda$106
instanceKlass org/springframework/boot/context/properties/source/ConfigurationPropertyName$ElementCharPredicate
instanceKlass java/lang/invoke/LambdaForm$DMH
instanceKlass org/springframework/boot/env/SpringApplicationJsonEnvironmentPostProcessor$$Lambda$105
instanceKlass java/lang/invoke/LambdaForm$DMH
instanceKlass java/util/stream/Sink$OfInt
instanceKlass java/util/function/IntConsumer
instanceKlass java/util/Spliterators$IntIteratorSpliterator
instanceKlass java/lang/CharSequence$1CharIterator
instanceKlass java/util/PrimitiveIterator$OfInt
instanceKlass java/util/PrimitiveIterator
instanceKlass java/util/stream/MatchOps$$Lambda$104
instanceKlass org/springframework/boot/context/properties/source/SystemEnvironmentPropertyMapper$$Lambda$103
instanceKlass java/util/function/IntPredicate
instanceKlass java/lang/invoke/LambdaForm$DMH
instanceKlass java/util/stream/IntStream
instanceKlass java/lang/CharSequence$$Lambda$102
instanceKlass org/springframework/boot/context/properties/source/SystemEnvironmentPropertyMapper$$Lambda$101
instanceKlass java/util/function/BiPredicate$$Lambda$100
instanceKlass java/lang/invoke/LambdaForm$DMH
instanceKlass org/springframework/boot/context/properties/source/SystemEnvironmentPropertyMapper$$Lambda$99
instanceKlass org/springframework/jndi/JndiTemplate$$Lambda$98
instanceKlass org/springframework/jndi/JndiCallback
instanceKlass sun/invoke/util/VerifyAccess$1
instanceKlass org/springframework/boot/context/properties/source/SpringIterableConfigurationPropertySource$Mappings$$Lambda$97
instanceKlass org/springframework/boot/context/properties/source/SpringIterableConfigurationPropertySource$$Lambda$96
instanceKlass org/springframework/boot/context/properties/source/SpringIterableConfigurationPropertySource$$Lambda$95
instanceKlass org/springframework/boot/context/properties/source/SpringIterableConfigurationPropertySource$$Lambda$94
instanceKlass org/springframework/boot/context/properties/source/SpringIterableConfigurationPropertySource$Mappings
instanceKlass org/springframework/boot/context/properties/source/DefaultPropertyMapper$LastMapping
instanceKlass org/springframework/boot/context/properties/source/SoftReferenceConfigurationPropertyCache
instanceKlass org/springframework/boot/context/properties/source/ConfigurationPropertyCaching
instanceKlass org/springframework/boot/context/properties/source/SystemEnvironmentPropertyMapper
instanceKlass org/springframework/boot/context/properties/source/PropertyMapper$$Lambda$93
instanceKlass java/util/function/BiPredicate
instanceKlass java/lang/invoke/LambdaForm$DMH
instanceKlass org/springframework/boot/context/properties/source/DefaultPropertyMapper
instanceKlass org/springframework/boot/context/properties/source/PropertyMapper
instanceKlass org/springframework/boot/context/properties/source/CachingConfigurationPropertySource
instanceKlass org/springframework/boot/context/properties/source/IterableConfigurationPropertySource
instanceKlass org/springframework/boot/context/properties/source/SpringConfigurationPropertySource
instanceKlass org/springframework/boot/context/properties/source/SpringConfigurationPropertySources$$Lambda$92
instanceKlass org/springframework/boot/context/properties/source/SpringConfigurationPropertySources$SourcesIterator
instanceKlass java/util/stream/FindOps$$Lambda$91
instanceKlass java/util/stream/FindOps$FindSink
instanceKlass java/util/stream/FindOps$$Lambda$90
instanceKlass java/util/stream/FindOps$FindOp
instanceKlass java/util/stream/FindOps
instanceKlass org/springframework/boot/env/SpringApplicationJsonEnvironmentPostProcessor$$Lambda$89
instanceKlass org/springframework/boot/env/SpringApplicationJsonEnvironmentPostProcessor$$Lambda$88
instanceKlass org/springframework/boot/env/SpringApplicationJsonEnvironmentPostProcessor$JsonPropertyValue
instanceKlass java/util/Spliterators$ArraySpliterator
instanceKlass java/util/Spliterator$OfDouble
instanceKlass java/util/Spliterator$OfLong
instanceKlass java/util/Spliterator$OfInt
instanceKlass java/util/Spliterator$OfPrimitive
instanceKlass java/util/Spliterators$EmptySpliterator
instanceKlass java/util/Spliterators
instanceKlass org/springframework/boot/origin/Origin
instanceKlass org/springframework/boot/logging/DeferredLog$Line
instanceKlass org/springframework/boot/autoconfigure/integration/IntegrationPropertiesEnvironmentPostProcessor
instanceKlass org/springframework/boot/reactor/DebugAgentEnvironmentPostProcessor
instanceKlass org/springframework/boot/env/SystemEnvironmentPropertySourceEnvironmentPostProcessor
instanceKlass org/springframework/boot/env/SpringApplicationJsonEnvironmentPostProcessor
instanceKlass org/springframework/boot/env/RandomValuePropertySourceEnvironmentPostProcessor
instanceKlass org/springframework/boot/context/config/ConfigDataEnvironmentUpdateListener
instanceKlass org/springframework/boot/context/config/ConfigDataEnvironmentPostProcessor
instanceKlass org/springframework/boot/logging/DeferredLog
instanceKlass org/springframework/boot/logging/DeferredLogs$$Lambda$87
instanceKlass org/springframework/boot/cloud/CloudFoundryVcapEnvironmentPostProcessor
instanceKlass org/apache/logging/slf4j/Log4jMarker
instanceKlass org/slf4j/Marker
instanceKlass org/apache/logging/slf4j/Log4jMarkerFactory
instanceKlass org/slf4j/impl/StaticMarkerBinder
instanceKlass org/slf4j/spi/MarkerFactoryBinder
instanceKlass org/slf4j/IMarkerFactory
instanceKlass org/slf4j/MarkerFactory
instanceKlass org/apache/logging/slf4j/Log4jLogger
instanceKlass org/slf4j/spi/LocationAwareLogger
instanceKlass org/apache/logging/slf4j/Log4jLoggerFactory$$Lambda$86
instanceKlass org/apache/logging/log4j/spi/AbstractLoggerAdapter
instanceKlass org/apache/logging/log4j/spi/LoggerAdapter
instanceKlass org/slf4j/impl/StaticLoggerBinder
instanceKlass org/slf4j/spi/LoggerFactoryBinder
instanceKlass org/slf4j/helpers/Util
instanceKlass org/slf4j/helpers/NOPLoggerFactory
instanceKlass org/slf4j/Logger
instanceKlass org/slf4j/helpers/SubstituteLoggerFactory
instanceKlass org/slf4j/event/LoggingEvent
instanceKlass org/slf4j/ILoggerFactory
instanceKlass org/slf4j/LoggerFactory
instanceKlass org/springframework/util/AntPathMatcher$PathSeparatorPatternCache
instanceKlass org/springframework/util/AntPathMatcher
instanceKlass org/springframework/util/PathMatcher
instanceKlass org/springframework/core/io/support/PathMatchingResourcePatternResolver
instanceKlass com/ais/cs/csmf/core/config/env/SysEnvironmentPostProcessor
instanceKlass org/springframework/boot/util/Instantiator$TypeSupplier$1
instanceKlass org/springframework/boot/util/Instantiator$$Lambda$85
instanceKlass org/springframework/boot/util/Instantiator$$Lambda$84
instanceKlass org/springframework/boot/util/Instantiator$TypeSupplier
instanceKlass org/springframework/boot/env/ReflectionEnvironmentPostProcessorsFactory$$Lambda$83
instanceKlass java/lang/invoke/LambdaForm$DMH
instanceKlass org/springframework/boot/util/Instantiator$1$$Lambda$82
instanceKlass org/springframework/boot/util/Instantiator$1
instanceKlass org/springframework/boot/env/ReflectionEnvironmentPostProcessorsFactory$$Lambda$81
instanceKlass org/springframework/boot/util/Instantiator$AvailableParameters
instanceKlass org/springframework/boot/util/Instantiator$$Lambda$80
instanceKlass org/springframework/boot/util/Instantiator$FailureHandler
instanceKlass java/util/Collections$ReverseComparator2
instanceKlass java/util/Comparator$$Lambda$79
instanceKlass java/lang/invoke/LambdaForm$DMH
instanceKlass org/springframework/boot/util/Instantiator$$Lambda$78
instanceKlass java/util/function/ToIntFunction
instanceKlass java/lang/invoke/LambdaForm$DMH
instanceKlass org/springframework/boot/util/Instantiator
instanceKlass org/springframework/boot/env/EnvironmentPostProcessor
instanceKlass org/springframework/boot/env/ReflectionEnvironmentPostProcessorsFactory
instanceKlass org/springframework/web/context/request/RequestContextHolder
instanceKlass org/springframework/beans/factory/config/Scope
instanceKlass org/springframework/web/context/support/WebApplicationContextUtils
instanceKlass org/springframework/boot/SpringApplicationRunListeners$$Lambda$77
instanceKlass org/springframework/boot/context/properties/source/ConfigurationPropertySource
instanceKlass org/springframework/boot/context/properties/source/SpringConfigurationPropertySources
instanceKlass org/springframework/boot/convert/CharSequenceToObjectConverter
instanceKlass org/springframework/boot/convert/LenientObjectToEnumConverterFactory
instanceKlass org/springframework/boot/convert/InputStreamSourceToByteArrayConverter
instanceKlass org/springframework/core/io/DefaultResourceLoader
instanceKlass org/springframework/boot/convert/StringToFileConverter
instanceKlass org/springframework/boot/convert/NumberToDataSizeConverter
instanceKlass org/springframework/util/unit/DataSize
instanceKlass org/springframework/boot/convert/StringToDataSizeConverter
instanceKlass org/springframework/boot/convert/NumberToPeriodConverter
instanceKlass org/springframework/boot/convert/PeriodToStringConverter
instanceKlass org/springframework/boot/convert/StringToPeriodConverter
instanceKlass org/springframework/boot/convert/DurationToNumberConverter
instanceKlass org/springframework/boot/convert/NumberToDurationConverter
instanceKlass org/springframework/boot/convert/DurationToStringConverter
instanceKlass org/springframework/boot/convert/StringToDurationConverter
instanceKlass org/springframework/boot/convert/DelimitedStringToCollectionConverter
instanceKlass org/springframework/boot/convert/DelimitedStringToArrayConverter
instanceKlass org/springframework/boot/convert/CollectionToDelimitedStringConverter
instanceKlass org/springframework/boot/convert/ArrayToDelimitedStringConverter
instanceKlass org/springframework/boot/convert/IsoOffsetFormatter
instanceKlass org/springframework/boot/convert/InetAddressFormatter
instanceKlass org/springframework/format/support/FormattingConversionService$$Lambda$76
instanceKlass org/springframework/boot/convert/CharArrayFormatter
instanceKlass org/springframework/format/datetime/joda/MonthDayFormatter
instanceKlass org/springframework/format/datetime/joda/YearMonthFormatter
instanceKlass org/springframework/format/datetime/joda/DurationFormatter
instanceKlass org/joda/time/base/AbstractDuration
instanceKlass org/joda/time/ReadableDuration
instanceKlass org/springframework/format/datetime/joda/PeriodFormatter
instanceKlass org/joda/time/base/AbstractPeriod
instanceKlass org/joda/time/ReadablePeriod
instanceKlass org/springframework/format/datetime/joda/DateTimeParser
instanceKlass org/springframework/format/datetime/joda/ReadableInstantPrinter
instanceKlass org/springframework/format/datetime/joda/LocalDateTimeParser
instanceKlass org/springframework/format/datetime/joda/LocalTimeParser
instanceKlass org/springframework/format/datetime/joda/LocalDateParser
instanceKlass org/springframework/format/datetime/joda/ReadablePartialPrinter
instanceKlass org/joda/time/format/DateTimeFormatter
instanceKlass org/joda/time/format/DateTimeFormat$StyleFormatter
instanceKlass java/util/concurrent/atomic/AtomicReferenceArray
instanceKlass org/joda/time/format/InternalParser
instanceKlass org/joda/time/format/InternalPrinter
instanceKlass org/joda/time/format/DateTimeFormat
instanceKlass org/springframework/format/datetime/joda/JodaTimeFormatterRegistrar$1
instanceKlass org/springframework/format/datetime/joda/JodaTimeConverters$LocalDateTimeToLocalTimeConverter
instanceKlass org/springframework/format/datetime/joda/JodaTimeConverters$LocalDateTimeToLocalDateConverter
instanceKlass org/springframework/format/datetime/joda/JodaTimeConverters$LongToReadableInstantConverter
instanceKlass org/springframework/format/datetime/joda/JodaTimeConverters$CalendarToReadableInstantConverter
instanceKlass org/springframework/format/datetime/joda/JodaTimeConverters$DateToReadableInstantConverter
instanceKlass org/springframework/format/datetime/joda/JodaTimeConverters$DateTimeToLongConverter
instanceKlass org/springframework/format/datetime/joda/JodaTimeConverters$DateTimeToCalendarConverter
instanceKlass org/springframework/format/datetime/joda/JodaTimeConverters$DateTimeToDateConverter
instanceKlass org/springframework/format/datetime/joda/JodaTimeConverters$DateTimeToInstantConverter
instanceKlass org/joda/time/ReadWritableDateTime
instanceKlass org/joda/time/ReadWritableInstant
instanceKlass org/springframework/format/datetime/joda/JodaTimeConverters$DateTimeToMutableDateTimeConverter
instanceKlass org/springframework/format/datetime/joda/JodaTimeConverters$DateTimeToDateMidnightConverter
instanceKlass org/springframework/format/datetime/joda/JodaTimeConverters$DateTimeToLocalDateTimeConverter
instanceKlass org/springframework/format/datetime/joda/JodaTimeConverters$DateTimeToLocalTimeConverter
instanceKlass org/joda/time/base/AbstractInstant
instanceKlass org/joda/time/ReadableDateTime
instanceKlass org/joda/time/ReadableInstant
instanceKlass org/springframework/format/datetime/joda/JodaTimeConverters$DateTimeToLocalDateConverter
instanceKlass org/springframework/format/datetime/joda/JodaTimeConverters
instanceKlass org/springframework/format/datetime/joda/DateTimeFormatterFactory
instanceKlass org/springframework/format/datetime/joda/JodaTimeFormatterRegistrar
instanceKlass org/springframework/format/annotation/DateTimeFormat
instanceKlass org/springframework/format/datetime/standard/MonthDayFormatter
instanceKlass java/time/MonthDay
instanceKlass org/springframework/format/datetime/standard/YearMonthFormatter
instanceKlass java/time/YearMonth
instanceKlass org/springframework/format/datetime/standard/MonthFormatter
instanceKlass org/springframework/format/datetime/standard/YearFormatter
instanceKlass java/time/Year
instanceKlass org/springframework/format/datetime/standard/DurationFormatter
instanceKlass org/springframework/format/datetime/standard/PeriodFormatter
instanceKlass org/springframework/format/datetime/standard/InstantFormatter
instanceKlass java/time/OffsetTime
instanceKlass org/springframework/format/support/FormattingConversionService$ParserConverter
instanceKlass org/springframework/format/support/FormattingConversionService$PrinterConverter
instanceKlass org/springframework/format/datetime/standard/TemporalAccessorParser
instanceKlass org/springframework/format/datetime/standard/TemporalAccessorPrinter
instanceKlass java/time/format/DateTimeFormatterBuilder$LocalizedPrinterParser
instanceKlass org/springframework/format/datetime/standard/DateTimeFormatterRegistrar$1
instanceKlass org/springframework/format/datetime/standard/DateTimeConverters$InstantToLongConverter
instanceKlass org/springframework/format/datetime/standard/DateTimeConverters$LongToInstantConverter
instanceKlass org/springframework/format/datetime/standard/DateTimeConverters$CalendarToInstantConverter
instanceKlass org/springframework/format/datetime/standard/DateTimeConverters$CalendarToLocalDateTimeConverter
instanceKlass org/springframework/format/datetime/standard/DateTimeConverters$CalendarToLocalTimeConverter
instanceKlass org/springframework/format/datetime/standard/DateTimeConverters$CalendarToLocalDateConverter
instanceKlass org/springframework/format/datetime/standard/DateTimeConverters$CalendarToOffsetDateTimeConverter
instanceKlass org/springframework/format/datetime/standard/DateTimeConverters$CalendarToZonedDateTimeConverter
instanceKlass org/springframework/format/datetime/standard/DateTimeConverters$OffsetDateTimeToInstantConverter
instanceKlass org/springframework/format/datetime/standard/DateTimeConverters$OffsetDateTimeToZonedDateTimeConverter
instanceKlass org/springframework/format/datetime/standard/DateTimeConverters$OffsetDateTimeToLocalDateTimeConverter
instanceKlass org/springframework/format/datetime/standard/DateTimeConverters$OffsetDateTimeToLocalTimeConverter
instanceKlass org/springframework/format/datetime/standard/DateTimeConverters$OffsetDateTimeToLocalDateConverter
instanceKlass org/springframework/format/datetime/standard/DateTimeConverters$ZonedDateTimeToInstantConverter
instanceKlass java/time/OffsetDateTime
instanceKlass org/springframework/format/datetime/standard/DateTimeConverters$ZonedDateTimeToOffsetDateTimeConverter
instanceKlass org/springframework/format/datetime/standard/DateTimeConverters$ZonedDateTimeToLocalDateTimeConverter
instanceKlass org/springframework/format/datetime/standard/DateTimeConverters$ZonedDateTimeToLocalTimeConverter
instanceKlass org/springframework/format/datetime/standard/DateTimeConverters$ZonedDateTimeToLocalDateConverter
instanceKlass org/springframework/format/datetime/standard/DateTimeConverters$LocalDateTimeToLocalTimeConverter
instanceKlass org/springframework/format/datetime/standard/DateTimeConverters$LocalDateTimeToLocalDateConverter
instanceKlass org/springframework/format/datetime/DateFormatterRegistrar$LongToCalendarConverter
instanceKlass org/springframework/format/datetime/DateFormatterRegistrar$LongToDateConverter
instanceKlass org/springframework/format/datetime/DateFormatterRegistrar$CalendarToLongConverter
instanceKlass org/springframework/format/datetime/DateFormatterRegistrar$CalendarToDateConverter
instanceKlass org/springframework/format/datetime/DateFormatterRegistrar$DateToCalendarConverter
instanceKlass org/springframework/format/datetime/DateFormatterRegistrar$DateToLongConverter
instanceKlass org/springframework/format/datetime/DateFormatterRegistrar
instanceKlass org/springframework/format/datetime/standard/DateTimeConverters
instanceKlass org/springframework/format/datetime/standard/DateTimeFormatterFactory
instanceKlass org/springframework/format/datetime/standard/DateTimeFormatterRegistrar
instanceKlass org/springframework/format/FormatterRegistrar
instanceKlass org/springframework/format/support/FormattingConversionService$AnnotationParserConverter
instanceKlass org/springframework/format/support/FormattingConversionService$AnnotationPrinterConverter
instanceKlass org/springframework/util/NumberUtils
instanceKlass org/springframework/core/GenericTypeResolver$$Lambda$75
instanceKlass org/springframework/format/annotation/NumberFormat
instanceKlass org/springframework/core/GenericTypeResolver
instanceKlass org/springframework/context/support/EmbeddedValueResolutionSupport
instanceKlass org/joda/time/base/AbstractPartial
instanceKlass org/joda/time/ReadablePartial
instanceKlass org/springframework/format/AnnotationFormatterFactory
instanceKlass org/springframework/core/convert/support/ObjectToOptionalConverter
instanceKlass org/springframework/core/convert/support/FallbackObjectToStringConverter
instanceKlass org/springframework/core/convert/support/IdToEntityConverter
instanceKlass org/springframework/core/convert/support/ObjectToObjectConverter
instanceKlass java/time/ZonedDateTime
instanceKlass org/springframework/core/convert/support/ZonedDateTimeToCalendarConverter
instanceKlass org/springframework/core/convert/support/ZoneIdToTimeZoneConverter
instanceKlass org/springframework/core/convert/support/StringToTimeZoneConverter
instanceKlass org/springframework/core/convert/support/ByteBufferConverter
instanceKlass org/springframework/core/convert/TypeDescriptor$AnnotatedElementAdapter
instanceKlass org/springframework/core/convert/TypeDescriptor
instanceKlass org/springframework/core/convert/support/StreamConverter
instanceKlass org/springframework/core/convert/support/ObjectToCollectionConverter
instanceKlass org/springframework/core/convert/support/CollectionToObjectConverter
instanceKlass org/springframework/core/convert/support/StringToCollectionConverter
instanceKlass org/springframework/core/convert/support/ObjectToArrayConverter
instanceKlass org/springframework/core/convert/support/ArrayToObjectConverter
instanceKlass org/springframework/core/convert/support/StringToArrayConverter
instanceKlass org/springframework/core/convert/support/CollectionToStringConverter
instanceKlass org/springframework/core/convert/support/ArrayToStringConverter
instanceKlass org/springframework/core/convert/support/MapToMapConverter
instanceKlass org/springframework/core/convert/support/CollectionToCollectionConverter
instanceKlass org/springframework/core/convert/support/ArrayToArrayConverter
instanceKlass org/springframework/core/convert/support/CollectionToArrayConverter
instanceKlass org/springframework/core/convert/support/ArrayToCollectionConverter
instanceKlass org/springframework/core/convert/support/StringToUUIDConverter
instanceKlass org/springframework/core/convert/support/PropertiesToStringConverter
instanceKlass org/springframework/core/convert/support/StringToPropertiesConverter
instanceKlass org/springframework/core/convert/support/StringToCurrencyConverter
instanceKlass org/springframework/core/convert/support/StringToCharsetConverter
instanceKlass org/springframework/core/convert/support/StringToLocaleConverter
instanceKlass org/springframework/core/convert/support/IntegerToEnumConverterFactory
instanceKlass org/springframework/core/convert/support/AbstractConditionalEnumConverter
instanceKlass org/springframework/core/convert/support/StringToEnumConverterFactory
instanceKlass org/springframework/core/convert/support/StringToBooleanConverter
instanceKlass org/springframework/core/convert/support/CharacterToNumberFactory
instanceKlass org/springframework/core/convert/support/NumberToCharacterConverter
instanceKlass org/springframework/core/convert/support/StringToCharacterConverter
instanceKlass org/springframework/core/convert/support/GenericConversionService$ConverterAdapter
instanceKlass org/springframework/core/convert/support/ObjectToStringConverter
instanceKlass org/springframework/core/convert/support/StringToNumberConverterFactory
instanceKlass org/springframework/core/convert/support/GenericConversionService$Converters$$Lambda$74
instanceKlass org/springframework/core/convert/support/GenericConversionService$ConvertersForPair
instanceKlass org/springframework/core/convert/converter/GenericConverter$ConvertiblePair
instanceKlass org/springframework/core/convert/support/GenericConversionService$ConverterFactoryAdapter
instanceKlass org/springframework/core/convert/converter/ConditionalGenericConverter
instanceKlass org/springframework/core/convert/support/NumberToNumberConverterFactory
instanceKlass org/springframework/core/convert/converter/ConditionalConverter
instanceKlass org/springframework/core/convert/support/GenericConversionService$Converters
instanceKlass org/springframework/core/convert/support/GenericConversionService$NoOpConverter
instanceKlass org/springframework/format/Formatter
instanceKlass org/springframework/core/convert/converter/ConverterFactory
instanceKlass org/springframework/core/convert/converter/Converter
instanceKlass org/springframework/format/Parser
instanceKlass org/springframework/format/Printer
instanceKlass org/springframework/core/convert/converter/GenericConverter
instanceKlass org/springframework/core/convert/support/GenericConversionService
instanceKlass org/springframework/context/EmbeddedValueResolverAware
instanceKlass org/springframework/format/FormatterRegistry
instanceKlass org/springframework/jndi/JndiTemplate
instanceKlass org/springframework/jndi/JndiAccessor
instanceKlass org/springframework/core/env/AbstractPropertyResolver
instanceKlass org/springframework/boot/origin/OriginLookup
instanceKlass org/springframework/boot/context/properties/source/ConfigurationPropertySources
instanceKlass org/springframework/core/env/MutablePropertySources
instanceKlass org/springframework/core/env/PropertySources
instanceKlass org/springframework/core/env/AbstractEnvironment
instanceKlass org/springframework/web/context/ConfigurableWebEnvironment
instanceKlass org/springframework/boot/SpringApplication$1
instanceKlass org/springframework/core/env/CommandLineArgs
instanceKlass org/springframework/core/env/SimpleCommandLineArgsParser
instanceKlass org/springframework/boot/DefaultApplicationArguments
instanceKlass org/apache/logging/log4j/util/StackLocator
instanceKlass org/apache/logging/log4j/util/StackLocatorUtil
instanceKlass org/springframework/boot/logging/AbstractLoggingSystem$LogLevels
instanceKlass org/springframework/boot/logging/LoggerConfigurationComparator
instanceKlass org/springframework/boot/logging/java/JavaLoggingSystem$Factory
instanceKlass org/springframework/boot/logging/log4j2/Log4J2LoggingSystem$Factory
instanceKlass org/springframework/boot/logging/logback/LogbackLoggingSystem$Factory
instanceKlass org/springframework/boot/logging/LoggingSystemFactory$$Lambda$73
instanceKlass org/springframework/boot/logging/DelegatingLoggingSystemFactory
instanceKlass org/springframework/boot/logging/LoggingSystemFactory
instanceKlass org/springframework/boot/logging/LoggingSystem
instanceKlass org/springframework/aop/SpringProxy
instanceKlass org/springframework/aop/support/AopUtils
instanceKlass org/springframework/core/ResolvableType$WildcardBounds
instanceKlass org/springframework/context/event/GenericApplicationListenerAdapter
instanceKlass org/springframework/context/event/AbstractApplicationEventMulticaster$CachedListenerRetriever
instanceKlass org/springframework/context/event/AbstractApplicationEventMulticaster$ListenerCacheKey
instanceKlass org/springframework/core/ResolvableTypeProvider
instanceKlass org/springframework/boot/SpringApplicationRunListeners$$Lambda$72
instanceKlass org/springframework/boot/SpringApplicationRunListeners$$Lambda$71
instanceKlass org/springframework/aop/framework/Advised
instanceKlass org/springframework/aop/TargetClassAware
instanceKlass java/lang/reflect/AnnotatedType
instanceKlass org/springframework/aop/framework/AopProxyUtils
instanceKlass org/springframework/util/ErrorHandler
instanceKlass org/springframework/boot/availability/AvailabilityState
instanceKlass org/springframework/boot/context/event/EventPublishingRunListener
instanceKlass org/springframework/boot/SpringApplicationRunListener
instanceKlass org/springframework/boot/SpringApplicationRunListeners
instanceKlass org/springframework/boot/SpringApplication$$Lambda$70
instanceKlass org/springframework/context/event/AbstractApplicationEventMulticaster$DefaultListenerRetriever
instanceKlass org/springframework/context/event/AbstractApplicationEventMulticaster
instanceKlass org/springframework/context/event/ApplicationEventMulticaster
instanceKlass org/springframework/boot/DefaultBootstrapContext
instanceKlass org/springframework/boot/web/servlet/support/ErrorPageFilterConfiguration
instanceKlass org/springframework/boot/web/servlet/support/SpringBootServletInitializer$WebEnvironmentPropertySourceInitializer
instanceKlass org/springframework/boot/web/servlet/support/SpringBootServletInitializer$$Lambda$69
instanceKlass org/springframework/boot/web/servlet/support/ServletContextApplicationContextInitializer
instanceKlass org/springframework/core/NativeDetector
instanceKlass org/springframework/boot/autoconfigure/BackgroundPreinitializer
instanceKlass org/springframework/boot/logging/DeferredLog$Lines
instanceKlass org/springframework/boot/env/EnvironmentPostProcessorApplicationListener$$Lambda$68
instanceKlass org/springframework/boot/env/EnvironmentPostProcessorsFactory
instanceKlass org/springframework/boot/logging/DeferredLogs
instanceKlass org/springframework/boot/logging/DeferredLogFactory
instanceKlass org/springframework/boot/env/EnvironmentPostProcessorApplicationListener
instanceKlass org/springframework/util/MultiValueMapAdapter$$Lambda$67
instanceKlass org/springframework/util/MultiValueMapAdapter
instanceKlass org/springframework/core/ResolvableType$DefaultVariableResolver
instanceKlass org/springframework/core/ResolvableType$TypeVariablesVariableResolver
instanceKlass org/springframework/core/ResolvableType$SyntheticParameterizedType
instanceKlass org/springframework/core/SerializableTypeWrapper$SerializableTypeProxy
instanceKlass org/springframework/core/SerializableTypeWrapper
instanceKlass org/springframework/core/ResolvableType$$Lambda$66
instanceKlass org/springframework/core/ResolvableType$EmptyType
instanceKlass org/springframework/core/ResolvableType$VariableResolver
instanceKlass org/springframework/core/SerializableTypeWrapper$TypeProvider
instanceKlass org/springframework/core/ResolvableType
instanceKlass org/springframework/boot/context/properties/bind/Bindable
instanceKlass org/springframework/boot/context/properties/source/ConfigurationPropertyName$ElementsParser
instanceKlass org/springframework/boot/context/properties/source/ConfigurationPropertyName$Elements
instanceKlass org/springframework/boot/context/properties/source/ConfigurationPropertyName
instanceKlass org/springframework/boot/context/logging/LoggingApplicationListener
instanceKlass org/springframework/context/event/GenericApplicationListener
instanceKlass org/springframework/context/event/SmartApplicationListener
instanceKlass org/springframework/boot/context/config/DelegatingApplicationListener
instanceKlass org/springframework/boot/context/config/AnsiOutputApplicationListener
instanceKlass org/springframework/boot/context/FileEncodingApplicationListener
instanceKlass org/springframework/boot/builder/ParentContextCloserApplicationListener
instanceKlass org/springframework/context/ApplicationContextAware
instanceKlass org/springframework/boot/ClearCachesApplicationListener
instanceKlass java/lang/FunctionalInterface
instanceKlass org/springframework/boot/autoconfigure/logging/ConditionEvaluationReportLoggingListener
instanceKlass org/springframework/boot/autoconfigure/SharedMetadataReaderFactoryContextInitializer
instanceKlass org/springframework/boot/web/context/ServerPortInfoApplicationContextInitializer
instanceKlass org/springframework/boot/rsocket/context/RSocketPortInfoApplicationContextInitializer
instanceKlass org/springframework/boot/context/config/DelegatingApplicationContextInitializer
instanceKlass org/springframework/boot/context/ContextIdApplicationContextInitializer
instanceKlass org/springframework/asm/ClassVisitor
instanceKlass org/springframework/core/LocalVariableTableParameterNameDiscoverer
instanceKlass org/springframework/core/StandardReflectionParameterNameDiscoverer
instanceKlass org/springframework/core/KotlinDetector
instanceKlass org/springframework/core/PrioritizedParameterNameDiscoverer
instanceKlass org/springframework/core/ParameterNameDiscoverer
instanceKlass org/springframework/beans/BeanUtils
instanceKlass org/springframework/boot/context/ConfigurationWarningsApplicationContextInitializer
instanceKlass org/springframework/context/ApplicationContextInitializer
instanceKlass java/util/stream/Sink$ChainedReference
instanceKlass java/util/stream/ReduceOps$Box
instanceKlass java/util/stream/ReduceOps$AccumulatingSink
instanceKlass java/util/stream/TerminalSink
instanceKlass java/util/stream/ReduceOps$ReduceOp
instanceKlass java/util/stream/ReduceOps
instanceKlass java/util/function/Function$$Lambda$65
instanceKlass org/springframework/core/io/support/SpringFactoriesLoader$$Lambda$64
instanceKlass java/util/stream/Collectors$$Lambda$63
instanceKlass java/util/stream/Collectors$$Lambda$62
instanceKlass java/util/function/BinaryOperator
instanceKlass java/util/stream/Collectors$$Lambda$61
instanceKlass java/lang/invoke/LambdaForm$DMH
instanceKlass java/util/stream/Collectors$$Lambda$60
instanceKlass java/util/stream/Collectors$CollectorImpl
instanceKlass java/util/stream/Collector
instanceKlass java/util/stream/Collectors
instanceKlass java/util/stream/DistinctOps
instanceKlass org/springframework/core/io/support/SpringFactoriesLoader$$Lambda$59
instanceKlass org/springframework/core/io/support/SpringFactoriesLoader$$Lambda$58
instanceKlass org/springframework/util/MultiValueMap
instanceKlass org/springframework/util/CollectionUtils
instanceKlass org/springframework/util/ResourceUtils
instanceKlass org/springframework/core/SpringProperties
instanceKlass org/springframework/util/PropertiesPersister
instanceKlass org/springframework/core/io/support/PropertiesLoaderUtils
instanceKlass org/springframework/core/io/AbstractResource
instanceKlass org/springframework/core/io/Resource
instanceKlass org/springframework/core/io/InputStreamSource
instanceKlass org/springframework/core/io/support/SpringFactoriesLoader
instanceKlass org/springframework/boot/BootstrapRegistryInitializer
instanceKlass org/springframework/web/context/ConfigurableWebApplicationContext
instanceKlass org/springframework/web/context/WebApplicationContext
instanceKlass org/springframework/core/metrics/DefaultApplicationStartup$DefaultStartupStep$DefaultTags
instanceKlass org/springframework/core/metrics/StartupStep$Tags
instanceKlass org/springframework/core/metrics/DefaultApplicationStartup$DefaultStartupStep
instanceKlass org/springframework/core/metrics/StartupStep
instanceKlass org/springframework/core/metrics/DefaultApplicationStartup
instanceKlass org/springframework/core/metrics/ApplicationStartup
instanceKlass org/springframework/boot/ApplicationContextFactory$$Lambda$57
instanceKlass org/springframework/boot/ApplicationContextFactory
instanceKlass org/springframework/boot/SpringApplicationShutdownHook$ApplicationContextClosedListener
instanceKlass org/springframework/boot/SpringApplicationShutdownHook$Handlers
instanceKlass org/springframework/context/ApplicationListener
instanceKlass org/springframework/boot/SpringApplicationShutdownHandlers
instanceKlass org/springframework/boot/SpringApplicationShutdownHook
instanceKlass org/springframework/core/convert/support/ConfigurableConversionService
instanceKlass org/springframework/core/convert/converter/ConverterRegistry
instanceKlass org/springframework/core/convert/ConversionService
instanceKlass org/springframework/core/env/PropertySource
instanceKlass org/springframework/core/env/ConfigurableEnvironment
instanceKlass org/springframework/core/env/ConfigurablePropertyResolver
instanceKlass org/springframework/core/env/Environment
instanceKlass org/springframework/core/env/PropertyResolver
instanceKlass org/springframework/beans/factory/config/BeanFactoryPostProcessor
instanceKlass org/springframework/boot/ApplicationArguments
instanceKlass org/springframework/boot/ConfigurableBootstrapContext
instanceKlass org/springframework/boot/BootstrapContext
instanceKlass org/springframework/boot/BootstrapRegistry
instanceKlass org/springframework/boot/SpringApplication
instanceKlass org/springframework/boot/builder/SpringApplicationBuilder
instanceKlass org/apache/logging/log4j/core/Logger$PrivateConfig
instanceKlass org/apache/logging/log4j/core/LoggerContext$1
instanceKlass org/apache/logging/log4j/core/util/ExecutorServices
instanceKlass org/apache/logging/log4j/core/time/PreciseClock
instanceKlass org/apache/logging/log4j/core/util/SystemClock
instanceKlass org/apache/logging/log4j/core/util/Clock
instanceKlass org/apache/logging/log4j/core/util/ClockFactory
instanceKlass org/apache/logging/log4j/core/impl/Log4jLogEvent
instanceKlass org/apache/logging/log4j/core/jmx/AppenderAdmin
instanceKlass org/apache/logging/log4j/core/jmx/AppenderAdminMBean
instanceKlass org/apache/logging/log4j/core/jmx/LoggerConfigAdmin
instanceKlass org/apache/logging/log4j/core/jmx/LoggerConfigAdminMBean
instanceKlass org/apache/logging/log4j/core/jmx/ContextSelectorAdmin
instanceKlass org/apache/logging/log4j/core/jmx/ContextSelectorAdminMBean
instanceKlass org/apache/logging/log4j/status/StatusData
instanceKlass org/apache/logging/log4j/core/jmx/StatusLoggerAdminMBean
instanceKlass org/apache/logging/log4j/core/jmx/LoggerContextAdminMBean
instanceKlass com/sun/jmx/mbeanserver/Repository$ObjectNamePattern
instanceKlass org/apache/logging/log4j/core/jmx/Server
instanceKlass org/apache/logging/log4j/core/util/WatchManager$WatchRunnable
instanceKlass org/apache/logging/log4j/core/util/NameUtil
instanceKlass java/util/concurrent/ConcurrentHashMap$MapEntry
instanceKlass org/apache/logging/log4j/core/config/Loggers
instanceKlass org/apache/logging/log4j/core/config/LoggerConfig$RootLogger$Builder
instanceKlass org/apache/logging/log4j/core/config/AwaitCompletionReliabilityStrategy
instanceKlass org/apache/logging/log4j/core/config/ReliabilityStrategyFactory
instanceKlass org/apache/logging/log4j/core/config/LoggerConfig$LevelAndRefs
instanceKlass org/apache/logging/log4j/core/config/LoggerConfig$Builder
instanceKlass org/apache/logging/log4j/core/config/plugins/PluginAttribute
instanceKlass org/apache/logging/log4j/core/config/plugins/PluginFactory
instanceKlass org/apache/logging/log4j/core/util/Assert
instanceKlass org/apache/logging/log4j/core/config/plugins/validation/validators/RequiredValidator
instanceKlass org/apache/logging/log4j/core/config/plugins/validation/ConstraintValidator
instanceKlass org/apache/logging/log4j/util/EnglishEnums
instanceKlass org/apache/logging/log4j/core/config/plugins/convert/EnumConverter
instanceKlass org/apache/logging/log4j/core/config/plugins/validation/constraints/Required
instanceKlass org/apache/logging/log4j/core/filter/AbstractFilterable$Builder
instanceKlass org/apache/logging/log4j/core/layout/PatternLayout$NoFormatPatternSerializer
instanceKlass org/apache/logging/log4j/core/util/datetime/FastDateParser$StrategyAndWidth
instanceKlass org/apache/logging/log4j/core/util/datetime/FastDateParser$StrategyParser
instanceKlass org/apache/logging/log4j/core/util/datetime/FastDateParser$$Lambda$56
instanceKlass sun/util/locale/Extension
instanceKlass sun/util/locale/LocaleExtensions
instanceKlass org/apache/logging/log4j/core/util/datetime/FastDateParser$Strategy
instanceKlass org/apache/logging/log4j/core/util/datetime/FastDateParser
instanceKlass org/apache/logging/log4j/core/util/datetime/FastDatePrinter$TwoDigitNumberField
instanceKlass org/apache/logging/log4j/core/util/datetime/FastDatePrinter$TwoDigitMonthField
instanceKlass org/apache/logging/log4j/core/util/datetime/FastDatePrinter$CharacterLiteral
instanceKlass org/apache/logging/log4j/core/util/datetime/FastDatePrinter$PaddedNumberField
instanceKlass org/apache/logging/log4j/core/util/datetime/FastDatePrinter$NumberRule
instanceKlass org/apache/logging/log4j/core/util/datetime/FastDatePrinter$Rule
instanceKlass org/apache/logging/log4j/core/util/datetime/FastDatePrinter
instanceKlass org/apache/logging/log4j/core/util/datetime/FormatCache$MultipartKey
instanceKlass org/apache/logging/log4j/core/util/datetime/FormatCache
instanceKlass org/apache/logging/log4j/core/util/datetime/Format
instanceKlass org/apache/logging/log4j/core/util/datetime/DatePrinter
instanceKlass org/apache/logging/log4j/core/util/datetime/DateParser
instanceKlass org/apache/logging/log4j/core/config/plugins/PluginConfiguration
instanceKlass org/apache/logging/log4j/core/config/plugins/PluginElement
instanceKlass org/apache/logging/log4j/core/config/plugins/validation/Constraint
instanceKlass org/apache/logging/log4j/core/config/plugins/validation/ConstraintValidators
instanceKlass org/apache/logging/log4j/util/StringBuilders
instanceKlass org/apache/logging/log4j/core/appender/rolling/action/Duration
instanceKlass org/apache/logging/log4j/core/util/CronExpression
instanceKlass java/lang/reflect/WildcardType
instanceKlass sun/reflect/generics/tree/Wildcard
instanceKlass sun/reflect/generics/tree/BottomSignature
instanceKlass sun/reflect/generics/tree/CharSignature
instanceKlass sun/reflect/generics/tree/ArrayTypeSignature
instanceKlass sun/reflect/generics/tree/ByteSignature
instanceKlass org/apache/logging/log4j/core/config/plugins/convert/TypeConverterRegistry
instanceKlass org/apache/logging/log4j/core/config/plugins/convert/TypeConverters
instanceKlass org/apache/logging/log4j/core/config/plugins/visitors/AbstractPluginVisitor
instanceKlass org/apache/logging/log4j/core/config/plugins/visitors/PluginVisitor
instanceKlass org/apache/logging/log4j/core/config/plugins/visitors/PluginVisitors
instanceKlass org/apache/logging/log4j/core/config/plugins/PluginVisitorStrategy
instanceKlass org/apache/logging/log4j/core/config/plugins/PluginBuilderAttribute
instanceKlass org/apache/logging/log4j/core/util/TypeUtil
instanceKlass org/apache/logging/log4j/core/config/plugins/PluginBuilderFactory
instanceKlass org/apache/logging/log4j/core/config/plugins/util/PluginBuilder
instanceKlass org/apache/logging/log4j/core/config/plugins/PluginAliases
instanceKlass org/apache/logging/log4j/core/config/Scheduled
instanceKlass com/sun/org/apache/xerces/internal/dom/CharacterDataImpl$1
instanceKlass org/apache/logging/log4j/core/Version
instanceKlass org/apache/logging/log4j/core/util/NetUtils
instanceKlass org/apache/logging/log4j/core/LoggerContext$$Lambda$55
instanceKlass java/util/concurrent/LinkedBlockingQueue$Itr
instanceKlass org/apache/logging/log4j/status/StatusConsoleListener
instanceKlass org/apache/logging/log4j/core/util/WatchManager$ConfigurationMonitor
instanceKlass org/apache/logging/log4j/core/util/Log4jThreadFactory
instanceKlass org/apache/logging/log4j/core/util/FileWatcher
instanceKlass org/apache/logging/log4j/status/StatusListener
instanceKlass org/apache/logging/log4j/core/config/status/StatusConfiguration
instanceKlass com/sun/org/apache/xerces/internal/dom/NamedNodeMapImpl
instanceKlass com/sun/org/apache/xerces/internal/dom/DeferredDocumentImpl$RefCount
instanceKlass com/sun/org/apache/xerces/internal/dom/DeferredNode
instanceKlass com/sun/org/apache/xerces/internal/util/IntStack
instanceKlass com/sun/org/apache/xerces/internal/xinclude/XIncludeMessageFormatter
instanceKlass com/sun/org/apache/xerces/internal/xinclude/XIncludeHandler
instanceKlass org/apache/logging/log4j/core/util/Closer
instanceKlass org/apache/logging/log4j/core/config/plugins/util/ResolverUtil
instanceKlass org/apache/logging/log4j/core/config/Reconfigurable
instanceKlass org/apache/logging/log4j/core/util/Source
instanceKlass org/apache/logging/log4j/core/util/FileUtils
instanceKlass org/apache/logging/log4j/core/util/BasicAuthorizationProvider$$Lambda$54
instanceKlass org/apache/logging/log4j/core/util/BasicAuthorizationProvider$$Lambda$53
instanceKlass org/apache/logging/log4j/core/util/BasicAuthorizationProvider$$Lambda$52
instanceKlass org/apache/logging/log4j/core/util/BasicAuthorizationProvider
instanceKlass com/fasterxml/jackson/core/JsonParser
instanceKlass com/fasterxml/jackson/databind/JsonSerializable$Base
instanceKlass com/fasterxml/jackson/databind/JsonSerializable
instanceKlass com/fasterxml/jackson/core/TreeNode
instanceKlass com/fasterxml/jackson/core/TreeCodec
instanceKlass com/fasterxml/jackson/core/Versioned
instanceKlass org/apache/logging/log4j/core/config/Order
instanceKlass org/apache/logging/log4j/core/config/OrderComparator
instanceKlass org/apache/logging/log4j/core/util/AuthorizationProvider
instanceKlass org/apache/logging/log4j/core/config/builder/api/ConfigurationBuilder
instanceKlass org/apache/logging/log4j/core/selector/ClassLoaderContextSelector$$Lambda$51
instanceKlass org/apache/logging/log4j/core/appender/DefaultErrorHandler
instanceKlass org/apache/logging/log4j/core/appender/ConsoleAppender$FactoryData
instanceKlass org/apache/logging/log4j/core/appender/ConsoleAppender$ConsoleManagerFactory
instanceKlass org/apache/logging/log4j/core/layout/ByteBufferDestination
instanceKlass org/apache/logging/log4j/core/ErrorHandler
instanceKlass org/apache/logging/log4j/core/layout/PatternLayout$PatternFormatterPatternSerializer
instanceKlass org/apache/logging/log4j/core/pattern/PlainTextRenderer
instanceKlass org/apache/logging/log4j/core/impl/ThrowableFormatOptions
instanceKlass org/apache/logging/log4j/core/pattern/PatternFormatter
instanceKlass org/apache/logging/log4j/core/pattern/TextRenderer
instanceKlass org/apache/logging/log4j/core/util/Integers
instanceKlass org/apache/logging/log4j/core/pattern/NameAbbreviator
instanceKlass org/apache/logging/log4j/core/util/OptionConverter
instanceKlass org/apache/logging/log4j/core/pattern/DatePatternConverter$CachedTime
instanceKlass org/apache/logging/log4j/core/util/datetime/FixedDateFormat
instanceKlass org/apache/logging/log4j/core/time/MutableInstant
instanceKlass org/apache/logging/log4j/core/pattern/DatePatternConverter$Formatter
instanceKlass org/apache/logging/log4j/core/time/Instant
instanceKlass org/apache/logging/log4j/core/pattern/PatternParser$1
instanceKlass org/apache/logging/log4j/core/pattern/FormattingInfo
instanceKlass sun/misc/ProxyGenerator$1
instanceKlass org/apache/logging/log4j/core/config/plugins/Plugin
instanceKlass org/apache/logging/log4j/core/pattern/ConverterKeys
instanceKlass org/apache/logging/log4j/core/pattern/PatternParser
instanceKlass org/apache/logging/log4j/core/layout/StringBuilderEncoder
instanceKlass org/apache/logging/log4j/core/layout/PatternLayout$PatternSerializer
instanceKlass org/apache/logging/log4j/core/layout/AbstractStringLayout$Serializer
instanceKlass org/apache/logging/log4j/core/layout/PatternLayout$SerializerBuilder
instanceKlass org/apache/logging/log4j/core/layout/PatternLayout$Builder
instanceKlass org/apache/logging/log4j/core/layout/AbstractStringLayout$Serializer2
instanceKlass org/apache/logging/log4j/spi/LoggerRegistry$ConcurrentMapFactory
instanceKlass org/apache/logging/log4j/spi/LoggerRegistry$MapFactory
instanceKlass org/apache/logging/log4j/spi/LoggerRegistry
instanceKlass org/apache/logging/log4j/core/config/Node
instanceKlass org/apache/logging/log4j/core/util/DummyNanoClock
instanceKlass org/apache/logging/log4j/core/util/WatchEventService
instanceKlass java/util/UUID
instanceKlass org/apache/logging/log4j/core/util/WatchManager$LocalUUID
instanceKlass org/apache/logging/log4j/core/config/DefaultReliabilityStrategy
instanceKlass org/apache/logging/log4j/core/config/LocationAwareReliabilityStrategy
instanceKlass org/apache/logging/log4j/core/config/AppenderControlArraySet
instanceKlass org/apache/logging/log4j/core/impl/DefaultLogEventFactory
instanceKlass org/apache/logging/log4j/core/util/Constants
instanceKlass org/apache/logging/log4j/core/LogEvent
instanceKlass org/apache/logging/log4j/core/impl/LogEventFactory
instanceKlass org/apache/logging/log4j/core/impl/LocationAwareLogEventFactory
instanceKlass org/apache/logging/log4j/core/config/ReliabilityStrategy
instanceKlass java/util/DualPivotQuicksort
instanceKlass org/apache/logging/log4j/core/lookup/StrMatcher
instanceKlass org/apache/logging/log4j/core/net/JndiManager$JndiManagerFactory
instanceKlass org/apache/logging/log4j/core/appender/ManagerFactory
instanceKlass org/apache/logging/log4j/core/appender/AbstractManager
instanceKlass java/util/stream/MatchOps$$Lambda$50
instanceKlass java/util/stream/MatchOps$BooleanTerminalSink
instanceKlass java/util/stream/Sink
instanceKlass java/util/stream/MatchOps$MatchOp
instanceKlass java/util/stream/TerminalOp
instanceKlass java/util/stream/MatchOps
instanceKlass org/apache/logging/log4j/core/impl/ThreadContextDataInjector$$Lambda$49
instanceKlass java/util/EnumMap$1
instanceKlass java/util/stream/StreamOpFlag$MaskBuilder
instanceKlass java/util/stream/PipelineHelper
instanceKlass java/util/stream/StreamSupport
instanceKlass java/util/ArrayList$ArrayListSpliterator
instanceKlass org/apache/logging/log4j/core/impl/ThreadContextDataProvider
instanceKlass org/apache/logging/log4j/core/util/ContextDataProvider
instanceKlass java/util/concurrent/ConcurrentLinkedDeque$Node
instanceKlass org/apache/logging/log4j/core/impl/ThreadContextDataInjector
instanceKlass org/apache/logging/log4j/core/impl/ThreadContextDataInjector$ForDefaultThreadContextMap
instanceKlass org/apache/logging/log4j/spi/DefaultThreadContextStack
instanceKlass org/apache/logging/log4j/spi/DefaultThreadContextMap
instanceKlass org/apache/logging/log4j/spi/GarbageFreeSortedArrayThreadContextMap
instanceKlass java/io/ObjectInputValidation
instanceKlass java/io/ObjectInputStream$GetField
instanceKlass org/apache/logging/log4j/util/SortedArrayStringMap$$Lambda$48
instanceKlass org/apache/logging/log4j/util/TriConsumer
instanceKlass java/lang/invoke/LambdaForm$DMH
instanceKlass java/lang/invoke/LambdaForm$DMH
instanceKlass org/apache/logging/log4j/util/SortedArrayStringMap
instanceKlass org/apache/logging/log4j/util/IndexedStringMap
instanceKlass org/apache/logging/log4j/util/IndexedReadOnlyStringMap
instanceKlass org/apache/logging/log4j/util/StringMap
instanceKlass org/apache/logging/log4j/util/ReadOnlyStringMap
instanceKlass org/apache/logging/log4j/spi/CopyOnWriteSortedArrayThreadContextMap
instanceKlass org/apache/logging/log4j/spi/CopyOnWrite
instanceKlass org/apache/logging/log4j/spi/ObjectThreadContextMap
instanceKlass org/apache/logging/log4j/spi/CleanableThreadContextMap
instanceKlass org/apache/logging/log4j/spi/ThreadContextMap2
instanceKlass org/apache/logging/log4j/spi/ReadOnlyThreadContextMap
instanceKlass org/apache/logging/log4j/spi/ThreadContextMapFactory
instanceKlass org/apache/logging/log4j/ThreadContext$EmptyIterator
instanceKlass org/apache/logging/log4j/spi/ThreadContextMap
instanceKlass org/apache/logging/log4j/spi/ThreadContextStack
instanceKlass org/apache/logging/log4j/ThreadContext$ContextStack
instanceKlass org/apache/logging/log4j/ThreadContext
instanceKlass org/apache/logging/log4j/core/ContextDataInjector
instanceKlass org/apache/logging/log4j/core/impl/ContextDataInjectorFactory
instanceKlass org/apache/logging/log4j/core/util/ReflectionUtil
instanceKlass java/lang/invoke/LambdaForm$MH
instanceKlass java/lang/invoke/LambdaForm$DMH
instanceKlass org/apache/logging/log4j/core/config/plugins/util/PluginRegistry$$Lambda$47
instanceKlass org/apache/logging/log4j/util/Supplier
instanceKlass java/lang/invoke/LambdaForm$DMH
instanceKlass org/apache/logging/log4j/core/util/AbstractWatcher
instanceKlass org/apache/logging/log4j/core/config/plugins/convert/TypeConverters$UuidConverter
instanceKlass org/apache/logging/log4j/core/config/plugins/convert/TypeConverters$UrlConverter
instanceKlass org/apache/logging/log4j/core/config/plugins/convert/TypeConverters$UriConverter
instanceKlass org/apache/logging/log4j/core/config/plugins/convert/TypeConverters$StringConverter
instanceKlass org/apache/logging/log4j/core/config/plugins/convert/TypeConverters$ShortConverter
instanceKlass org/apache/logging/log4j/core/config/plugins/convert/TypeConverters$SecurityProviderConverter
instanceKlass org/apache/logging/log4j/core/config/plugins/convert/TypeConverters$PatternConverter
instanceKlass org/apache/logging/log4j/core/config/plugins/convert/TypeConverters$PathConverter
instanceKlass org/apache/logging/log4j/core/config/plugins/convert/TypeConverters$LongConverter
instanceKlass org/apache/logging/log4j/core/config/plugins/convert/TypeConverters$LevelConverter
instanceKlass org/apache/logging/log4j/core/config/plugins/convert/TypeConverters$IntegerConverter
instanceKlass org/apache/logging/log4j/core/config/plugins/convert/TypeConverters$InetAddressConverter
instanceKlass org/apache/logging/log4j/core/config/plugins/convert/TypeConverters$FloatConverter
instanceKlass org/apache/logging/log4j/core/config/plugins/convert/TypeConverters$FileConverter
instanceKlass org/apache/logging/log4j/core/config/plugins/convert/TypeConverters$DurationConverter
instanceKlass org/apache/logging/log4j/core/config/plugins/convert/TypeConverters$DoubleConverter
instanceKlass org/apache/logging/log4j/core/config/plugins/convert/TypeConverters$CronExpressionConverter
instanceKlass org/apache/logging/log4j/core/config/plugins/convert/TypeConverters$ClassConverter
instanceKlass org/apache/logging/log4j/core/config/plugins/convert/TypeConverters$CharsetConverter
instanceKlass org/apache/logging/log4j/core/config/plugins/convert/TypeConverters$CharArrayConverter
instanceKlass org/apache/logging/log4j/core/config/plugins/convert/TypeConverters$CharacterConverter
instanceKlass org/apache/logging/log4j/core/config/plugins/convert/TypeConverters$ByteArrayConverter
instanceKlass org/apache/logging/log4j/core/config/plugins/convert/TypeConverters$ByteConverter
instanceKlass org/apache/logging/log4j/core/config/plugins/convert/TypeConverters$BooleanConverter
instanceKlass org/apache/logging/log4j/core/config/plugins/convert/TypeConverters$BigIntegerConverter
instanceKlass org/apache/logging/log4j/core/config/plugins/convert/TypeConverters$BigDecimalConverter
instanceKlass org/apache/logging/log4j/core/config/plugins/convert/TypeConverter
instanceKlass org/apache/logging/log4j/core/lookup/UpperLookup
instanceKlass org/apache/logging/log4j/core/lookup/StructuredDataLookup
instanceKlass org/apache/logging/log4j/core/lookup/LowerLookup
instanceKlass org/apache/logging/log4j/core/lookup/MapLookup
instanceKlass org/apache/logging/log4j/core/lookup/DateLookup
instanceKlass org/apache/logging/log4j/core/lookup/ContextMapLookup
instanceKlass org/apache/log4j/builders/appender/NullAppenderBuilder
instanceKlass org/apache/log4j/builders/filter/DenyAllFilterBuilder
instanceKlass org/apache/log4j/builders/filter/FilterBuilder
instanceKlass org/apache/log4j/builders/layout/SimpleLayoutBuilder
instanceKlass org/apache/log4j/builders/layout/LayoutBuilder
instanceKlass org/apache/log4j/builders/Parser
instanceKlass org/apache/log4j/builders/AbstractBuilder
instanceKlass org/apache/log4j/builders/appender/AppenderBuilder
instanceKlass org/apache/log4j/builders/Builder
instanceKlass org/apache/logging/log4j/core/pattern/FileDatePatternConverter
instanceKlass org/apache/logging/log4j/core/config/arbiters/SystemPropertyArbiter
instanceKlass org/apache/logging/log4j/core/net/ssl/SslConfiguration
instanceKlass org/apache/logging/log4j/core/appender/rolling/action/PathSortByModificationTime
instanceKlass org/apache/logging/log4j/core/appender/rolling/action/PathSorter
instanceKlass org/apache/logging/log4j/core/net/SocketPerformancePreferences
instanceKlass org/apache/logging/log4j/core/net/SocketOptions
instanceKlass org/apache/logging/log4j/core/util/Builder
instanceKlass org/apache/logging/log4j/core/net/SocketAddress
instanceKlass org/apache/logging/log4j/core/config/arbiters/SelectArbiter
instanceKlass org/apache/logging/log4j/core/config/ScriptsPlugin
instanceKlass org/apache/logging/log4j/core/layout/ScriptPatternSelector
instanceKlass org/apache/logging/log4j/core/appender/rolling/action/ScriptCondition
instanceKlass org/apache/logging/log4j/core/config/arbiters/ScriptArbiter
instanceKlass org/apache/logging/log4j/core/script/AbstractScript
instanceKlass org/apache/logging/log4j/core/appender/routing/Routes
instanceKlass org/apache/logging/log4j/core/appender/routing/Route
instanceKlass org/apache/logging/log4j/core/pattern/RegexReplacement
instanceKlass org/apache/logging/log4j/core/appender/rewrite/PropertiesRewritePolicy
instanceKlass org/apache/logging/log4j/core/config/PropertiesPlugin
instanceKlass org/apache/logging/log4j/core/layout/PatternMatch
instanceKlass org/apache/logging/log4j/core/net/MulticastDnsAdvertiser
instanceKlass org/apache/logging/log4j/core/layout/MarkerPatternSelector
instanceKlass org/apache/logging/log4j/core/appender/rewrite/MapRewritePolicy
instanceKlass org/apache/logging/log4j/core/config/LoggersPlugin
instanceKlass org/apache/logging/log4j/core/appender/rewrite/LoggerNameLevelRewritePolicy
instanceKlass org/apache/logging/log4j/core/appender/rewrite/RewritePolicy
instanceKlass org/apache/logging/log4j/core/layout/LoggerFields
instanceKlass org/apache/logging/log4j/core/async/LinkedTransferQueueFactory
instanceKlass org/apache/logging/log4j/core/layout/LevelPatternSelector
instanceKlass org/apache/logging/log4j/core/layout/PatternSelector
instanceKlass org/apache/logging/log4j/core/util/KeyValuePair
instanceKlass org/apache/logging/log4j/core/net/ssl/StoreConfiguration
instanceKlass org/apache/logging/log4j/core/async/JCToolsBlockingQueueFactory
instanceKlass org/apache/logging/log4j/core/appender/rolling/action/IfNot
instanceKlass org/apache/logging/log4j/core/appender/rolling/action/IfLastModified
instanceKlass org/apache/logging/log4j/core/appender/rolling/action/IfFileName
instanceKlass org/apache/logging/log4j/core/appender/rolling/action/IfAny
instanceKlass org/apache/logging/log4j/core/appender/rolling/action/IfAll
instanceKlass org/apache/logging/log4j/core/appender/rolling/action/IfAccumulatedFileSize
instanceKlass org/apache/logging/log4j/core/appender/rolling/action/IfAccumulatedFileCount
instanceKlass org/apache/logging/log4j/core/appender/rolling/action/PathCondition
instanceKlass org/apache/logging/log4j/core/appender/routing/PurgePolicy
instanceKlass org/apache/logging/log4j/core/appender/FailoversPlugin
instanceKlass org/apache/logging/log4j/core/async/DisruptorBlockingQueueFactory
instanceKlass org/apache/logging/log4j/core/appender/rolling/DirectFileRolloverStrategy
instanceKlass org/apache/logging/log4j/core/appender/rolling/action/AbstractAction
instanceKlass org/apache/logging/log4j/core/appender/rolling/action/Action
instanceKlass org/apache/logging/log4j/core/appender/rolling/AbstractRolloverStrategy
instanceKlass org/apache/logging/log4j/core/appender/rolling/RolloverStrategy
instanceKlass org/apache/logging/log4j/core/config/arbiters/DefaultArbiter
instanceKlass org/apache/logging/log4j/core/config/CustomLevels
instanceKlass org/apache/logging/log4j/core/config/CustomLevelConfig
instanceKlass org/apache/logging/log4j/core/layout/AbstractLayout
instanceKlass org/apache/logging/log4j/core/StringLayout
instanceKlass org/apache/logging/log4j/core/appender/rolling/TriggeringPolicy
instanceKlass org/apache/logging/log4j/core/appender/db/jdbc/ConnectionSource
instanceKlass org/apache/logging/log4j/core/appender/db/ColumnMapping
instanceKlass org/apache/logging/log4j/core/appender/db/jdbc/ColumnConfig
instanceKlass org/apache/logging/log4j/core/config/arbiters/ClassArbiter
instanceKlass org/apache/logging/log4j/core/config/arbiters/Arbiter
instanceKlass org/apache/logging/log4j/core/async/ArrayBlockingQueueFactory
instanceKlass org/apache/logging/log4j/core/async/BlockingQueueFactory
instanceKlass org/apache/logging/log4j/core/appender/AppenderSet
instanceKlass org/apache/logging/log4j/core/config/AppendersPlugin
instanceKlass org/apache/logging/log4j/core/config/AppenderRef
instanceKlass org/apache/logging/log4j/core/pattern/AnsiConverter
instanceKlass org/apache/logging/log4j/core/pattern/ArrayPatternConverter
instanceKlass org/apache/logging/log4j/core/impl/LocationAware
instanceKlass org/apache/logging/log4j/core/pattern/AbstractPatternConverter
instanceKlass org/apache/logging/log4j/core/pattern/PatternConverter
instanceKlass org/apache/logging/log4j/core/config/plugins/util/PluginType
instanceKlass org/apache/logging/log4j/core/config/builder/api/ConfigurationBuilderFactory
instanceKlass java/lang/invoke/LambdaForm$MH
instanceKlass java/lang/invoke/LambdaForm$DMH
instanceKlass java/lang/invoke/LambdaForm$DMH
instanceKlass org/apache/logging/log4j/core/config/plugins/processor/PluginCache$$Lambda$46
instanceKlass java/lang/invoke/LambdaForm$DMH
instanceKlass org/apache/logging/log4j/core/config/plugins/processor/PluginEntry
instanceKlass org/apache/logging/log4j/core/config/plugins/processor/PluginCache$$Lambda$45
instanceKlass org/apache/logging/log4j/core/config/plugins/processor/PluginCache
instanceKlass org/apache/logging/log4j/core/config/plugins/util/ResolverUtil$Test
instanceKlass org/apache/logging/log4j/core/config/plugins/util/PluginRegistry
instanceKlass org/apache/logging/log4j/core/config/plugins/util/PluginManager
instanceKlass org/apache/logging/log4j/core/lookup/PropertiesLookup
instanceKlass org/apache/logging/log4j/core/lookup/LookupResult
instanceKlass org/apache/logging/log4j/core/lookup/AbstractLookup
instanceKlass org/apache/logging/log4j/core/config/DefaultAdvertiser
instanceKlass org/apache/logging/log4j/core/config/Property
instanceKlass org/apache/logging/log4j/core/config/ConfigurationSource
instanceKlass org/apache/logging/log4j/core/Appender
instanceKlass org/apache/logging/log4j/core/Layout
instanceKlass org/apache/logging/log4j/core/layout/Encoder
instanceKlass org/apache/logging/log4j/core/async/AsyncLoggerConfigDelegate
instanceKlass org/apache/logging/log4j/core/util/Watcher
instanceKlass org/apache/logging/log4j/core/util/NanoClock
instanceKlass org/apache/logging/log4j/core/lookup/StrLookup
instanceKlass org/apache/logging/log4j/core/net/Advertiser
instanceKlass org/apache/logging/log4j/core/lookup/StrSubstitutor
instanceKlass org/apache/logging/log4j/core/config/ConfigurationAware
instanceKlass org/apache/logging/log4j/core/Filter
instanceKlass org/apache/logging/log4j/core/AbstractLifeCycle
instanceKlass org/apache/logging/log4j/spi/LoggerContextShutdownEnabled
instanceKlass org/apache/logging/log4j/core/config/ConfigurationListener
instanceKlass org/apache/logging/log4j/spi/Terminable
instanceKlass org/apache/logging/log4j/internal/LogManagerStatus
instanceKlass java/util/concurrent/Executors$DefaultThreadFactory
instanceKlass org/apache/logging/log4j/core/util/Cancellable
instanceKlass org/apache/logging/log4j/core/util/DefaultShutdownCallbackRegistry
instanceKlass org/apache/logging/log4j/core/LifeCycle2
instanceKlass org/apache/logging/log4j/core/selector/ClassLoaderContextSelector
instanceKlass org/apache/logging/log4j/spi/LoggerContextShutdownAware
instanceKlass org/apache/logging/log4j/core/util/Loader
instanceKlass org/apache/logging/log4j/core/selector/ContextSelector
instanceKlass org/apache/logging/log4j/core/config/Configuration
instanceKlass org/apache/logging/log4j/core/filter/Filterable
instanceKlass org/apache/logging/log4j/core/LifeCycle
instanceKlass org/apache/logging/log4j/spi/LoggerContext
instanceKlass org/apache/logging/log4j/core/impl/Log4jContextFactory
instanceKlass org/apache/logging/log4j/core/util/ShutdownCallbackRegistry
instanceKlass org/apache/logging/log4j/spi/Provider
instanceKlass org/apache/logging/log4j/util/ProviderUtil
instanceKlass java/util/RegularEnumSet$EnumSetIterator
instanceKlass org/apache/logging/log4j/Level
instanceKlass org/apache/logging/log4j/util/Strings$$Lambda$44
instanceKlass java/lang/invoke/LambdaForm$DMH
instanceKlass org/apache/logging/log4j/util/Strings
instanceKlass org/apache/logging/log4j/message/ExitMessage
instanceKlass org/apache/logging/log4j/message/EntryMessage
instanceKlass org/apache/logging/log4j/message/FlowMessage
instanceKlass org/apache/logging/log4j/message/DefaultFlowMessageFactory
instanceKlass org/apache/logging/log4j/message/FlowMessageFactory
instanceKlass java/util/Collections$UnmodifiableMap$UnmodifiableEntrySet$UnmodifiableEntry
instanceKlass java/util/Collections$UnmodifiableMap$UnmodifiableEntrySet$1
instanceKlass java/lang/ProcessEnvironment$CheckedEntry
instanceKlass java/lang/ProcessEnvironment$CheckedEntrySet$1
instanceKlass java/lang/ProcessEnvironment$EntryComparator
instanceKlass java/lang/ProcessEnvironment$NameComparator
instanceKlass org/apache/logging/log4j/util/PropertySource$Util
instanceKlass org/springframework/boot/logging/log4j2/SpringBootPropertySource$$Lambda$43
instanceKlass java/util/function/BiConsumer
instanceKlass java/lang/invoke/LambdaForm$DMH
instanceKlass org/apache/logging/log4j/util/PropertiesUtil$Environment$$Lambda$42
instanceKlass java/lang/invoke/LambdaForm$DMH
instanceKlass org/springframework/boot/logging/log4j2/SpringBootPropertySource
instanceKlass org/apache/logging/log4j/util/SystemPropertiesPropertySource
instanceKlass org/apache/logging/log4j/util/EnvironmentPropertySource
instanceKlass org/apache/logging/log4j/util/PropertiesUtil$Environment$$Lambda$41
instanceKlass org/apache/logging/log4j/util/BiConsumer
instanceKlass org/apache/logging/log4j/util/PropertySource$Comparator
instanceKlass org/apache/logging/log4j/util/LoaderUtil$ThreadContextClassLoaderGetter
instanceKlass org/apache/logging/log4j/util/LoaderUtil
instanceKlass org/apache/logging/log4j/util/PropertiesPropertySource
instanceKlass org/apache/logging/log4j/util/PropertiesUtil$Environment
instanceKlass org/apache/logging/log4j/util/PropertySource
instanceKlass org/apache/logging/log4j/util/PropertiesUtil
instanceKlass org/apache/logging/log4j/util/Constants
instanceKlass org/apache/logging/log4j/message/AbstractMessageFactory
instanceKlass org/apache/logging/log4j/message/ReusableMessageFactory
instanceKlass org/apache/logging/log4j/MarkerManager$Log4jMarker
instanceKlass org/apache/logging/log4j/util/StringBuilderFormattable
instanceKlass org/apache/logging/log4j/Marker
instanceKlass org/apache/logging/log4j/MarkerManager
instanceKlass org/apache/logging/log4j/LogBuilder
instanceKlass org/apache/logging/log4j/message/MessageFactory2
instanceKlass org/apache/logging/log4j/message/Message
instanceKlass org/apache/logging/log4j/spi/AbstractLogger
instanceKlass org/apache/logging/log4j/spi/LocationAwareLogger
instanceKlass org/apache/logging/log4j/message/MessageFactory
instanceKlass org/apache/logging/log4j/spi/LoggerContextFactory
instanceKlass org/apache/logging/log4j/LogManager
instanceKlass org/apache/commons/logging/LogAdapter$Log4jLog
instanceKlass org/apache/commons/logging/Log
instanceKlass org/apache/commons/logging/LogAdapter$Log4jAdapter
instanceKlass org/apache/commons/logging/LogAdapter$1
instanceKlass org/apache/logging/log4j/spi/ExtendedLogger
instanceKlass org/apache/logging/log4j/Logger
instanceKlass org/apache/commons/logging/LogAdapter
instanceKlass org/apache/commons/logging/LogFactory$2
instanceKlass org/apache/commons/logging/LogFactory$3
instanceKlass org/apache/commons/logging/LogFactory$4
instanceKlass org/apache/commons/logging/impl/WeakHashtable$Referenced
instanceKlass org/apache/commons/logging/LogFactory$1
instanceKlass org/apache/commons/logging/LogFactory$6
instanceKlass org/apache/commons/logging/LogFactory
instanceKlass java/util/Optional
instanceKlass java/util/IdentityHashMap$EntryIterator$Entry
instanceKlass java/util/IdentityHashMap$IdentityHashMapIterator
instanceKlass org/springframework/util/ClassUtils
instanceKlass org/springframework/core/annotation/TypeMappedAnnotation$$Lambda$40
instanceKlass org/springframework/core/DecoratingProxy
instanceKlass org/springframework/core/annotation/AbstractMergedAnnotation
instanceKlass org/springframework/scheduling/annotation/SchedulingConfiguration
instanceKlass org/springframework/boot/autoconfigure/AutoConfigurationPackages$Registrar
instanceKlass org/springframework/boot/context/annotation/DeterminableImports
instanceKlass org/springframework/context/annotation/ImportBeanDefinitionRegistrar
instanceKlass org/springframework/context/annotation/ComponentScans
instanceKlass org/springframework/boot/autoconfigure/AutoConfigurationImportSelector
instanceKlass org/springframework/context/EnvironmentAware
instanceKlass org/springframework/context/ResourceLoaderAware
instanceKlass org/springframework/context/annotation/DeferredImportSelector
instanceKlass org/springframework/context/annotation/ImportSelector
instanceKlass org/springframework/stereotype/Component
instanceKlass org/springframework/core/annotation/AnnotationTypeMapping$$Lambda$39
instanceKlass org/springframework/core/annotation/ValueExtractor
instanceKlass org/springframework/boot/autoconfigure/AutoConfigurationExcludeFilter
instanceKlass org/springframework/beans/factory/BeanClassLoaderAware
instanceKlass org/springframework/boot/context/TypeExcludeFilter
instanceKlass org/springframework/beans/factory/BeanFactoryAware
instanceKlass org/springframework/beans/factory/Aware
instanceKlass org/springframework/core/type/filter/TypeFilter
instanceKlass java/lang/annotation/Repeatable
instanceKlass org/springframework/context/annotation/AnnotationScopeMetadataResolver
instanceKlass org/springframework/context/annotation/ScopeMetadataResolver
instanceKlass org/springframework/boot/autoconfigure/AutoConfigurationPackage
instanceKlass org/springframework/stereotype/Indexed
instanceKlass org/springframework/context/annotation/Configuration
instanceKlass org/springframework/context/annotation/ComponentScan$Filter
instanceKlass org/springframework/core/annotation/AnnotationTypeMappings$$Lambda$38
instanceKlass org/springframework/core/annotation/AnnotationTypeMapping$$Lambda$37
instanceKlass org/springframework/core/annotation/AliasFor
instanceKlass org/springframework/core/annotation/AnnotationTypeMapping$MirrorSets
instanceKlass org/springframework/core/annotation/AnnotationTypeMapping$MirrorSets$MirrorSet
instanceKlass org/springframework/core/annotation/AnnotationTypeMapping
instanceKlass org/springframework/core/annotation/AnnotationTypeMappings$Cache$$Lambda$36
instanceKlass org/springframework/core/annotation/AnnotationTypeMappings$$Lambda$35
instanceKlass org/springframework/core/annotation/AnnotationTypeMappings$Cache
instanceKlass org/springframework/core/annotation/AnnotationTypeMappings
instanceKlass org/springframework/util/ObjectUtils
instanceKlass org/springframework/core/annotation/RepeatableContainers$StandardRepeatableContainers$$Lambda$34
instanceKlass org/springframework/util/ConcurrentReferenceHashMap$Entry
instanceKlass java/lang/invoke/LambdaForm$MH
instanceKlass java/lang/invoke/LambdaForm$DMH
instanceKlass java/lang/invoke/LambdaForm$DMH
instanceKlass org/springframework/util/ConcurrentReferenceHashMap$Segment$$Lambda$33
instanceKlass org/springframework/util/ConcurrentReferenceHashMap$Entries
instanceKlass java/lang/invoke/LambdaForm$DMH
instanceKlass org/springframework/core/annotation/AttributeMethods$$Lambda$32
instanceKlass org/springframework/core/annotation/AttributeMethods$$Lambda$31
instanceKlass org/springframework/core/annotation/AttributeMethods
instanceKlass org/springframework/context/annotation/Import
instanceKlass org/springframework/scheduling/annotation/EnableScheduling
instanceKlass org/springframework/context/annotation/ComponentScan
instanceKlass org/springframework/boot/autoconfigure/EnableAutoConfiguration
instanceKlass org/springframework/boot/SpringBootConfiguration
instanceKlass org/springframework/beans/factory/support/BeanNameGenerator
instanceKlass org/springframework/boot/autoconfigure/SpringBootApplication
instanceKlass org/springframework/beans/factory/support/BeanDefinitionReader
instanceKlass org/springframework/context/annotation/ImportResource
instanceKlass org/springframework/core/annotation/AnnotationsScanner$1
instanceKlass org/springframework/core/annotation/MergedAnnotationSelectors$FirstDirectlyDeclared
instanceKlass org/springframework/core/annotation/MergedAnnotationSelectors$Nearest
instanceKlass org/springframework/core/annotation/MergedAnnotationSelector
instanceKlass org/springframework/core/annotation/MergedAnnotationSelectors
instanceKlass org/springframework/core/annotation/MergedAnnotation
instanceKlass org/springframework/core/annotation/TypeMappedAnnotations$MergedAnnotationFinder
instanceKlass org/springframework/core/annotation/Order
instanceKlass org/springframework/core/annotation/OrderUtils
instanceKlass org/springframework/core/annotation/AnnotationsScanner
instanceKlass org/springframework/core/annotation/AnnotationsProcessor
instanceKlass org/springframework/core/annotation/TypeMappedAnnotations
instanceKlass org/springframework/core/annotation/AnnotationFilter$2
instanceKlass org/springframework/core/annotation/AnnotationFilter$1
instanceKlass org/springframework/util/StringUtils
instanceKlass org/springframework/core/annotation/PackagesAnnotationFilter
instanceKlass org/springframework/core/annotation/AnnotationFilter
instanceKlass org/springframework/core/annotation/RepeatableContainers
instanceKlass org/springframework/core/annotation/MergedAnnotations
instanceKlass org/springframework/core/PriorityOrdered
instanceKlass org/springframework/core/Ordered
instanceKlass org/springframework/core/OrderComparator
instanceKlass org/springframework/context/ConfigurableApplicationContext
instanceKlass org/springframework/context/Lifecycle
instanceKlass org/springframework/context/ApplicationContext
instanceKlass org/springframework/core/io/support/ResourcePatternResolver
instanceKlass org/springframework/core/io/ResourceLoader
instanceKlass org/springframework/context/ApplicationEventPublisher
instanceKlass org/springframework/context/MessageSource
instanceKlass org/springframework/beans/factory/HierarchicalBeanFactory
instanceKlass org/springframework/beans/factory/ListableBeanFactory
instanceKlass org/springframework/beans/factory/BeanFactory
instanceKlass org/springframework/core/env/EnvironmentCapable
instanceKlass org/springframework/util/ConcurrentReferenceHashMap$Reference
instanceKlass org/springframework/util/ConcurrentReferenceHashMap$ReferenceManager
instanceKlass org/springframework/util/Assert
instanceKlass org/springframework/util/ConcurrentReferenceHashMap$Task
instanceKlass org/springframework/util/ReflectionUtils$$Lambda$30
instanceKlass org/springframework/util/ReflectionUtils$FieldFilter
instanceKlass org/springframework/util/ReflectionUtils$$Lambda$29
instanceKlass org/springframework/util/ReflectionUtils$MethodFilter
instanceKlass java/lang/invoke/LambdaForm$DMH
instanceKlass java/lang/invoke/LambdaForm$DMH
instanceKlass org/springframework/util/ReflectionUtils
instanceKlass org/apache/tomcat/InstanceManagerBindings
instanceKlass javax/xml/ws/WebServiceRef
instanceKlass org/apache/catalina/core/DefaultInstanceManager$AnnotationCacheEntry
instanceKlass org/apache/catalina/core/DefaultInstanceManager
instanceKlass org/apache/catalina/Session
instanceKlass javax/naming/Referenceable
instanceKlass org/apache/tomcat/util/http/ConcurrentDateFormat
instanceKlass org/apache/tomcat/util/http/FastHttpDateFormat
instanceKlass org/apache/catalina/SessionIdGenerator
instanceKlass javax/security/auth/message/MessageInfo
instanceKlass javax/security/auth/message/config/RegistrationListener
instanceKlass org/apache/jasper/compiler/JspRuntimeContext
instanceKlass org/apache/jasper/Options
instanceKlass org/apache/tomcat/PeriodicEventListener
instanceKlass javax/servlet/annotation/ServletSecurity
instanceKlass javax/annotation/security/RunAs
instanceKlass java/lang/Deprecated
instanceKlass org/apache/catalina/servlets/DefaultServlet$PrecompressedResource
instanceKlass org/apache/catalina/servlets/DefaultServlet$SortManager$Order
instanceKlass org/apache/catalina/servlets/DefaultServlet$SortManager
instanceKlass org/apache/catalina/servlets/DefaultServlet$CompressionFormat
instanceKlass org/apache/catalina/servlets/DefaultServlet$Range
instanceKlass org/apache/catalina/servlets/DefaultServlet$SecureEntityResolver
instanceKlass javax/xml/transform/Source
instanceKlass javax/xml/transform/Result
instanceKlass javax/annotation/security/DeclareRoles
instanceKlass javax/annotation/Resources
instanceKlass javax/annotation/Resource
instanceKlass javax/servlet/GenericServlet
instanceKlass org/apache/catalina/startup/WebAnnotationSet
instanceKlass org/apache/tomcat/util/modeler/Util
instanceKlass org/apache/catalina/core/StandardWrapperFacade
instanceKlass org/springframework/web/server/adapter/AbstractReactiveWebInitializer
instanceKlass org/springframework/web/context/AbstractContextLoaderInitializer
instanceKlass java/security/Timestamp
instanceKlass sun/security/timestamp/TimestampToken
instanceKlass sun/security/pkcs/PKCS9Attributes
instanceKlass org/springframework/boot/autoconfigure/jersey/JerseyAutoConfiguration$JerseyWebApplicationInitializer
instanceKlass org/springframework/boot/web/servlet/support/SpringBootServletInitializer
instanceKlass org/apache/catalina/util/Introspection
instanceKlass org/apache/catalina/startup/ContextConfig$JavaClassCacheEntry
instanceKlass org/apache/tomcat/util/bcel/classfile/JavaClass
instanceKlass org/apache/tomcat/util/bcel/classfile/ElementValue
instanceKlass org/apache/tomcat/util/bcel/classfile/ElementValuePair
instanceKlass org/apache/tomcat/util/bcel/classfile/AnnotationEntry
instanceKlass org/apache/tomcat/util/bcel/classfile/Annotations
instanceKlass org/apache/tomcat/util/bcel/classfile/Constant
instanceKlass org/apache/tomcat/util/bcel/classfile/ConstantPool
instanceKlass org/apache/tomcat/util/bcel/classfile/Utility
instanceKlass org/apache/tomcat/util/bcel/classfile/ClassParser
instanceKlass javax/websocket/Endpoint
instanceKlass javax/websocket/server/ServerApplicationConfig
instanceKlass javax/websocket/server/ServerEndpoint
instanceKlass org/springframework/web/WebApplicationInitializer
instanceKlass javax/servlet/annotation/HandlesTypes
instanceKlass org/apache/tomcat/websocket/server/WsSci
instanceKlass org/apache/jasper/security/SecurityClassLoad
instanceKlass javax/servlet/jsp/JspEngineInfo
instanceKlass javax/servlet/jsp/JspApplicationContext
instanceKlass javax/servlet/jsp/JspFactory
instanceKlass org/apache/jasper/servlet/JasperInitializer
instanceKlass org/springframework/web/SpringServletContainerInitializer
instanceKlass org/apache/catalina/loader/ResourceEntry
instanceKlass org/apache/catalina/startup/WebappServiceLoader
instanceKlass org/apache/tomcat/util/scan/StandardJarScanner$ClassPathEntry
instanceKlass org/apache/tomcat/util/scan/JarFileUrlJar
instanceKlass org/apache/tomcat/Jar
instanceKlass org/apache/tomcat/util/scan/JarFactory
instanceKlass org/apache/tomcat/util/file/Matcher
instanceKlass org/apache/tomcat/util/scan/StandardJarScanFilter$1
instanceKlass org/apache/tomcat/util/descriptor/web/FragmentJarScannerCallback
instanceKlass org/apache/tomcat/util/scan/StandardJarScanFilter
instanceKlass org/apache/tomcat/JarScanFilter
instanceKlass org/apache/tomcat/util/scan/StandardJarScanner
instanceKlass org/apache/catalina/startup/ContextConfig$HostWebXmlCacheCleaner
instanceKlass org/apache/catalina/startup/ContextConfig$DefaultWebXmlCacheEntry
instanceKlass org/apache/tomcat/util/descriptor/InputSourceUtil
instanceKlass org/apache/tomcat/util/descriptor/web/SecurityRoleRef
instanceKlass org/apache/tomcat/util/descriptor/web/MultipartDef
instanceKlass org/apache/tomcat/util/descriptor/web/ServletDef
instanceKlass org/apache/tomcat/util/buf/CharsetCache
instanceKlass org/apache/tomcat/util/buf/B2CConverter
instanceKlass org/apache/tomcat/util/descriptor/web/SessionConfig
instanceKlass org/apache/catalina/loader/WebappClassLoaderBase$CombinedEnumeration
instanceKlass java/util/Collections$3
instanceKlass org/apache/tomcat/util/descriptor/LocalResolver
instanceKlass javax/servlet/jsp/JspContext
instanceKlass org/apache/tomcat/util/descriptor/DigesterFactory
instanceKlass org/apache/tomcat/util/descriptor/web/WebRuleSet
instanceKlass org/apache/tomcat/util/descriptor/web/Constants
instanceKlass org/apache/tomcat/util/descriptor/web/WebXmlParser
instanceKlass org/apache/catalina/security/SecurityUtil
instanceKlass org/apache/catalina/webresources/EmptyResource
instanceKlass org/apache/catalina/webresources/CachedResource
instanceKlass sun/util/locale/provider/TimeZoneNameUtility$TimeZoneNameGetter
instanceKlass sun/util/locale/provider/TimeZoneNameUtility
instanceKlass org/apache/tomcat/util/http/CookieProcessorBase
instanceKlass org/apache/tomcat/InstrumentableClassLoader
instanceKlass java/nio/file/attribute/FileTime
instanceKlass org/apache/tomcat/util/buf/UriUtil
instanceKlass org/apache/catalina/webresources/StandardRoot$1
instanceKlass org/apache/catalina/webresources/StandardRoot$BaseLocation
instanceKlass org/apache/catalina/TrackedWebResource
instanceKlass org/apache/catalina/webresources/AbstractResource
instanceKlass org/apache/tomcat/util/compat/JrePlatform
instanceKlass org/apache/tomcat/util/http/RequestUtil
instanceKlass org/apache/catalina/webresources/TomcatURLStreamHandlerFactory
instanceKlass org/apache/catalina/WebResource
instanceKlass org/apache/catalina/webresources/Cache
instanceKlass org/apache/catalina/WebResourceSet
instanceKlass org/apache/catalina/core/ApplicationSessionCookieConfig
instanceKlass org/apache/catalina/core/ApplicationContextFacade
instanceKlass javax/servlet/RequestDispatcher
instanceKlass javax/servlet/FilterRegistration$Dynamic
instanceKlass javax/servlet/FilterRegistration
instanceKlass javax/servlet/SessionCookieConfig
instanceKlass org/apache/catalina/core/ApplicationContext
instanceKlass org/apache/tomcat/util/security/PermissionCheck
instanceKlass javax/servlet/FilterConfig
instanceKlass org/apache/tomcat/util/descriptor/web/ErrorPage
instanceKlass org/apache/tomcat/util/descriptor/web/FilterDef
instanceKlass org/apache/catalina/util/CharsetMapper
instanceKlass org/apache/catalina/Authenticator
instanceKlass javax/servlet/HttpConstraintElement
instanceKlass javax/servlet/ServletRegistration$Dynamic
instanceKlass javax/servlet/Registration$Dynamic
instanceKlass javax/servlet/ServletRegistration
instanceKlass javax/servlet/Registration
instanceKlass javax/servlet/Servlet
instanceKlass javax/servlet/ServletContainerInitializer
instanceKlass javax/servlet/descriptor/JspConfigDescriptor
instanceKlass org/apache/tomcat/util/descriptor/Constants
instanceKlass org/apache/tomcat/util/descriptor/XmlErrorHandler
instanceKlass org/apache/catalina/core/StandardHost$MemoryLeakTrackingListener
instanceKlass org/apache/catalina/startup/HostConfig$DeployedApplication
instanceKlass org/apache/catalina/util/ContextName
instanceKlass org/apache/tomcat/util/buf/UDecoder
instanceKlass org/apache/tomcat/util/descriptor/web/LoginConfig
instanceKlass org/apache/tomcat/JarScannerCallback
instanceKlass org/apache/catalina/startup/ContextConfig
instanceKlass org/apache/catalina/util/URLEncoder
instanceKlass javax/servlet/ServletConfig
instanceKlass org/apache/catalina/core/StandardContext$ContextFilterMaps
instanceKlass org/apache/tomcat/util/descriptor/web/ApplicationParameter
instanceKlass org/apache/catalina/core/StandardContext$1
instanceKlass org/apache/tomcat/util/http/CookieProcessor
instanceKlass org/apache/catalina/WebResourceRoot
instanceKlass javax/servlet/ServletContext
instanceKlass org/apache/tomcat/JarScanner
instanceKlass org/apache/tomcat/InstanceManager
instanceKlass org/apache/catalina/ThreadBindingListener
instanceKlass org/apache/tomcat/util/buf/StringUtils$$Lambda$28
instanceKlass javax/management/remote/rmi/RMIConnectionImpl$$Lambda$27
instanceKlass javax/management/remote/rmi/RMIConnectionImpl$SetCcl
instanceKlass javax/management/remote/rmi/RMIConnectionImpl$7
instanceKlass javax/management/remote/rmi/RMIConnectionImpl$6
instanceKlass org/apache/catalina/core/StandardServer$2
instanceKlass org/apache/catalina/core/StandardServer$1
instanceKlass org/apache/coyote/AbstractProtocol$2
instanceKlass org/apache/coyote/AbstractProtocol$1
instanceKlass org/apache/tomcat/util/net/Acceptor
instanceKlass org/apache/tomcat/util/net/NioEndpoint$Poller
instanceKlass org/apache/tomcat/util/threads/LimitLatch
instanceKlass org/apache/tomcat/util/threads/ThreadPoolExecutor$RejectHandler
instanceKlass org/apache/catalina/core/ContainerBase$ContainerBackgroundProcessor
instanceKlass org/apache/catalina/mapper/Mapper$ContextList
instanceKlass org/apache/tomcat/util/threads/Constants
instanceKlass org/apache/tomcat/util/threads/TaskThread$WrappingRunnable
instanceKlass org/apache/catalina/core/ContainerBase$ContainerBackgroundProcessorMonitor
instanceKlass org/apache/juli/ClassLoaderLogManager$2
instanceKlass org/apache/catalina/util/ErrorPageSupport
instanceKlass org/apache/catalina/core/ContainerBase$StartChild
instanceKlass org/apache/catalina/realm/X509SubjectDnRetriever
instanceKlass javax/naming/NameClassPair
instanceKlass org/apache/tomcat/util/digester/AbstractObjectCreationFactory
instanceKlass java/net/URLConnection$1
instanceKlass sun/net/www/MimeEntry
instanceKlass sun/net/www/MimeTable$DefaultInstanceHolder$1
instanceKlass sun/net/www/MimeTable$DefaultInstanceHolder
instanceKlass sun/net/www/MimeTable$1
instanceKlass sun/net/www/MimeTable
instanceKlass java/net/FileNameMap
instanceKlass sun/net/DefaultProgressMeteringPolicy
instanceKlass sun/net/ProgressMeteringPolicy
instanceKlass sun/net/ProgressMonitor
instanceKlass org/apache/catalina/Role
instanceKlass org/apache/catalina/User
instanceKlass org/apache/catalina/Group
instanceKlass org/apache/tomcat/util/digester/ObjectCreationFactory
instanceKlass org/apache/catalina/users/MemoryUserDatabase
instanceKlass org/apache/catalina/UserDatabase
instanceKlass org/apache/catalina/users/MemoryUserDatabaseFactory
instanceKlass org/apache/naming/factory/FactoryBase
instanceKlass org/apache/naming/NamingContextBindingsEnumeration
instanceKlass javax/naming/NameImplEnumerator
instanceKlass org/apache/naming/SelectorContext
instanceKlass org/apache/naming/java/javaURLContextFactory
instanceKlass javax/naming/spi/InitialContextFactory
instanceKlass com/sun/naming/internal/VersionHelper12$4
instanceKlass com/sun/naming/internal/VersionHelper12$InputStreamEnumeration$1
instanceKlass com/sun/naming/internal/VersionHelper12$InputStreamEnumeration
instanceKlass com/sun/naming/internal/VersionHelper12$5
instanceKlass com/sun/naming/internal/VersionHelper12$6
instanceKlass com/sun/naming/internal/VersionHelper12$2
instanceKlass javax/naming/InitialContext
instanceKlass org/apache/naming/factory/ResourceLinkFactory
instanceKlass javax/naming/spi/ObjectFactory
instanceKlass java/util/EventListenerProxy
instanceKlass org/apache/naming/NamingEntry
instanceKlass com/sun/naming/internal/VersionHelper12$3
instanceKlass com/sun/naming/internal/ResourceManager
instanceKlass com/sun/naming/internal/VersionHelper
instanceKlass javax/naming/spi/NamingManager
instanceKlass javax/naming/NameImpl
instanceKlass javax/naming/CompositeName
instanceKlass org/apache/naming/ContextBindings
instanceKlass org/apache/naming/ContextAccessController
instanceKlass java/util/Collections$EmptyEnumeration
instanceKlass org/apache/naming/StringManager
instanceKlass org/apache/naming/NameParserImpl
instanceKlass javax/naming/Name
instanceKlass javax/naming/NamingEnumeration
instanceKlass javax/naming/NameParser
instanceKlass org/apache/naming/NamingContext
instanceKlass java/text/FieldPosition$Delegate
instanceKlass org/apache/tomcat/util/net/openssl/OpenSSLConf
instanceKlass sun/security/ssl/SunX509KeyManagerImpl$X509Credentials
instanceKlass javax/net/ssl/KeyManagerFactorySpi
instanceKlass sun/security/pkcs/EncryptedPrivateKeyInfo
instanceKlass sun/security/provider/KeyProtector
instanceKlass sun/security/provider/JavaKeyStore$KeyEntry
instanceKlass org/apache/tomcat/util/security/KeyStoreUtil
instanceKlass org/apache/tomcat/util/net/openssl/ciphers/OpenSSLCipherConfigurationParser
instanceKlass org/apache/tomcat/util/compat/JreVendor
instanceKlass javax/net/ssl/SSLParameters
instanceKlass sun/security/ssl/Record
instanceKlass sun/security/ssl/Authenticator
instanceKlass sun/security/ssl/CipherBox
instanceKlass sun/security/ssl/SignatureAndHashAlgorithm
instanceKlass sun/security/ssl/SessionId
instanceKlass javax/net/ssl/ExtendedSSLSession
instanceKlass javax/net/ssl/SSLSession
instanceKlass javax/net/SocketFactory
instanceKlass sun/security/validator/KeyStores
instanceKlass javax/net/ssl/X509ExtendedTrustManager
instanceKlass javax/net/ssl/X509TrustManager
instanceKlass javax/net/ssl/TrustManager
instanceKlass sun/security/ssl/TrustManagerFactoryImpl$1
instanceKlass java/security/KeyStore$1
instanceKlass sun/security/ssl/TrustManagerFactoryImpl$2
instanceKlass javax/net/ssl/TrustManagerFactorySpi
instanceKlass javax/net/ssl/X509ExtendedKeyManager
instanceKlass javax/net/ssl/X509KeyManager
instanceKlass javax/net/ssl/KeyManager
instanceKlass sun/security/ssl/SSLSessionContextImpl$1
instanceKlass sun/security/ssl/SSLSessionContextImpl
instanceKlass javax/net/ssl/SSLSessionContext
instanceKlass sun/security/ssl/EphemeralKeyManager$EphemeralKeyPair
instanceKlass sun/security/ssl/EphemeralKeyManager
instanceKlass sun/security/ssl/SSLContextImpl$CustomizedSSLProtocols
instanceKlass sun/security/ssl/CipherSuiteList
instanceKlass java/security/spec/ECGenParameterSpec
instanceKlass sun/security/util/ECKeySizeParameterSpec
instanceKlass sun/security/util/SecurityProviderConstants
instanceKlass java/security/KeyPairGeneratorSpi
instanceKlass sun/security/x509/AccessDescription
instanceKlass sun/security/x509/CertificatePolicyMap
instanceKlass java/security/cert/PolicyQualifierInfo
instanceKlass sun/security/x509/CertificatePolicyId
instanceKlass sun/security/x509/PolicyInformation
instanceKlass sun/security/x509/DNSName
instanceKlass sun/security/x509/URIName
instanceKlass sun/security/x509/DistributionPoint
instanceKlass sun/security/util/ECUtil
instanceKlass java/security/interfaces/ECPublicKey
instanceKlass java/security/interfaces/ECKey
instanceKlass sun/security/provider/JavaKeyStore$TrustedCertEntry
instanceKlass sun/security/provider/KeyStoreDelegator$1
instanceKlass java/security/KeyStoreSpi
instanceKlass java/security/KeyStore
instanceKlass sun/security/util/AnchorCertificates$1
instanceKlass sun/security/util/AnchorCertificates
instanceKlass java/security/cert/TrustAnchor
instanceKlass sun/security/x509/X509CertImpl$$Lambda$26
instanceKlass sun/security/util/UntrustedCertificates$1
instanceKlass sun/security/util/UntrustedCertificates
instanceKlass java/security/cert/PKIXCertPathChecker
instanceKlass java/security/cert/CertPathChecker
instanceKlass javax/crypto/JarVerifier$JarHolder
instanceKlass javax/crypto/JarVerifier$2
instanceKlass javax/crypto/JceSecurity$2
instanceKlass javax/crypto/KeyAgreement
instanceKlass sun/security/ssl/JsseJce$EcAvailability
instanceKlass sun/security/ssl/SSLAlgorithmDecomposer$1
instanceKlass sun/security/ssl/CipherSuite$MacAlg
instanceKlass javax/crypto/JceSecurityManager$1
instanceKlass java/security/spec/DSAParameterSpec
instanceKlass java/security/interfaces/DSAParams
instanceKlass java/security/interfaces/DSAPrivateKey
instanceKlass javax/management/Attribute
instanceKlass javax/management/NotificationListener
instanceKlass sun/security/validator/EndEntityChecker
instanceKlass sun/security/validator/Validator
instanceKlass sun/security/util/Pem
instanceKlass javax/crypto/JarVerifier$1
instanceKlass javax/crypto/JarVerifier
instanceKlass javax/crypto/CryptoPolicyParser$CryptoPermissionEntry
instanceKlass javax/crypto/CryptoPolicyParser$GrantEntry
instanceKlass java/io/StreamTokenizer
instanceKlass javax/crypto/CryptoPolicyParser
instanceKlass java/util/zip/ZipFile$ZipEntryIterator
instanceKlass java/util/jar/JarFile$JarEntryIterator
instanceKlass javax/crypto/JceSecurity$1
instanceKlass javax/crypto/JceSecurity
instanceKlass javax/crypto/Cipher
instanceKlass sun/security/krb5/Realm
instanceKlass sun/security/krb5/PrincipalName
instanceKlass sun/security/ssl/JsseJce$1
instanceKlass sun/security/ssl/JsseJce
instanceKlass sun/security/ssl/CipherSuite$BulkCipher
instanceKlass sun/security/ssl/CipherSuite
instanceKlass sun/security/ssl/SSLAlgorithmConstraints
instanceKlass sun/security/ssl/ProtocolVersion
instanceKlass sun/security/ssl/ProtocolList
instanceKlass sun/security/ssl/Debug
instanceKlass javax/net/ssl/SSLContextSpi
instanceKlass javax/net/ssl/SSLContext
instanceKlass org/apache/tomcat/util/net/jsse/JSSESSLContext
instanceKlass org/apache/tomcat/util/net/SSLContext
instanceKlass java/security/KeyStore$LoadStoreParameter
instanceKlass javax/net/ssl/ManagerFactoryParameters
instanceKlass java/security/cert/CertPathParameters
instanceKlass java/security/cert/CertStoreParameters
instanceKlass java/security/cert/CertSelector
instanceKlass org/apache/tomcat/util/net/SSLUtilBase
instanceKlass org/apache/tomcat/util/net/jsse/JSSESupport
instanceKlass org/apache/tomcat/util/net/SSLSessionManager
instanceKlass org/apache/tomcat/util/net/SSLUtil
instanceKlass org/apache/tomcat/util/net/SSLSupport
instanceKlass java/nio/channels/AsynchronousSocketChannel
instanceKlass java/nio/channels/AsynchronousByteChannel
instanceKlass java/nio/channels/AsynchronousServerSocketChannel
instanceKlass java/nio/channels/AsynchronousChannel
instanceKlass java/nio/channels/spi/AbstractSelector$1
instanceKlass org/apache/tomcat/util/collections/SynchronizedQueue
instanceKlass org/apache/tomcat/util/net/NioBlockingSelector
instanceKlass sun/nio/ch/OptionKey
instanceKlass sun/nio/ch/SocketOptionRegistry$LazyInitialization
instanceKlass sun/nio/ch/SocketOptionRegistry$RegistryKey
instanceKlass sun/nio/ch/SocketOptionRegistry
instanceKlass jdk/net/SocketFlow
instanceKlass sun/net/ExtendedOptionsImpl$$Lambda$25
instanceKlass sun/net/ExtendedOptionsImpl
instanceKlass sun/nio/ch/ExtendedSocketOption$1
instanceKlass sun/nio/ch/ExtendedSocketOption
instanceKlass sun/nio/ch/SocketChannelImpl$DefaultOptionsHolder
instanceKlass java/net/StandardSocketOptions$StdSocketOption
instanceKlass java/net/SocketOption
instanceKlass java/net/StandardSocketOptions
instanceKlass sun/nio/ch/IOStatus
instanceKlass java/nio/DirectByteBuffer$Deallocator
instanceKlass sun/nio/ch/Util$BufferCache
instanceKlass sun/nio/ch/NativeThread
instanceKlass java/nio/channels/spi/AbstractInterruptibleChannel$1
instanceKlass sun/net/util/IPAddressUtil
instanceKlass sun/nio/ch/PipeImpl$Initializer$LoopbackConnector
instanceKlass sun/nio/ch/PipeImpl$Initializer
instanceKlass java/nio/channels/Pipe
instanceKlass sun/nio/ch/NativeObject
instanceKlass sun/nio/ch/PollArrayWrapper
instanceKlass sun/nio/ch/WindowsSelectorImpl$FinishLock
instanceKlass sun/nio/ch/WindowsSelectorImpl$StartLock
instanceKlass sun/nio/ch/WindowsSelectorImpl$SubSelector
instanceKlass java/nio/channels/SelectionKey
instanceKlass sun/nio/ch/Util$3
instanceKlass sun/nio/ch/Util$2
instanceKlass sun/nio/ch/Util
instanceKlass java/nio/channels/Selector
instanceKlass java/util/concurrent/CountDownLatch
instanceKlass sun/nio/ch/Net$3
instanceKlass sun/nio/ch/Net$4
instanceKlass sun/nio/ch/Net$1
instanceKlass java/net/ProtocolFamily
instanceKlass sun/nio/ch/Net
instanceKlass sun/nio/ch/NativeDispatcher
instanceKlass sun/nio/ch/SelChImpl
instanceKlass sun/nio/ch/DefaultSelectorProvider
instanceKlass java/nio/channels/spi/SelectorProvider$1
instanceKlass java/nio/channels/spi/SelectorProvider
instanceKlass org/apache/catalina/connector/CoyoteAdapter
instanceKlass org/apache/catalina/util/Extension
instanceKlass org/apache/catalina/util/ManifestResource
instanceKlass org/apache/catalina/util/ExtensionValidator
instanceKlass org/apache/catalina/mbeans/MBeanUtils
instanceKlass org/apache/catalina/Manager
instanceKlass org/apache/catalina/Loader
instanceKlass org/apache/catalina/mbeans/MBeanFactory
instanceKlass org/apache/tomcat/util/buf/AbstractChunk
instanceKlass org/apache/tomcat/util/buf/StringCache
instanceKlass org/apache/tomcat/util/threads/ScheduledThreadPoolExecutor
instanceKlass org/apache/tomcat/util/threads/TaskThreadFactory
instanceKlass org/apache/tomcat/util/buf/StringUtils
instanceKlass org/apache/tomcat/util/modeler/ManagedBean$$Lambda$24
instanceKlass org/apache/tomcat/util/modeler/FeatureInfo
instanceKlass org/apache/tomcat/util/modeler/ManagedBean
instanceKlass org/apache/tomcat/util/modeler/modules/ModelerSource
instanceKlass org/apache/tomcat/util/modeler/Registry
instanceKlass org/apache/tomcat/util/modeler/RegistryMBean
instanceKlass org/apache/catalina/startup/SafeForkJoinWorkerThreadFactory
instanceKlass java/util/concurrent/ForkJoinPool$ForkJoinWorkerThreadFactory
instanceKlass com/sun/jndi/ldap/LdapPoolManager$3
instanceKlass com/sun/jndi/ldap/LdapPoolManager$2
instanceKlass com/sun/jndi/ldap/pool/Pool
instanceKlass com/sun/jndi/ldap/LdapPoolManager$1
instanceKlass com/sun/jndi/ldap/LdapPoolManager
instanceKlass com/sun/org/apache/xml/internal/serialize/Printer
instanceKlass com/sun/org/apache/xml/internal/serialize/EncodingInfo
instanceKlass com/sun/org/apache/xerces/internal/util/EncodingMap
instanceKlass com/sun/org/apache/xml/internal/serialize/Encodings
instanceKlass org/w3c/dom/events/EventListener
instanceKlass org/w3c/dom/NamedNodeMap
instanceKlass org/w3c/dom/ProcessingInstruction
instanceKlass org/w3c/dom/Notation
instanceKlass org/w3c/dom/EntityReference
instanceKlass org/w3c/dom/Entity
instanceKlass org/w3c/dom/Comment
instanceKlass org/w3c/dom/CDATASection
instanceKlass org/w3c/dom/Text
instanceKlass org/w3c/dom/CharacterData
instanceKlass org/w3c/dom/Attr
instanceKlass org/w3c/dom/DocumentFragment
instanceKlass org/w3c/dom/UserDataHandler
instanceKlass org/w3c/dom/traversal/TreeWalker
instanceKlass org/w3c/dom/ranges/Range
instanceKlass org/w3c/dom/traversal/NodeIterator
instanceKlass org/w3c/dom/traversal/NodeFilter
instanceKlass org/w3c/dom/events/Event
instanceKlass com/sun/org/apache/xml/internal/serialize/ElementState
instanceKlass com/sun/org/apache/xml/internal/serialize/OutputFormat
instanceKlass com/sun/org/apache/xml/internal/serialize/BaseMarkupSerializer
instanceKlass com/sun/org/apache/xml/internal/serialize/Serializer
instanceKlass com/sun/org/apache/xml/internal/serialize/DOMSerializer
instanceKlass org/xml/sax/DocumentHandler
instanceKlass com/sun/org/apache/xerces/internal/dom/DOMLocatorImpl
instanceKlass org/w3c/dom/DOMLocator
instanceKlass com/sun/org/apache/xerces/internal/dom/DOMErrorImpl
instanceKlass org/w3c/dom/DOMError
instanceKlass com/sun/org/apache/xml/internal/serialize/DOMSerializerImpl
instanceKlass org/w3c/dom/DOMConfiguration
instanceKlass org/w3c/dom/ls/LSSerializer
instanceKlass com/sun/org/apache/xerces/internal/dom/CoreDOMImplementationImpl
instanceKlass org/w3c/dom/ls/DOMImplementationLS
instanceKlass org/w3c/dom/DOMImplementation
instanceKlass com/sun/org/apache/xerces/internal/dom/NodeListCache
instanceKlass org/w3c/dom/TypeInfo
instanceKlass org/w3c/dom/Element
instanceKlass org/w3c/dom/DocumentType
instanceKlass com/sun/org/apache/xerces/internal/dom/NodeImpl
instanceKlass org/w3c/dom/events/EventTarget
instanceKlass org/w3c/dom/NodeList
instanceKlass org/w3c/dom/Document
instanceKlass org/w3c/dom/ranges/DocumentRange
instanceKlass org/w3c/dom/events/DocumentEvent
instanceKlass org/w3c/dom/traversal/DocumentTraversal
instanceKlass javax/xml/parsers/DocumentBuilder
instanceKlass javax/xml/parsers/DocumentBuilderFactory
instanceKlass sun/security/mscapi/SunMSCAPI$1
instanceKlass sun/security/smartcardio/SunPCSC$1
instanceKlass org/jcp/xml/dsig/internal/dom/XMLDSigRI$1
instanceKlass com/sun/security/sasl/Provider$1
instanceKlass sun/security/jgss/SunProvider$1
instanceKlass com/sun/crypto/provider/SunJCE$1
instanceKlass sun/security/ssl/SunJSSE$1
instanceKlass java/security/spec/ECFieldF2m
instanceKlass java/security/spec/ECParameterSpec
instanceKlass java/security/spec/AlgorithmParameterSpec
instanceKlass java/security/spec/ECPoint
instanceKlass java/security/spec/EllipticCurve
instanceKlass java/security/spec/ECFieldFp
instanceKlass java/security/spec/ECField
instanceKlass sun/security/ec/CurveDB
instanceKlass sun/security/ec/SunECEntries
instanceKlass sun/nio/fs/WindowsUriSupport
instanceKlass java/nio/file/Paths
instanceKlass sun/security/ec/SunEC$1
instanceKlass sun/security/util/ManifestEntryVerifier$SunProviderHolder
instanceKlass sun/nio/cs/Surrogate
instanceKlass sun/nio/cs/Surrogate$Parser
instanceKlass java/util/Base64$Encoder
instanceKlass java/util/Base64$Decoder
instanceKlass java/util/Base64
instanceKlass java/security/cert/CertPath
instanceKlass java/math/MutableBigInteger
instanceKlass sun/security/rsa/RSAPadding
instanceKlass sun/security/rsa/RSACore
instanceKlass java/security/interfaces/RSAPrivateCrtKey
instanceKlass sun/security/pkcs/PKCS8Key
instanceKlass java/security/interfaces/RSAPrivateKey
instanceKlass java/security/PrivateKey
instanceKlass sun/security/jca/ServiceId
instanceKlass java/security/SignatureSpi
instanceKlass javax/crypto/SecretKey
instanceKlass javax/security/auth/Destroyable
instanceKlass sun/security/util/Length
instanceKlass sun/security/util/KeyUtil
instanceKlass sun/text/normalizer/NormalizerBase$1
instanceKlass sun/text/normalizer/NormalizerBase$QuickCheckResult
instanceKlass sun/text/normalizer/NormalizerBase$Mode
instanceKlass sun/text/normalizer/NormalizerBase
instanceKlass java/text/Normalizer
instanceKlass sun/security/pkcs/PKCS9Attribute
instanceKlass sun/security/x509/AVAKeyword
instanceKlass sun/security/util/ConstraintsParameters
instanceKlass sun/security/pkcs/SignerInfo
instanceKlass java/security/interfaces/DSAPublicKey
instanceKlass java/security/interfaces/DSAKey
instanceKlass java/security/spec/DSAPublicKeySpec
instanceKlass java/security/AlgorithmParametersSpi
instanceKlass java/security/AlgorithmParameters
instanceKlass sun/security/util/MemoryCache$CacheEntry
instanceKlass sun/security/x509/X509AttributeName
instanceKlass sun/security/x509/RFC822Name
instanceKlass sun/security/x509/GeneralName
instanceKlass sun/security/x509/GeneralNames
instanceKlass sun/security/x509/KeyIdentifier
instanceKlass sun/security/x509/NetscapeCertTypeExtension$MapEntry
instanceKlass sun/security/x509/OIDMap$OIDInfo
instanceKlass sun/security/x509/PKIXExtensions
instanceKlass sun/security/x509/OIDMap
instanceKlass sun/security/x509/Extension
instanceKlass java/security/cert/Extension
instanceKlass sun/security/x509/CertificateExtensions
instanceKlass java/security/interfaces/RSAPublicKey
instanceKlass java/security/interfaces/RSAKey
instanceKlass java/security/spec/RSAPrivateKeySpec
instanceKlass java/security/spec/RSAPublicKeySpec
instanceKlass java/security/KeyFactorySpi
instanceKlass sun/security/jca/ProviderList$ServiceList$1
instanceKlass java/security/KeyFactory
instanceKlass java/security/spec/EncodedKeySpec
instanceKlass java/security/spec/KeySpec
instanceKlass sun/security/util/BitArray
instanceKlass sun/security/x509/X509Key
instanceKlass java/security/PublicKey
instanceKlass java/security/Key
instanceKlass sun/security/x509/CertificateX509Key
instanceKlass sun/security/x509/CertificateValidity
instanceKlass sun/security/x509/AVA
instanceKlass sun/security/x509/RDN
instanceKlass javax/security/auth/x500/X500Principal
instanceKlass sun/security/x509/X500Name$1
instanceKlass sun/security/x509/X500Name
instanceKlass sun/security/x509/GeneralNameInterface
instanceKlass sun/security/x509/CertificateAlgorithmId
instanceKlass sun/security/x509/SerialNumber
instanceKlass sun/security/x509/CertificateSerialNumber
instanceKlass sun/security/x509/CertificateVersion
instanceKlass sun/security/x509/X509CertInfo
instanceKlass sun/security/x509/CertAttrSet
instanceKlass sun/security/util/Cache$EqualByteArray
instanceKlass sun/security/util/Cache
instanceKlass java/security/cert/CertificateFactorySpi
instanceKlass java/security/cert/CertificateFactory
instanceKlass sun/security/x509/AlgorithmId
instanceKlass sun/security/util/ByteArrayTagOrder
instanceKlass sun/security/util/ByteArrayLexOrder
instanceKlass sun/security/util/DerEncoder
instanceKlass sun/security/util/DerValue
instanceKlass sun/security/util/ObjectIdentifier
instanceKlass sun/security/pkcs/ContentInfo
instanceKlass sun/security/util/DerIndefLenConverter
instanceKlass sun/security/util/DerInputStream
instanceKlass sun/security/pkcs/PKCS7
instanceKlass sun/security/util/ManifestDigester$Section
instanceKlass sun/security/util/ManifestDigester$Entry
instanceKlass sun/security/util/ManifestDigester$Position
instanceKlass sun/security/util/ManifestDigester
instanceKlass sun/security/rsa/SunRsaSignEntries
instanceKlass sun/misc/GC$Daemon$1
instanceKlass sun/misc/GC$LatencyRequest
instanceKlass sun/misc/GC$LatencyLock
instanceKlass sun/misc/GC
instanceKlass org/apache/tomcat/util/compat/JreCompat
instanceKlass java/sql/Driver
instanceKlass java/sql/DriverManager$2
instanceKlass java/sql/DriverManager$1
instanceKlass java/sql/DriverManager
instanceKlass java/text/DontCareFieldPosition$1
instanceKlass java/text/Format$FieldDelegate
instanceKlass java/util/concurrent/LinkedBlockingDeque$Node
instanceKlass org/apache/juli/AsyncFileHandler$LogEntry
instanceKlass java/util/logging/LogRecord
instanceKlass org/apache/catalina/util/ServerInfo
instanceKlass org/apache/catalina/valves/AbstractAccessLogValve$ByteSentElement
instanceKlass org/apache/catalina/valves/AbstractAccessLogValve$HttpStatusCodeElement
instanceKlass org/apache/catalina/valves/AbstractAccessLogValve$RequestElement
instanceKlass org/apache/catalina/valves/AbstractAccessLogValve$DateAndTimeElement
instanceKlass org/apache/catalina/valves/AbstractAccessLogValve$UserElement
instanceKlass org/apache/catalina/valves/AbstractAccessLogValve$LogicalUserNameElement
instanceKlass org/apache/catalina/valves/AbstractAccessLogValve$HostElement
instanceKlass org/apache/catalina/valves/AbstractAccessLogValve$StringElement
instanceKlass org/apache/catalina/valves/AbstractAccessLogValve$DateFormatCache$Cache
instanceKlass org/apache/catalina/valves/AbstractAccessLogValve$DateFormatCache
instanceKlass org/apache/catalina/valves/AbstractAccessLogValve$AccessLogElement
instanceKlass org/apache/catalina/startup/HostConfig
instanceKlass org/apache/catalina/Globals
instanceKlass org/apache/catalina/Host
instanceKlass org/apache/tomcat/util/descriptor/web/XmlEncodingBase
instanceKlass org/ietf/jgss/GSSContext
instanceKlass java/security/cert/X509Extension
instanceKlass org/apache/catalina/Wrapper
instanceKlass org/apache/catalina/realm/RealmBase$AllRolesMode
instanceKlass org/apache/catalina/realm/DigestCredentialHandlerBase
instanceKlass org/apache/catalina/realm/X509UsernameRetriever
instanceKlass org/apache/catalina/CredentialHandler
instanceKlass org/apache/catalina/startup/EngineConfig
instanceKlass org/apache/catalina/Cluster
instanceKlass org/apache/catalina/Realm
instanceKlass org/apache/catalina/Valve
instanceKlass org/apache/catalina/AccessLog
instanceKlass org/apache/catalina/Pipeline
instanceKlass org/apache/catalina/Contained
instanceKlass org/apache/tomcat/util/net/SSLHostConfigCertificate
instanceKlass javax/net/ssl/TrustManagerFactory$1
instanceKlass javax/net/ssl/TrustManagerFactory
instanceKlass javax/net/ssl/KeyManagerFactory$1
instanceKlass javax/net/ssl/KeyManagerFactory
instanceKlass java/util/concurrent/ConcurrentHashMap$Traverser
instanceKlass org/apache/tomcat/util/net/SocketWrapperBase
instanceKlass org/apache/tomcat/util/net/SSLImplementation
instanceKlass org/apache/coyote/Response
instanceKlass org/apache/coyote/Request
instanceKlass org/apache/catalina/connector/Response
instanceKlass javax/servlet/http/HttpServletResponse
instanceKlass javax/servlet/ServletResponse
instanceKlass org/apache/catalina/connector/Request
instanceKlass javax/servlet/http/HttpServletRequest
instanceKlass javax/servlet/ServletRequest
instanceKlass org/apache/tomcat/util/net/SSLHostConfig
instanceKlass org/apache/coyote/UpgradeProtocol
instanceKlass org/apache/tomcat/util/collections/SynchronizedStack
instanceKlass javax/management/NotificationFilter
instanceKlass org/apache/tomcat/util/modeler/BaseModelMBean
instanceKlass javax/management/modelmbean/ModelMBeanNotificationBroadcaster
instanceKlass org/apache/coyote/AbstractProtocol$ConnectionHandler
instanceKlass org/apache/coyote/CompressionConfig
instanceKlass java/util/concurrent/ConcurrentLinkedQueue$Node
instanceKlass org/apache/tomcat/util/net/NioSelectorPool
instanceKlass org/apache/tomcat/util/net/SocketProperties
instanceKlass org/apache/tomcat/util/net/SocketProcessorBase
instanceKlass org/apache/tomcat/util/net/NioChannel
instanceKlass java/nio/channels/NetworkChannel
instanceKlass org/apache/tomcat/util/net/AbstractEndpoint
instanceKlass org/apache/coyote/Processor
instanceKlass org/apache/tomcat/util/net/AbstractEndpoint$Handler
instanceKlass org/apache/coyote/AbstractProtocol
instanceKlass org/apache/coyote/ProtocolHandler
instanceKlass java/lang/ClassLoaderHelper
instanceKlass org/apache/tomcat/jni/Library
instanceKlass org/apache/coyote/Adapter
instanceKlass org/apache/catalina/Engine
instanceKlass org/apache/catalina/Executor
instanceKlass org/apache/catalina/mapper/Mapper$MapElement
instanceKlass org/apache/catalina/mapper/Mapper
instanceKlass org/apache/tomcat/util/descriptor/web/ContextTransaction
instanceKlass org/apache/catalina/core/FrameworkListener
instanceKlass org/apache/catalina/mbeans/GlobalResourcesLifecycleListener
instanceKlass org/w3c/dom/Node
instanceKlass org/apache/catalina/core/JreMemoryLeakPreventionListener
instanceKlass org/apache/catalina/core/AprLifecycleListener
instanceKlass org/apache/catalina/startup/VersionLoggerListener
instanceKlass org/apache/tomcat/util/digester/SetPropertiesRule$Listener
instanceKlass javax/naming/Context
instanceKlass javax/naming/RefAddr
instanceKlass javax/naming/Reference
instanceKlass org/apache/catalina/core/NamingContextListener
instanceKlass org/apache/catalina/ContainerListener
instanceKlass org/apache/tomcat/util/descriptor/web/ResourceBase
instanceKlass org/apache/tomcat/util/descriptor/web/Injectable
instanceKlass org/apache/tomcat/util/descriptor/web/NamingResources
instanceKlass java/beans/PropertyChangeListener
instanceKlass java/util/EventListener
instanceKlass java/beans/ChangeListenerMap
instanceKlass java/beans/PropertyChangeSupport
instanceKlass org/apache/catalina/Service
instanceKlass java/util/Vector$1
instanceKlass java/util/function/UnaryOperator
instanceKlass java/util/function/Predicate
instanceKlass java/util/function/Consumer
instanceKlass java/util/stream/Stream
instanceKlass java/util/stream/BaseStream
instanceKlass java/util/Spliterator
instanceKlass java/lang/Throwable$PrintStreamOrWriter
instanceKlass org/apache/catalina/LifecycleListener
instanceKlass com/sun/jmx/remote/security/MBeanServerFileAccessController$2
instanceKlass javax/management/remote/rmi/RMIConnectionImpl$PrivilegedOperation
instanceKlass org/apache/tomcat/util/IntrospectionUtils
instanceKlass org/xml/sax/helpers/AttributesImpl
instanceKlass com/sun/org/apache/xerces/internal/impl/Constants$ArrayEnumeration
instanceKlass com/sun/org/apache/xerces/internal/impl/Constants
instanceKlass com/sun/jmx/remote/internal/ServerCommunicatorAdmin$Timeout
instanceKlass com/sun/jmx/remote/internal/ServerCommunicatorAdmin
instanceKlass javax/management/remote/rmi/RMIConnectionImpl$3
instanceKlass com/sun/org/apache/xerces/internal/util/XMLChar
instanceKlass javax/management/remote/rmi/RMIConnectionImpl$2
instanceKlass javax/security/auth/Subject$1
instanceKlass org/apache/tomcat/util/digester/DocumentProperties$Charset
instanceKlass com/sun/jmx/remote/security/MBeanServerFileAccessController$1
instanceKlass com/sun/org/apache/xerces/internal/parsers/AbstractSAXParser$LocatorProxy
instanceKlass org/xml/sax/ext/Locator2
instanceKlass org/xml/sax/Locator
instanceKlass com/sun/org/apache/xerces/internal/util/XMLSymbols
instanceKlass javax/management/remote/rmi/RMIConnectionImpl$1
instanceKlass com/sun/xml/internal/stream/Entity
instanceKlass javax/security/auth/Policy$4
instanceKlass com/sun/xml/internal/stream/util/BufferAllocator
instanceKlass javax/security/auth/Policy
instanceKlass com/sun/xml/internal/stream/util/ThreadLocalBufferAllocator
instanceKlass javax/security/auth/SubjectDomainCombiner
instanceKlass java/security/DomainCombiner
instanceKlass java/security/Policy$PolicyInfo
instanceKlass java/util/concurrent/atomic/AtomicReference
instanceKlass com/sun/org/apache/xerces/internal/util/URI
instanceKlass java/security/Policy
instanceKlass com/sun/org/apache/xerces/internal/utils/XMLLimitAnalyzer
instanceKlass com/sun/jmx/remote/security/SubjectDelegator
instanceKlass com/sun/org/apache/xerces/internal/xni/parser/XMLInputSource
instanceKlass javax/management/remote/rmi/RMIConnectionImpl
instanceKlass com/sun/org/apache/xerces/internal/util/ErrorHandlerWrapper
instanceKlass com/sun/org/apache/xerces/internal/xni/parser/XMLErrorHandler
instanceKlass java/rmi/server/Unreferenced
instanceKlass com/sun/org/apache/xerces/internal/util/EntityResolver2Wrapper
instanceKlass com/sun/org/apache/xerces/internal/impl/ExternalSubsetResolver
instanceKlass com/sun/jmx/remote/security/JMXPluggableAuthenticator$2
instanceKlass javax/security/auth/Subject$SecureSet$1
instanceKlass javax/management/remote/JMXPrincipal
instanceKlass com/sun/org/apache/xerces/internal/parsers/AbstractSAXParser$AttributesProxy
instanceKlass org/xml/sax/ext/Attributes2
instanceKlass org/xml/sax/AttributeList
instanceKlass javax/security/auth/callback/PasswordCallback
instanceKlass javax/security/auth/callback/NameCallback
instanceKlass javax/security/auth/callback/Callback
instanceKlass com/sun/org/apache/xerces/internal/util/PropertyState
instanceKlass com/sun/org/apache/xerces/internal/util/FeatureState
instanceKlass com/sun/org/apache/xerces/internal/impl/msg/XMLMessageFormatter
instanceKlass com/sun/org/apache/xerces/internal/util/MessageFormatter
instanceKlass javax/security/auth/login/LoginContext$4
instanceKlass com/sun/org/apache/xerces/internal/impl/XMLVersionDetector
instanceKlass com/sun/org/apache/xerces/internal/impl/validation/ValidationManager
instanceKlass com/sun/org/apache/xerces/internal/impl/dv/dtd/NMTOKENDatatypeValidator
instanceKlass com/sun/org/apache/xerces/internal/impl/dv/dtd/NOTATIONDatatypeValidator
instanceKlass com/sun/org/apache/xerces/internal/impl/dv/dtd/ENTITYDatatypeValidator
instanceKlass javax/security/auth/login/LoginContext$2
instanceKlass com/sun/org/apache/xerces/internal/impl/dv/dtd/ListDatatypeValidator
instanceKlass javax/security/auth/login/LoginContext$ModuleInfo
instanceKlass com/sun/org/apache/xerces/internal/impl/dv/dtd/IDREFDatatypeValidator
instanceKlass com/sun/org/apache/xerces/internal/impl/dv/dtd/IDDatatypeValidator
instanceKlass javax/security/auth/login/AppConfigurationEntry$LoginModuleControlFlag
instanceKlass com/sun/org/apache/xerces/internal/impl/dv/dtd/StringDatatypeValidator
instanceKlass com/sun/org/apache/xerces/internal/impl/dv/DatatypeValidator
instanceKlass javax/security/auth/login/AppConfigurationEntry
instanceKlass com/sun/jmx/remote/security/FileLoginModule
instanceKlass javax/security/auth/spi/LoginModule
instanceKlass com/sun/org/apache/xerces/internal/impl/dv/DTDDVFactory
instanceKlass javax/security/auth/login/Configuration
instanceKlass com/sun/org/apache/xerces/internal/impl/dtd/DTDGrammarBucket
instanceKlass com/sun/jmx/remote/security/JMXPluggableAuthenticator$JMXCallbackHandler
instanceKlass javax/security/auth/callback/CallbackHandler
instanceKlass com/sun/org/apache/xerces/internal/impl/dtd/XMLAttributeDecl
instanceKlass com/sun/org/apache/xerces/internal/impl/dtd/XMLSimpleType
instanceKlass javax/security/auth/login/LoginContext
instanceKlass com/sun/org/apache/xerces/internal/impl/dtd/XMLElementDecl
instanceKlass com/sun/org/apache/xerces/internal/impl/validation/ValidationState
instanceKlass com/sun/org/apache/xerces/internal/impl/dv/ValidationContext
instanceKlass com/sun/jmx/remote/security/JMXPluggableAuthenticator$1
instanceKlass com/sun/jmx/remote/security/JMXPluggableAuthenticator
instanceKlass com/sun/org/apache/xerces/internal/impl/dtd/XMLDTDValidator
instanceKlass com/sun/org/apache/xerces/internal/impl/RevalidationHandler
instanceKlass com/sun/org/apache/xerces/internal/impl/dtd/XMLDTDValidatorFilter
instanceKlass com/sun/org/apache/xerces/internal/xni/parser/XMLDocumentFilter
instanceKlass sun/rmi/server/UnicastServerRef$MyChecker
instanceKlass sun/rmi/server/MarshalInputStream$StreamChecker
instanceKlass java/io/ObjectStreamClass$5
instanceKlass com/sun/org/apache/xerces/internal/impl/dtd/XMLEntityDecl
instanceKlass java/io/ObjectStreamClass$4
instanceKlass com/sun/org/apache/xerces/internal/impl/dtd/XMLDTDProcessor
instanceKlass java/io/ObjectStreamClass$3
instanceKlass com/sun/org/apache/xerces/internal/xni/parser/XMLDTDContentModelFilter
instanceKlass java/io/ObjectStreamClass$MemberSignature
instanceKlass com/sun/org/apache/xerces/internal/xni/parser/XMLDTDFilter
instanceKlass java/io/ObjectStreamClass$1
instanceKlass sun/rmi/transport/SequenceEntry
instanceKlass sun/rmi/transport/DGCImpl$1
instanceKlass com/sun/org/apache/xerces/internal/xni/parser/XMLDTDScanner
instanceKlass com/sun/org/apache/xerces/internal/xni/parser/XMLDTDContentModelSource
instanceKlass com/sun/org/apache/xerces/internal/xni/parser/XMLDTDSource
instanceKlass sun/rmi/transport/DGCImpl$LeaseInfo
instanceKlass com/sun/org/apache/xerces/internal/xni/grammars/XMLDTDDescription
instanceKlass com/sun/org/apache/xerces/internal/xni/grammars/XMLGrammarDescription
instanceKlass java/rmi/dgc/VMID
instanceKlass java/rmi/dgc/Lease
instanceKlass com/sun/org/apache/xerces/internal/impl/XMLDocumentScannerImpl$TrailingMiscDriver
instanceKlass com/sun/org/apache/xerces/internal/impl/XMLDocumentScannerImpl$PrologDriver
instanceKlass com/sun/org/apache/xerces/internal/impl/XMLDocumentScannerImpl$XMLDeclDriver
instanceKlass com/sun/org/apache/xerces/internal/util/NamespaceSupport
instanceKlass com/sun/org/apache/xerces/internal/xni/NamespaceContext
instanceKlass com/sun/org/apache/xerces/internal/util/XMLAttributesImpl$Attribute
instanceKlass com/sun/org/apache/xerces/internal/util/XMLAttributesImpl
instanceKlass com/sun/org/apache/xerces/internal/xni/XMLAttributes
instanceKlass com/sun/org/apache/xerces/internal/impl/XMLDocumentFragmentScannerImpl$FragmentContentDriver
instanceKlass com/sun/org/apache/xerces/internal/impl/XMLDocumentFragmentScannerImpl$Driver
instanceKlass java/util/logging/Logger$1
instanceKlass com/sun/org/apache/xerces/internal/impl/XMLDocumentFragmentScannerImpl$ElementStack2
instanceKlass com/sun/org/apache/xerces/internal/xni/QName
instanceKlass java/util/logging/LogManager$LoggerContext$1
instanceKlass com/sun/org/apache/xerces/internal/impl/XMLDocumentFragmentScannerImpl$ElementStack
instanceKlass java/io/ObjectInputStream$Logging
instanceKlass com/sun/org/apache/xerces/internal/xni/XMLString
instanceKlass java/io/ObjectInputStream$FilterValues
instanceKlass com/sun/org/apache/xerces/internal/impl/XMLScanner
instanceKlass com/sun/xml/internal/stream/XMLBufferListener
instanceKlass com/sun/org/apache/xerces/internal/impl/XMLEntityHandler
instanceKlass com/sun/org/apache/xerces/internal/xni/parser/XMLDocumentScanner
instanceKlass com/sun/org/apache/xerces/internal/xni/parser/XMLDocumentSource
instanceKlass sun/rmi/transport/DGCAckHandler$1
instanceKlass sun/rmi/transport/DGCAckHandler
instanceKlass sun/rmi/server/LoaderHandler
instanceKlass java/rmi/server/RMIClassLoader$1
instanceKlass java/rmi/server/RMIClassLoaderSpi
instanceKlass com/sun/org/apache/xerces/internal/impl/XMLErrorReporter
instanceKlass java/rmi/server/RMIClassLoader
instanceKlass java/io/ObjectStreamClass$ExceptionInfo
instanceKlass sun/rmi/server/MarshalOutputStream$1
instanceKlass com/sun/org/apache/xerces/internal/impl/XMLEntityScanner
instanceKlass sun/rmi/server/UnicastServerRef$1
instanceKlass com/sun/org/apache/xerces/internal/xni/XMLLocator
instanceKlass sun/rmi/transport/Transport$1
instanceKlass sun/rmi/transport/Transport$$Lambda$23
instanceKlass com/sun/xml/internal/stream/XMLEntityStorage
instanceKlass sun/misc/ObjectInputFilter$Config$$Lambda$22
instanceKlass sun/misc/ObjectInputFilter$Config
instanceKlass com/sun/org/apache/xerces/internal/impl/XMLEntityManager$CharacterBuffer
instanceKlass java/io/ObjectInputStream$ValidationList
instanceKlass com/sun/org/apache/xerces/internal/impl/XMLEntityManager$CharacterBufferPool
instanceKlass java/io/ObjectInputStream$HandleTable$HandleList
instanceKlass com/sun/org/apache/xerces/internal/util/AugmentationsImpl$AugmentationsItemsContainer
instanceKlass java/io/ObjectInputStream$HandleTable
instanceKlass com/sun/org/apache/xerces/internal/util/AugmentationsImpl
instanceKlass com/sun/org/apache/xerces/internal/xni/Augmentations
instanceKlass java/rmi/activation/ActivationGroupDesc
instanceKlass com/sun/org/apache/xerces/internal/util/XMLResourceIdentifierImpl
instanceKlass com/sun/org/apache/xerces/internal/xni/XMLResourceIdentifier
instanceKlass java/rmi/activation/ActivationDesc
instanceKlass java/rmi/activation/ActivationID
instanceKlass com/sun/org/apache/xerces/internal/impl/XMLEntityManager
instanceKlass java/rmi/activation/ActivationMonitor
instanceKlass com/sun/org/apache/xerces/internal/xni/parser/XMLEntityResolver
instanceKlass java/rmi/activation/ActivationInstantiator
instanceKlass com/sun/org/apache/xerces/internal/xni/parser/XMLComponent
instanceKlass java/rmi/activation/ActivationGroupID
instanceKlass java/rmi/activation/ActivationSystem
instanceKlass com/sun/org/apache/xerces/internal/util/SymbolTable$Entry
instanceKlass com/sun/org/apache/xerces/internal/util/SymbolTable
instanceKlass java/io/ObjectInputStream$$Lambda$21
instanceKlass sun/misc/JavaObjectInputStreamAccess
instanceKlass java/lang/invoke/LambdaForm$DMH
instanceKlass jdk/xml/internal/SecuritySupport$2
instanceKlass jdk/xml/internal/SecuritySupport$1
instanceKlass sun/misc/ObjectStreamClassValidator
instanceKlass jdk/xml/internal/SecuritySupport
instanceKlass java/io/ObjectInputStream$1
instanceKlass sun/misc/JavaOISAccess
instanceKlass jdk/xml/internal/JdkXmlUtils
instanceKlass sun/rmi/transport/StreamRemoteCall
instanceKlass java/rmi/server/RemoteCall
instanceKlass com/sun/org/apache/xerces/internal/util/ParserConfigurationSettings
instanceKlass sun/rmi/transport/tcp/TCPConnection
instanceKlass sun/rmi/transport/Connection
instanceKlass com/sun/org/apache/xerces/internal/parsers/XML11Configurable
instanceKlass com/sun/org/apache/xerces/internal/xni/parser/XMLPullParserConfiguration
instanceKlass com/sun/org/apache/xerces/internal/xni/parser/XMLParserConfiguration
instanceKlass com/sun/org/apache/xerces/internal/xni/parser/XMLComponentManager
instanceKlass sun/rmi/transport/tcp/TCPChannel
instanceKlass sun/rmi/transport/Channel
instanceKlass java/net/Socket$3
instanceKlass com/sun/org/apache/xerces/internal/parsers/XMLParser
instanceKlass com/sun/org/apache/xerces/internal/xni/XMLDTDContentModelHandler
instanceKlass java/net/Socket$2
instanceKlass com/sun/org/apache/xerces/internal/xni/XMLDTDHandler
instanceKlass sun/rmi/transport/tcp/TCPTransport$ConnectionHandler$$Lambda$20
instanceKlass com/sun/org/apache/xerces/internal/xni/XMLDocumentHandler
instanceKlass sun/rmi/transport/tcp/TCPTransport$ConnectionHandler
instanceKlass org/xml/sax/XMLReader
instanceKlass org/xml/sax/Parser
instanceKlass com/sun/org/apache/xerces/internal/utils/XMLSecurityPropertyManager
instanceKlass com/sun/org/apache/xerces/internal/utils/SecuritySupport$8
instanceKlass com/sun/org/apache/xerces/internal/utils/SecuritySupport$4
instanceKlass com/sun/org/apache/xerces/internal/utils/SecuritySupport
instanceKlass com/sun/org/apache/xerces/internal/utils/XMLSecurityManager
instanceKlass javax/xml/parsers/SAXParser
instanceKlass com/sun/org/apache/xerces/internal/xs/PSVIProvider
instanceKlass com/sun/org/apache/xerces/internal/jaxp/JAXPConstants
instanceKlass javax/xml/parsers/SecuritySupport$1
instanceKlass javax/xml/parsers/FactoryFinder$1
instanceKlass javax/xml/parsers/SecuritySupport$5
instanceKlass javax/xml/parsers/SecuritySupport$2
instanceKlass javax/xml/parsers/SecuritySupport
instanceKlass javax/xml/parsers/FactoryFinder
instanceKlass javax/xml/parsers/SAXParserFactory
instanceKlass org/xml/sax/InputSource
instanceKlass org/apache/tomcat/util/file/ConfigurationSource$Resource
instanceKlass org/apache/catalina/ha/ClusterRuleSet
instanceKlass org/apache/catalina/startup/ContextRuleSet
instanceKlass org/apache/catalina/startup/HostRuleSet
instanceKlass org/apache/catalina/startup/CredentialHandlerRuleSet
instanceKlass org/apache/catalina/startup/RealmRuleSet
instanceKlass org/apache/catalina/startup/EngineRuleSet
instanceKlass org/apache/catalina/startup/NamingRuleSet
instanceKlass org/apache/tomcat/util/digester/RulesBase
instanceKlass org/apache/catalina/util/LifecycleBase
instanceKlass org/apache/catalina/JmxEnabled
instanceKlass org/apache/catalina/Context
instanceKlass org/apache/tomcat/ContextBind
instanceKlass org/apache/catalina/Container
instanceKlass org/apache/tomcat/util/digester/Digester$SystemPropertySource
instanceKlass org/apache/tomcat/util/IntrospectionUtils$SecurePropertySource
instanceKlass org/apache/tomcat/util/IntrospectionUtils$PropertySource
instanceKlass org/xml/sax/Attributes
instanceKlass org/apache/tomcat/util/digester/Rules
instanceKlass org/xml/sax/helpers/DefaultHandler
instanceKlass org/xml/sax/ErrorHandler
instanceKlass org/xml/sax/ContentHandler
instanceKlass org/xml/sax/DTDHandler
instanceKlass org/xml/sax/ext/EntityResolver2
instanceKlass org/xml/sax/EntityResolver
instanceKlass org/xml/sax/ext/DeclHandler
instanceKlass org/xml/sax/ext/LexicalHandler
instanceKlass org/apache/tomcat/util/file/ConfigFileLoader
instanceKlass org/apache/catalina/startup/CatalinaBaseConfigurationSource
instanceKlass org/apache/catalina/Server
instanceKlass org/apache/catalina/Lifecycle
instanceKlass org/apache/tomcat/util/ExceptionUtils
instanceKlass org/apache/catalina/security/SecurityConfig
instanceKlass org/apache/juli/ClassLoaderLogManager$3
instanceKlass sun/net/www/protocol/jar/JarFileFactory
instanceKlass sun/net/www/protocol/jar/URLJarFile$URLJarFileCloseController
instanceKlass org/apache/tomcat/util/res/StringManager
instanceKlass org/apache/tomcat/util/digester/RuleSet
instanceKlass org/apache/tomcat/util/digester/Rule
instanceKlass org/apache/tomcat/util/file/ConfigurationSource
instanceKlass org/apache/catalina/startup/Catalina
instanceKlass org/apache/catalina/security/SecurityClassLoad
instanceKlass org/apache/catalina/startup/ClassLoaderFactory$2
instanceKlass org/apache/catalina/startup/ClassLoaderFactory
instanceKlass org/apache/catalina/startup/ClassLoaderFactory$Repository
instanceKlass org/apache/catalina/startup/CatalinaProperties
instanceKlass org/apache/juli/logging/DirectJDKLog
instanceKlass org/apache/juli/logging/Log
instanceKlass org/apache/juli/logging/LogFactory
instanceKlass sun/launcher/LauncherHelper$FXHelper
instanceKlass org/apache/catalina/startup/Bootstrap
instanceKlass java/io/FileOutputStream$1
instanceKlass sun/usagetracker/UsageTrackerClient$3
instanceKlass jdk/internal/util/EnvUtils
instanceKlass sun/usagetracker/UsageTrackerClient$2
instanceKlass sun/usagetracker/UsageTrackerClient$4
instanceKlass sun/usagetracker/UsageTrackerClient$1
instanceKlass java/util/concurrent/atomic/AtomicBoolean
instanceKlass sun/usagetracker/UsageTrackerClient
instanceKlass sun/misc/PostVMInitHook
instanceKlass sun/management/jmxremote/LocalRMIServerSocketFactory
instanceKlass sun/management/counter/Units
instanceKlass sun/management/ConnectorAddressLink
instanceKlass java/util/ResourceBundle$Control$1
instanceKlass sun/management/jmxremote/ConnectorBootstrap$JMXConnectorServerData
instanceKlass java/util/Formattable
instanceKlass java/util/Formatter$Conversion
instanceKlass java/util/Formatter$Flags
instanceKlass java/util/Formatter$FormatSpecifier
instanceKlass java/util/Formatter$FixedString
instanceKlass java/util/Formatter$FormatString
instanceKlass java/util/Formatter
instanceKlass sun/rmi/registry/RegistryImpl_Skel
instanceKlass sun/management/jmxremote/SingleEntryRegistry$$Lambda$19
instanceKlass sun/rmi/registry/RegistryImpl$$Lambda$18
instanceKlass java/rmi/registry/Registry
instanceKlass java/io/SerialCallbackContext
instanceKlass java/io/ObjectStreamClass$ClassDataSlot
instanceKlass java/io/ObjectStreamClass$FieldReflector
instanceKlass java/io/ObjectInput
instanceKlass sun/reflect/ClassDefiner$1
instanceKlass sun/reflect/ClassDefiner
instanceKlass sun/reflect/MethodAccessorGenerator$1
instanceKlass sun/reflect/Label$PatchInfo
instanceKlass sun/reflect/Label
instanceKlass sun/reflect/UTF8
instanceKlass sun/reflect/ClassFileAssembler
instanceKlass sun/reflect/ByteVectorImpl
instanceKlass sun/reflect/ByteVector
instanceKlass sun/reflect/ByteVectorFactory
instanceKlass sun/reflect/AccessorGenerator
instanceKlass sun/reflect/ClassFileConstants
instanceKlass java/io/ObjectStreamClass$2
instanceKlass java/lang/reflect/WeakCache$LookupValue
instanceKlass java/io/ObjectStreamClass$EntryFuture
instanceKlass java/io/ObjectStreamClass$Caches
instanceKlass java/io/ObjectStreamClass
instanceKlass java/io/Bits
instanceKlass java/io/ObjectOutputStream$ReplaceTable
instanceKlass java/io/ObjectOutputStream$HandleTable
instanceKlass java/io/ObjectStreamConstants
instanceKlass java/io/ObjectOutput
instanceKlass org/omg/CORBA/portable/ObjectImpl
instanceKlass org/omg/CORBA/Object
instanceKlass javax/management/remote/rmi/RMIConnector$2
instanceKlass com/sun/jmx/remote/protocol/iiop/IIOPProxyImpl
instanceKlass com/sun/jmx/remote/internal/IIOPProxy
instanceKlass com/sun/jmx/remote/internal/IIOPHelper$1
instanceKlass com/sun/jmx/remote/internal/IIOPHelper
instanceKlass com/sun/jmx/remote/internal/ProxyRef
instanceKlass javax/management/remote/NotificationResult
instanceKlass javax/security/auth/Subject
instanceKlass java/rmi/MarshalledObject
instanceKlass javax/management/remote/rmi/RMIConnector$1
instanceKlass javax/management/remote/rmi/RMIConnector
instanceKlass javax/management/remote/JMXConnector
instanceKlass java/net/Socket
instanceKlass sun/rmi/server/UnicastServerRef$HashToMethod_Maps$1
instanceKlass sun/rmi/server/WeakClassHashMap$ValueCell
instanceKlass sun/rmi/transport/tcp/TCPTransport$AcceptLoop
instanceKlass sun/rmi/runtime/NewThreadAction$2
instanceKlass sun/rmi/runtime/NewThreadAction$1
instanceKlass sun/rmi/runtime/NewThreadAction
instanceKlass sun/net/NetHooks
instanceKlass java/net/InetSocketAddress$InetSocketAddressHolder
instanceKlass java/net/SocketAddress
instanceKlass sun/misc/FloatingDecimal$ASCIIToBinaryBuffer
instanceKlass java/net/PlainSocketImpl$1
instanceKlass java/net/AbstractPlainSocketImpl$1
instanceKlass java/net/SocketImpl
instanceKlass java/net/SocketOptions
instanceKlass java/net/SocksConsts
instanceKlass java/net/ServerSocket
instanceKlass sun/rmi/transport/ObjectEndpoint
instanceKlass sun/rmi/transport/DGCImpl$2$1
instanceKlass sun/rmi/transport/DGCImpl_Skel
instanceKlass java/rmi/server/Skeleton
instanceKlass java/rmi/server/Operation
instanceKlass sun/rmi/transport/DGCImpl$2$$Lambda$17
instanceKlass sun/misc/ObjectInputFilter$FilterInfo
instanceKlass sun/rmi/transport/DGCImpl$2
instanceKlass sun/rmi/transport/DGCImpl$$Lambda$16
instanceKlass java/lang/invoke/LambdaForm$DMH
instanceKlass sun/misc/ObjectInputFilter
instanceKlass java/util/concurrent/RunnableScheduledFuture
instanceKlass java/util/concurrent/ScheduledFuture
instanceKlass java/util/concurrent/Delayed
instanceKlass sun/rmi/runtime/RuntimeUtil$1
instanceKlass java/util/concurrent/ScheduledExecutorService
instanceKlass sun/rmi/runtime/RuntimeUtil
instanceKlass sun/rmi/runtime/RuntimeUtil$GetInstanceAction
instanceKlass sun/rmi/transport/DGCImpl
instanceKlass java/rmi/dgc/DGC
instanceKlass sun/rmi/transport/ObjectTable
instanceKlass sun/rmi/transport/Target
instanceKlass sun/rmi/server/Util$1
instanceKlass java/rmi/server/RemoteObjectInvocationHandler$1
instanceKlass java/rmi/server/RemoteObject
instanceKlass javax/management/remote/rmi/RMIConnection
instanceKlass java/rmi/server/RMISocketFactory
instanceKlass java/rmi/server/RMIServerSocketFactory
instanceKlass java/rmi/server/RMIClientSocketFactory
instanceKlass sun/rmi/transport/tcp/TCPTransport$1
instanceKlass java/util/concurrent/SynchronousQueue$TransferStack$SNode
instanceKlass java/util/concurrent/SynchronousQueue$Transferer
instanceKlass sun/security/action/GetLongAction
instanceKlass sun/security/action/GetIntegerAction
instanceKlass sun/rmi/transport/Transport
instanceKlass sun/rmi/transport/tcp/TCPEndpoint
instanceKlass sun/rmi/transport/Endpoint
instanceKlass java/nio/file/Files$AcceptAllFilter
instanceKlass java/net/NetworkInterface$2
instanceKlass java/net/DefaultInterface
instanceKlass java/net/InterfaceAddress
instanceKlass java/net/NetworkInterface$1
instanceKlass java/net/NetworkInterface
instanceKlass sun/security/provider/ByteArrayAccess
instanceKlass sun/security/provider/SeedGenerator$1
instanceKlass sun/security/provider/SeedGenerator
instanceKlass sun/security/provider/SecureRandom$SeederHolder
instanceKlass sun/security/jca/GetInstance$Instance
instanceKlass java/security/MessageDigestSpi
instanceKlass sun/security/jca/GetInstance
instanceKlass java/security/SecureRandomSpi
instanceKlass java/security/Provider$UString
instanceKlass java/security/Provider$Service
instanceKlass sun/security/provider/NativePRNG$NonBlocking
instanceKlass sun/security/provider/NativePRNG$Blocking
instanceKlass sun/security/provider/NativePRNG
instanceKlass sun/security/provider/SunEntries$1
instanceKlass sun/security/provider/SunEntries
instanceKlass sun/security/jca/ProviderConfig$2
instanceKlass sun/security/jca/ProviderList$2
instanceKlass sun/misc/FDBigInteger
instanceKlass sun/misc/FloatingDecimal$PreparedASCIIToBinaryBuffer
instanceKlass sun/misc/FloatingDecimal$ASCIIToBinaryConverter
instanceKlass sun/misc/FloatingDecimal$BinaryToASCIIBuffer
instanceKlass sun/misc/FloatingDecimal$ExceptionalBinaryToASCIIBuffer
instanceKlass sun/misc/FloatingDecimal$BinaryToASCIIConverter
instanceKlass sun/misc/FloatingDecimal
instanceKlass java/security/Provider$EngineDescription
instanceKlass java/security/Provider$ServiceKey
instanceKlass sun/security/jca/ProviderConfig
instanceKlass sun/security/jca/ProviderList
instanceKlass sun/security/jca/Providers
instanceKlass java/util/Random
instanceKlass java/rmi/server/UID
instanceKlass java/rmi/server/ObjID
instanceKlass sun/rmi/transport/LiveRef
instanceKlass sun/rmi/server/WeakClassHashMap
instanceKlass java/util/Collections$SynchronizedMap
instanceKlass sun/rmi/runtime/Log$LoggerLog$1
instanceKlass sun/rmi/runtime/Log$LoggerLogFactory
instanceKlass sun/rmi/runtime/Log$LogFactory
instanceKlass sun/rmi/runtime/Log
instanceKlass sun/rmi/server/Util
instanceKlass sun/rmi/server/UnicastRef
instanceKlass sun/rmi/server/Dispatcher
instanceKlass java/rmi/server/ServerRef
instanceKlass java/rmi/server/RemoteRef
instanceKlass javax/management/remote/rmi/RMIJRMPServerImpl$ExportedWrapper
instanceKlass sun/rmi/server/DeserializationChecker
instanceKlass javax/management/remote/rmi/RMIServerImpl
instanceKlass javax/management/remote/rmi/RMIServer
instanceKlass java/rmi/Remote
instanceKlass com/sun/jmx/remote/security/MBeanServerFileAccessController$Access
instanceKlass com/sun/jmx/remote/security/MBeanServerFileAccessController$Parser
instanceKlass com/sun/jmx/remote/security/MBeanServerAccessController
instanceKlass javax/management/remote/MBeanServerForwarder
instanceKlass javax/management/remote/JMXAddressable
instanceKlass javax/management/remote/JMXConnectorServerMBean
instanceKlass com/sun/jmx/remote/protocol/rmi/ServerProvider
instanceKlass javax/management/remote/JMXConnectorFactory$1
instanceKlass javax/management/remote/JMXConnectorFactory
instanceKlass javax/management/remote/JMXConnectorServerProvider
instanceKlass com/sun/jmx/remote/util/EnvHelp
instanceKlass javax/management/remote/JMXConnectorServerFactory
instanceKlass sun/management/jmxremote/ConnectorBootstrap$AccessFileCheckerAuthenticator
instanceKlass javax/management/remote/JMXAuthenticator
instanceKlass sun/management/jmxremote/ConnectorBootstrap$PermanentExporter
instanceKlass com/sun/jmx/remote/internal/RMIExporter
instanceKlass java/net/InetAddress$CacheEntry
instanceKlass java/util/LinkedList$ListItr
instanceKlass sun/net/InetAddressCachePolicy$2
instanceKlass sun/net/InetAddressCachePolicy$1
instanceKlass sun/net/InetAddressCachePolicy
instanceKlass java/net/Inet4AddressImpl
instanceKlass javax/management/remote/JMXServiceURL
instanceKlass sun/management/Flag$1
instanceKlass sun/management/Flag
instanceKlass sun/management/ExtendedPlatformComponent
instanceKlass sun/management/DiagnosticCommandImpl$Wrapper
instanceKlass sun/management/DiagnosticCommandArgumentInfo
instanceKlass sun/management/DiagnosticCommandInfo
instanceKlass sun/management/DiagnosticCommandImpl$OperationInfoComparator
instanceKlass java/lang/management/ManagementFactory$3
instanceKlass com/sun/management/DiagnosticCommandMBean
instanceKlass com/sun/management/VMOption
instanceKlass sun/management/HotSpotDiagnostic
instanceKlass com/sun/management/HotSpotDiagnosticMXBean
instanceKlass com/sun/management/UnixOperatingSystemMXBean
instanceKlass sun/nio/ch/FileChannelImpl$1
instanceKlass java/net/Inet6Address$Inet6AddressHolder
instanceKlass java/net/InetAddress$2
instanceKlass sun/net/spi/nameservice/NameService
instanceKlass java/net/Inet6AddressImpl
instanceKlass java/net/InetAddressImpl
instanceKlass java/net/InetAddressImplFactory
instanceKlass java/net/InetAddress$Cache
instanceKlass java/net/InetAddress$InetAddressHolder
instanceKlass java/net/InetAddress$1
instanceKlass java/net/InetAddress
instanceKlass sun/nio/ch/IOUtil$1
instanceKlass sun/nio/ch/IOUtil
instanceKlass java/nio/file/attribute/FileAttribute
instanceKlass java/nio/channels/spi/AbstractInterruptibleChannel
instanceKlass java/nio/channels/InterruptibleChannel
instanceKlass java/nio/channels/ScatteringByteChannel
instanceKlass java/nio/channels/GatheringByteChannel
instanceKlass java/nio/channels/SeekableByteChannel
instanceKlass java/nio/channels/ByteChannel
instanceKlass java/nio/channels/WritableByteChannel
instanceKlass java/nio/channels/ReadableByteChannel
instanceKlass java/nio/channels/Channel
instanceKlass sun/management/ManagementFactoryHelper$1
instanceKlass java/nio/Bits$1$1
instanceKlass sun/misc/JavaNioAccess$BufferPool
instanceKlass java/lang/management/BufferPoolMXBean
instanceKlass javax/management/MBeanInfo$ArrayGettersSafeAction
instanceKlass javax/management/openmbean/OpenMBeanOperationInfo
instanceKlass sun/management/ManagementFactoryHelper$PlatformLoggingImpl
instanceKlass sun/management/ManagementFactoryHelper$LoggingMXBean
instanceKlass java/util/logging/LoggingMXBean
instanceKlass java/lang/management/PlatformLoggingMXBean
instanceKlass java/lang/management/LockInfo
instanceKlass java/lang/management/ThreadInfo
instanceKlass sun/management/ThreadImpl
instanceKlass com/sun/management/ThreadMXBean
instanceKlass java/lang/management/ThreadMXBean
instanceKlass sun/reflect/generics/tree/TypeVariableSignature
instanceKlass sun/management/RuntimeImpl
instanceKlass java/lang/management/RuntimeMXBean
instanceKlass sun/management/BaseOperatingSystemImpl
instanceKlass com/sun/management/OperatingSystemMXBean
instanceKlass java/lang/management/OperatingSystemMXBean
instanceKlass sun/management/Sensor
instanceKlass sun/management/MemoryPoolImpl
instanceKlass java/lang/management/MemoryPoolMXBean
instanceKlass javax/management/DescriptorKey
instanceKlass sun/reflect/generics/reflectiveObjects/LazyReflectiveObjectGenerator
instanceKlass java/lang/reflect/TypeVariable
instanceKlass sun/reflect/generics/tree/ClassSignature
instanceKlass sun/reflect/generics/reflectiveObjects/ParameterizedTypeImpl
instanceKlass java/lang/reflect/ParameterizedType
instanceKlass sun/reflect/generics/tree/MethodTypeSignature
instanceKlass sun/reflect/generics/tree/Signature
instanceKlass sun/reflect/generics/tree/FormalTypeParameter
instanceKlass com/sun/management/GcInfo
instanceKlass javax/management/openmbean/CompositeDataView
instanceKlass java/lang/annotation/Target
instanceKlass java/lang/reflect/WeakCache$Value
instanceKlass sun/misc/ProxyGenerator$ExceptionTableEntry
instanceKlass sun/misc/ProxyGenerator$PrimitiveTypeInfo
instanceKlass sun/misc/ProxyGenerator$FieldInfo
instanceKlass java/io/DataOutput
instanceKlass sun/misc/ProxyGenerator$ConstantPool$Entry
instanceKlass sun/misc/ProxyGenerator$MethodInfo
instanceKlass sun/misc/ProxyGenerator$ProxyMethod
instanceKlass sun/misc/ProxyGenerator$ConstantPool
instanceKlass sun/misc/ProxyGenerator
instanceKlass java/lang/reflect/WeakCache$Factory
instanceKlass java/util/function/Supplier
instanceKlass sun/reflect/annotation/AnnotationInvocationHandler
instanceKlass sun/reflect/annotation/AnnotationParser$1
instanceKlass java/lang/Class$4
instanceKlass java/lang/annotation/Documented
instanceKlass java/lang/annotation/Inherited
instanceKlass java/lang/annotation/Retention
instanceKlass sun/reflect/annotation/ExceptionProxy
instanceKlass sun/reflect/annotation/AnnotationType$1
instanceKlass jdk/Exported
instanceKlass sun/reflect/generics/visitor/Reifier
instanceKlass sun/reflect/generics/visitor/TypeTreeVisitor
instanceKlass sun/reflect/generics/factory/CoreReflectionFactory
instanceKlass sun/reflect/generics/factory/GenericsFactory
instanceKlass sun/reflect/generics/scope/AbstractScope
instanceKlass sun/reflect/generics/scope/Scope
instanceKlass sun/reflect/generics/tree/ClassTypeSignature
instanceKlass sun/reflect/generics/tree/SimpleClassTypeSignature
instanceKlass sun/reflect/generics/tree/FieldTypeSignature
instanceKlass sun/reflect/generics/tree/BaseType
instanceKlass sun/reflect/generics/tree/TypeSignature
instanceKlass sun/reflect/generics/tree/ReturnType
instanceKlass sun/reflect/generics/tree/TypeArgument
instanceKlass sun/reflect/generics/tree/TypeTree
instanceKlass sun/reflect/generics/tree/Tree
instanceKlass sun/reflect/generics/parser/SignatureParser
instanceKlass com/sun/management/GarbageCollectorMXBean
instanceKlass sun/management/ManagementFactory
instanceKlass java/lang/management/GarbageCollectorMXBean
instanceKlass java/lang/management/MemoryManagerMXBean
instanceKlass com/sun/jmx/mbeanserver/PerInterface$MethodAndSig
instanceKlass java/time/temporal/TemporalQueries$$Lambda$15
instanceKlass java/time/temporal/TemporalQueries$$Lambda$14
instanceKlass java/time/temporal/TemporalQueries$$Lambda$13
instanceKlass java/time/temporal/TemporalQueries$$Lambda$12
instanceKlass java/time/temporal/TemporalQueries$$Lambda$11
instanceKlass java/time/temporal/TemporalQueries$$Lambda$10
instanceKlass java/time/temporal/TemporalQueries$$Lambda$9
instanceKlass java/time/temporal/TemporalQueries
instanceKlass java/lang/management/MemoryUsage
instanceKlass java/time/format/Parsed
instanceKlass sun/management/NotificationEmitterSupport
instanceKlass java/time/format/DateTimeParseContext
instanceKlass java/lang/management/MemoryMXBean
instanceKlass java/text/ParsePosition
instanceKlass sun/management/CompilationImpl
instanceKlass java/time/format/DateTimeFormatter$$Lambda$8
instanceKlass sun/management/VMManagementImpl$1
instanceKlass java/time/format/DateTimeFormatter$$Lambda$7
instanceKlass java/lang/management/CompilationMXBean
instanceKlass java/time/Period
instanceKlass java/time/chrono/ChronoPeriod
instanceKlass com/sun/jmx/mbeanserver/WeakIdentityHashMap
instanceKlass com/sun/jmx/mbeanserver/MXBeanLookup
instanceKlass java/time/format/DateTimeFormatterBuilder$TextPrinterParser
instanceKlass com/sun/jmx/mbeanserver/PerInterface$InitMaps
instanceKlass com/sun/jmx/mbeanserver/PerInterface
instanceKlass java/time/format/DateTimeTextProvider$1
instanceKlass java/time/format/DateTimeTextProvider
instanceKlass java/util/AbstractMap$SimpleImmutableEntry
instanceKlass javax/management/openmbean/OpenMBeanAttributeInfo
instanceKlass javax/management/openmbean/OpenMBeanParameterInfo
instanceKlass java/time/format/DateTimeTextProvider$LocaleStore
instanceKlass java/lang/reflect/GenericArrayType
instanceKlass com/sun/jmx/mbeanserver/MBeanIntrospector$MBeanInfoMaker
instanceKlass java/time/format/DateTimeFormatterBuilder$InstantPrinterParser
instanceKlass com/sun/jmx/mbeanserver/MBeanAnalyzer$MBeanVisitor
instanceKlass java/time/format/DateTimeFormatterBuilder$StringLiteralPrinterParser
instanceKlass com/sun/jmx/mbeanserver/MBeanAnalyzer$AttrMethods
instanceKlass java/time/format/DateTimeFormatterBuilder$ZoneIdPrinterParser
instanceKlass java/time/format/DateTimeFormatterBuilder$FractionPrinterParser
instanceKlass java/time/format/DateTimeFormatterBuilder$OffsetIdPrinterParser
instanceKlass com/sun/jmx/mbeanserver/MXBeanMapping
instanceKlass java/time/format/DecimalStyle
instanceKlass java/time/format/DateTimeFormatterBuilder$CompositePrinterParser
instanceKlass java/util/Locale$1
instanceKlass javax/management/openmbean/TabularData
instanceKlass javax/management/openmbean/CompositeData
instanceKlass java/time/format/DateTimeFormatterBuilder$CharLiteralPrinterParser
instanceKlass java/time/format/DateTimeFormatterBuilder$NumberPrinterParser
instanceKlass java/time/format/DateTimeFormatterBuilder$DateTimePrinterParser
instanceKlass javax/management/openmbean/OpenType
instanceKlass java/time/format/DateTimeFormatterBuilder$2
instanceKlass com/sun/jmx/mbeanserver/MXBeanMappingFactory
instanceKlass com/sun/jmx/mbeanserver/ConvertingMethod
instanceKlass java/util/TimSort
instanceKlass com/sun/jmx/mbeanserver/MBeanAnalyzer$MethodOrder
instanceKlass java/lang/Class$MethodArray
instanceKlass com/sun/jmx/mbeanserver/MBeanAnalyzer
instanceKlass java/time/temporal/IsoFields
instanceKlass com/sun/jmx/mbeanserver/MBeanIntrospector
instanceKlass java/time/format/DateTimeFormatterBuilder$$Lambda$6
instanceKlass java/time/temporal/TemporalQuery
instanceKlass java/lang/invoke/LambdaForm$DMH
instanceKlass java/lang/reflect/Proxy$ProxyClassFactory
instanceKlass java/lang/reflect/Proxy$KeyFactory
instanceKlass java/util/function/BiFunction
instanceKlass java/lang/reflect/WeakCache
instanceKlass java/lang/reflect/InvocationHandler
instanceKlass java/time/format/DateTimeFormatterBuilder
instanceKlass java/lang/reflect/Proxy
instanceKlass sun/reflect/annotation/AnnotationParser
instanceKlass java/time/format/DateTimeFormatter
instanceKlass javax/management/MXBean
instanceKlass sun/nio/fs/BasicFileAttributesHolder
instanceKlass com/sun/jmx/mbeanserver/MBeanSupport
instanceKlass sun/nio/fs/WindowsDirectoryStream$WindowsDirectoryIterator
instanceKlass com/sun/jmx/mbeanserver/DescriptorCache
instanceKlass javax/management/JMX
instanceKlass sun/nio/fs/WindowsFileAttributes
instanceKlass java/nio/file/attribute/DosFileAttributes
instanceKlass java/nio/file/attribute/BasicFileAttributes
instanceKlass javax/management/StandardMBean
instanceKlass java/lang/management/ManagementFactory$2
instanceKlass sun/nio/fs/NativeBuffer$Deallocator
instanceKlass sun/management/Util
instanceKlass sun/nio/fs/NativeBuffer
instanceKlass java/util/Collections$1
instanceKlass sun/nio/fs/NativeBuffers
instanceKlass sun/nio/fs/WindowsNativeDispatcher$BackupResult
instanceKlass sun/management/ClassLoadingImpl
instanceKlass sun/nio/fs/WindowsNativeDispatcher$CompletionStatus
instanceKlass sun/nio/fs/WindowsNativeDispatcher$AclInformation
instanceKlass sun/management/VMManagementImpl
instanceKlass sun/nio/fs/WindowsNativeDispatcher$Account
instanceKlass sun/management/VMManagement
instanceKlass sun/nio/fs/WindowsNativeDispatcher$DiskFreeSpace
instanceKlass sun/nio/fs/WindowsNativeDispatcher$VolumeInformation
instanceKlass sun/nio/fs/WindowsNativeDispatcher$FirstStream
instanceKlass sun/nio/fs/WindowsNativeDispatcher$FirstFile
instanceKlass sun/management/ManagementFactoryHelper$4
instanceKlass sun/management/ManagementFactoryHelper
instanceKlass java/lang/management/ClassLoadingMXBean
instanceKlass java/lang/management/PlatformManagedObject
instanceKlass java/lang/management/PlatformComponent$15
instanceKlass java/lang/management/PlatformComponent$14
instanceKlass java/lang/management/PlatformComponent$13
instanceKlass java/lang/management/PlatformComponent$12
instanceKlass java/lang/management/PlatformComponent$11
instanceKlass java/lang/management/PlatformComponent$10
instanceKlass java/lang/management/PlatformComponent$9
instanceKlass java/lang/management/PlatformComponent$8
instanceKlass java/lang/management/PlatformComponent$7
instanceKlass java/lang/management/PlatformComponent$6
instanceKlass java/lang/management/PlatformComponent$5
instanceKlass java/lang/management/PlatformComponent$4
instanceKlass java/lang/management/PlatformComponent$3
instanceKlass java/lang/management/PlatformComponent$2
instanceKlass sun/nio/fs/WindowsNativeDispatcher$1
instanceKlass java/lang/management/PlatformComponent$1
instanceKlass java/lang/management/PlatformComponent$MXBeanFetcher
instanceKlass sun/nio/fs/WindowsNativeDispatcher
instanceKlass sun/nio/fs/WindowsDirectoryStream
instanceKlass com/sun/jmx/mbeanserver/JmxMBeanServer$3
instanceKlass java/nio/file/DirectoryStream
instanceKlass javax/management/ObjectInstance
instanceKlass java/util/concurrent/CopyOnWriteArrayList$COWIterator
instanceKlass java/nio/file/Files
instanceKlass java/util/EventObject
instanceKlass java/lang/invoke/LambdaForm$MH
instanceKlass org/apache/juli/FileHandler$$Lambda$5
instanceKlass java/nio/file/DirectoryStream$Filter
instanceKlass java/lang/invoke/LambdaForm$DMH
instanceKlass com/sun/jmx/mbeanserver/NamedObject
instanceKlass com/sun/jmx/interceptor/DefaultMBeanServerInterceptor$ResourceContext$1
instanceKlass com/sun/jmx/interceptor/DefaultMBeanServerInterceptor$ResourceContext
instanceKlass com/sun/jmx/mbeanserver/Repository$RegistrationContext
instanceKlass com/sun/jmx/mbeanserver/DynamicMBean2
instanceKlass sun/nio/fs/AbstractPath
instanceKlass com/sun/jmx/defaults/JmxProperties
instanceKlass java/net/URI$Parser
instanceKlass com/sun/jmx/mbeanserver/Introspector
instanceKlass java/net/URI
instanceKlass com/sun/jmx/mbeanserver/JmxMBeanServer$2
instanceKlass sun/nio/fs/Util
instanceKlass com/sun/jmx/interceptor/DefaultMBeanServerInterceptor
instanceKlass com/sun/jmx/interceptor/MBeanServerInterceptor
instanceKlass sun/nio/fs/WindowsPathParser$Result
instanceKlass sun/nio/fs/WindowsPathParser
instanceKlass com/sun/jmx/mbeanserver/Repository
instanceKlass java/nio/file/FileSystem
instanceKlass com/sun/jmx/mbeanserver/JmxMBeanServer$1
instanceKlass com/sun/jmx/mbeanserver/SecureClassLoaderRepository
instanceKlass java/nio/file/spi/FileSystemProvider
instanceKlass com/sun/jmx/mbeanserver/MBeanInstantiator
instanceKlass com/sun/jmx/mbeanserver/ClassLoaderRepositorySupport$LoaderEntry
instanceKlass com/sun/jmx/mbeanserver/ClassLoaderRepositorySupport
instanceKlass com/sun/jmx/mbeanserver/ModifiableClassLoaderRepository
instanceKlass javax/management/loading/ClassLoaderRepository
instanceKlass sun/nio/fs/DefaultFileSystemProvider
instanceKlass java/nio/file/FileSystems$DefaultFileSystemHolder$1
instanceKlass java/nio/file/FileSystems$DefaultFileSystemHolder
instanceKlass java/nio/file/FileSystems
instanceKlass java/time/LocalDate$1
instanceKlass java/time/Instant
instanceKlass java/util/NavigableSet
instanceKlass java/util/SortedSet
instanceKlass java/time/chrono/AbstractChronology$$Lambda$4
instanceKlass java/util/TreeMap$PrivateEntryIterator
instanceKlass java/time/chrono/ChronoZonedDateTime
instanceKlass javax/management/ImmutableDescriptor
instanceKlass javax/management/Descriptor
instanceKlass java/time/chrono/AbstractChronology$$Lambda$3
instanceKlass java/lang/invoke/LambdaForm$MH
instanceKlass java/lang/invoke/LambdaForm$MH
instanceKlass java/lang/invoke/InnerClassLambdaMetafactory$1
instanceKlass javax/management/NotificationBroadcasterSupport$1
instanceKlass java/time/chrono/AbstractChronology$$Lambda$2
instanceKlass javax/management/NotificationBroadcasterSupport
instanceKlass java/util/ComparableTimSort
instanceKlass java/lang/invoke/LambdaForm$BMH
instanceKlass java/lang/invoke/LambdaForm$MH
instanceKlass java/util/Arrays$LegacyMergeSort
instanceKlass javax/management/ObjectName$Property
instanceKlass java/lang/invoke/LambdaForm$DMH
instanceKlass javax/management/ObjectName
instanceKlass javax/management/QueryExp
instanceKlass java/lang/invoke/LambdaForm$DMH
instanceKlass java/lang/invoke/LambdaForm$BMH
instanceKlass java/lang/invoke/LambdaForm$BMH
instanceKlass com/sun/jmx/mbeanserver/Util
instanceKlass java/time/chrono/AbstractChronology
instanceKlass java/time/chrono/Chronology
instanceKlass javax/management/MBeanInfo
instanceKlass javax/management/MBeanFeatureInfo
instanceKlass javax/management/DescriptorRead
instanceKlass java/time/LocalTime
instanceKlass java/time/zone/ZoneOffsetTransition
instanceKlass javax/management/MBeanServerDelegate
instanceKlass javax/management/NotificationEmitter
instanceKlass javax/management/NotificationBroadcaster
instanceKlass javax/management/MBeanServerDelegateMBean
instanceKlass javax/management/MBeanRegistration
instanceKlass javax/management/DynamicMBean
instanceKlass java/time/LocalDateTime
instanceKlass java/time/chrono/ChronoLocalDateTime
instanceKlass com/sun/jmx/mbeanserver/JmxMBeanServer
instanceKlass com/sun/jmx/mbeanserver/SunJmxMBeanServer
instanceKlass javax/management/MBeanServer
instanceKlass javax/management/MBeanServerConnection
instanceKlass java/time/zone/ZoneOffsetTransitionRule
instanceKlass java/time/zone/ZoneRules
instanceKlass javax/management/MBeanServerBuilder
instanceKlass java/time/zone/Ser
instanceKlass java/io/Externalizable
instanceKlass com/sun/jmx/mbeanserver/GetPropertyAction
instanceKlass javax/management/MBeanServerFactory
instanceKlass java/lang/management/ManagementFactory
instanceKlass sun/management/FileSystemImpl$1
instanceKlass java/time/zone/ZoneRulesProvider$1
instanceKlass java/time/zone/ZoneRulesProvider
instanceKlass sun/management/FileSystem
instanceKlass java/util/Collections$UnmodifiableMap
instanceKlass java/time/ZoneId
instanceKlass org/apache/juli/ClassLoaderLogManager$4
instanceKlass sun/util/logging/PlatformLogger$LoggerProxy
instanceKlass java/time/Clock
instanceKlass sun/util/logging/PlatformLogger$1
instanceKlass java/time/temporal/ValueRange
instanceKlass sun/util/logging/PlatformLogger
instanceKlass sun/util/logging/LoggingSupport$2
instanceKlass java/util/logging/LoggingProxyImpl
instanceKlass sun/util/logging/LoggingProxy
instanceKlass sun/util/logging/LoggingSupport$1
instanceKlass sun/util/logging/LoggingSupport
instanceKlass java/time/Duration
instanceKlass java/time/temporal/TemporalAmount
instanceKlass java/time/temporal/TemporalField
instanceKlass java/time/LocalDate
instanceKlass com/intellij/rt/debugger/agent/CaptureStorage$HardKey
instanceKlass java/util/concurrent/Executors$RunnableAdapter
instanceKlass com/intellij/rt/debugger/agent/CaptureStorage$ExceptionCapturedStack
instanceKlass com/intellij/rt/debugger/agent/CaptureStorage$CapturedStack
instanceKlass java/util/concurrent/FutureTask$WaitNode
instanceKlass java/util/concurrent/Callable
instanceKlass java/util/concurrent/FutureTask
instanceKlass java/util/concurrent/RunnableFuture
instanceKlass java/util/concurrent/Future
instanceKlass org/jetbrains/capture/org/objectweb/asm/AnnotationVisitor
instanceKlass org/jetbrains/capture/org/objectweb/asm/Handler
instanceKlass org/jetbrains/capture/org/objectweb/asm/Edge
instanceKlass org/jetbrains/capture/org/objectweb/asm/Frame
instanceKlass org/jetbrains/capture/org/objectweb/asm/MethodVisitor
instanceKlass org/jetbrains/capture/org/objectweb/asm/FieldVisitor
instanceKlass org/jetbrains/capture/org/objectweb/asm/Context
instanceKlass org/jetbrains/capture/org/objectweb/asm/Attribute
instanceKlass org/jetbrains/capture/org/objectweb/asm/Symbol
instanceKlass org/jetbrains/capture/org/objectweb/asm/ByteVector
instanceKlass org/jetbrains/capture/org/objectweb/asm/SymbolTable
instanceKlass org/jetbrains/capture/org/objectweb/asm/ClassVisitor
instanceKlass org/jetbrains/capture/org/objectweb/asm/Label
instanceKlass org/jetbrains/capture/org/objectweb/asm/ClassReader
instanceKlass java/lang/invoke/LambdaForm$MH
instanceKlass org/apache/juli/FileHandler$$Lambda$1
instanceKlass java/lang/invoke/InfoFromMemberName
instanceKlass java/lang/invoke/MethodHandleInfo
instanceKlass sun/security/action/GetBooleanAction
instanceKlass sun/security/util/SecurityConstants
instanceKlass java/security/AccessController$1
instanceKlass java/lang/invoke/AbstractValidatingLambdaMetafactory
instanceKlass java/lang/invoke/LambdaForm$BMH
instanceKlass java/lang/invoke/LambdaForm$BMH
instanceKlass java/lang/invoke/LambdaForm$BMH
instanceKlass java/lang/invoke/LambdaForm$BMH
instanceKlass sun/reflect/UnsafeFieldAccessorFactory
instanceKlass jdk/internal/org/objectweb/asm/FieldVisitor
instanceKlass java/lang/invoke/BoundMethodHandle$Factory$1
instanceKlass java/lang/invoke/BoundMethodHandle$SpeciesData$1
instanceKlass java/lang/invoke/LambdaForm$BMH
instanceKlass java/lang/invoke/LambdaForm$MH
instanceKlass java/lang/invoke/LambdaForm$BMH
instanceKlass java/lang/invoke/LambdaForm$MH
instanceKlass java/lang/invoke/LambdaForm$DMH
instanceKlass java/lang/invoke/LambdaForm$DMH
instanceKlass java/lang/invoke/LambdaForm$BMH
instanceKlass java/lang/invoke/LambdaForm$BMH
instanceKlass java/lang/invoke/LambdaForm$MH
instanceKlass java/lang/invoke/LambdaFormBuffer
instanceKlass java/lang/invoke/LambdaFormEditor
instanceKlass java/lang/invoke/LambdaForm$BMH
instanceKlass java/lang/invoke/LambdaForm$DMH
instanceKlass java/lang/invoke/LambdaForm$DMH
instanceKlass java/lang/invoke/LambdaForm$DMH
instanceKlass java/lang/invoke/LambdaForm$DMH
instanceKlass java/lang/invoke/LambdaForm$MH
instanceKlass java/lang/invoke/LambdaForm$DMH
instanceKlass java/lang/invoke/LambdaForm$DMH
instanceKlass java/lang/invoke/LambdaForm$MH
instanceKlass java/lang/invoke/LambdaForm$DMH
instanceKlass java/lang/invoke/LambdaForm$DMH
instanceKlass java/lang/invoke/LambdaForm$MH
instanceKlass java/lang/invoke/LambdaForm$DMH
instanceKlass java/lang/invoke/LambdaForm$DMH
instanceKlass java/lang/invoke/LambdaForm$MH
instanceKlass java/lang/invoke/LambdaForm$DMH
instanceKlass java/lang/invoke/LambdaForm$DMH
instanceKlass java/lang/invoke/LambdaForm$MH
instanceKlass java/lang/invoke/LambdaForm$DMH
instanceKlass java/lang/invoke/LambdaForm$MH
instanceKlass java/lang/invoke/LambdaForm$DMH
instanceKlass java/lang/invoke/LambdaForm$DMH
instanceKlass java/lang/invoke/LambdaForm$MH
instanceKlass java/lang/invoke/LambdaForm$DMH
instanceKlass java/lang/invoke/LambdaForm$DMH
instanceKlass java/lang/invoke/LambdaForm$MH
instanceKlass java/lang/invoke/LambdaForm$DMH
instanceKlass java/lang/invoke/LambdaForm$MH
instanceKlass java/lang/invoke/LambdaForm$DMH
instanceKlass java/lang/invoke/LambdaForm$MH
instanceKlass java/lang/invoke/LambdaForm$DMH
instanceKlass java/lang/invoke/LambdaForm$DMH
instanceKlass java/lang/invoke/MethodHandleImpl$Lazy
instanceKlass java/lang/invoke/LambdaForm$BMH
instanceKlass java/lang/invoke/LambdaForm$MH
instanceKlass java/lang/invoke/LambdaForm$DMH
instanceKlass java/lang/invoke/LambdaForm$DMH
instanceKlass java/lang/invoke/LambdaForm$DMH
instanceKlass java/lang/invoke/LambdaForm$DMH
instanceKlass java/lang/invoke/LambdaForm$DMH
instanceKlass java/util/SubList$1
instanceKlass java/lang/invoke/LambdaForm$MH
instanceKlass java/lang/invoke/LambdaForm$MH
instanceKlass java/lang/invoke/LambdaForm$MH
instanceKlass java/lang/invoke/LambdaForm$MH
instanceKlass java/lang/invoke/LambdaForm$MH
instanceKlass java/lang/invoke/LambdaForm$MH
instanceKlass java/lang/invoke/LambdaForm$MH
instanceKlass java/lang/invoke/LambdaForm$MH
instanceKlass java/lang/invoke/LambdaForm$MH
instanceKlass java/lang/invoke/LambdaForm$MH
instanceKlass java/lang/invoke/LambdaForm$MH
instanceKlass java/lang/invoke/LambdaForm$MH
instanceKlass java/lang/invoke/InvokerBytecodeGenerator$CpPatch
instanceKlass java/lang/invoke/LambdaForm$DMH
instanceKlass java/lang/invoke/LambdaForm$DMH
instanceKlass java/lang/invoke/LambdaForm$DMH
instanceKlass java/lang/invoke/LambdaForm$DMH
instanceKlass java/lang/invoke/LambdaForm$DMH
instanceKlass java/lang/invoke/LambdaForm$DMH
instanceKlass java/util/HashMap$HashIterator
instanceKlass sun/invoke/empty/Empty
instanceKlass sun/invoke/util/VerifyType
instanceKlass java/lang/invoke/InvokerBytecodeGenerator$2
instanceKlass jdk/internal/org/objectweb/asm/AnnotationVisitor
instanceKlass jdk/internal/org/objectweb/asm/Frame
instanceKlass jdk/internal/org/objectweb/asm/Label
instanceKlass jdk/internal/org/objectweb/asm/Type
instanceKlass jdk/internal/org/objectweb/asm/MethodVisitor
instanceKlass jdk/internal/org/objectweb/asm/Item
instanceKlass jdk/internal/org/objectweb/asm/ByteVector
instanceKlass jdk/internal/org/objectweb/asm/ClassVisitor
instanceKlass java/lang/invoke/InvokerBytecodeGenerator
instanceKlass java/lang/invoke/DirectMethodHandle$Lazy
instanceKlass sun/invoke/util/BytecodeDescriptor
instanceKlass java/lang/invoke/BoundMethodHandle$Factory
instanceKlass java/lang/invoke/BoundMethodHandle$SpeciesData
instanceKlass java/lang/invoke/LambdaForm$NamedFunction
instanceKlass java/lang/invoke/LambdaForm$Name
instanceKlass sun/invoke/util/ValueConversions
instanceKlass sun/invoke/util/VerifyAccess
instanceKlass java/lang/Long$LongCache
instanceKlass java/lang/Character$CharacterCache
instanceKlass java/lang/Short$ShortCache
instanceKlass java/lang/Byte$ByteCache
instanceKlass sun/invoke/util/Wrapper$Format
instanceKlass java/lang/invoke/MethodHandles
instanceKlass java/lang/Void
instanceKlass java/lang/invoke/Invokers
instanceKlass java/lang/invoke/MethodTypeForm
instanceKlass java/lang/invoke/MethodType$ConcurrentWeakInternSet
instanceKlass java/lang/invoke/MethodHandles$Lookup
instanceKlass java/lang/invoke/LambdaMetafactory
instanceKlass java/text/DigitList
instanceKlass java/text/FieldPosition
instanceKlass java/util/Currency$CurrencyNameGetter
instanceKlass java/util/Currency$1
instanceKlass java/util/Currency
instanceKlass java/text/DecimalFormatSymbols
instanceKlass java/util/concurrent/atomic/AtomicMarkableReference$Pair
instanceKlass java/util/concurrent/atomic/AtomicMarkableReference
instanceKlass java/text/DateFormatSymbols
instanceKlass java/util/Collections$EmptyIterator
instanceKlass sun/util/locale/LanguageTag
instanceKlass java/util/LinkedList$Node
instanceKlass java/util/ResourceBundle$CacheKeyReference
instanceKlass java/util/ResourceBundle$CacheKey
instanceKlass java/util/ResourceBundle$RBClassLoader$1
instanceKlass java/util/spi/ResourceBundleControlProvider
instanceKlass java/util/ResourceBundle
instanceKlass java/util/ResourceBundle$Control
instanceKlass sun/util/resources/LocaleData$1
instanceKlass sun/util/resources/LocaleData
instanceKlass sun/util/locale/provider/LocaleResources
instanceKlass sun/util/locale/provider/CalendarDataUtility$CalendarWeekParameterGetter
instanceKlass sun/util/locale/provider/LocaleServiceProviderPool$LocalizedObjectGetter
instanceKlass java/net/URLClassLoader$3$1
instanceKlass sun/misc/CompoundEnumeration
instanceKlass java/net/URLClassLoader$3
instanceKlass sun/misc/URLClassPath$1
instanceKlass java/lang/ClassLoader$2
instanceKlass sun/misc/URLClassPath$2
instanceKlass sun/misc/Launcher$BootClassPathHolder$1
instanceKlass sun/misc/Launcher$BootClassPathHolder
instanceKlass java/util/LinkedHashMap$LinkedHashIterator
instanceKlass java/util/ServiceLoader$1
instanceKlass java/util/ServiceLoader$LazyIterator
instanceKlass java/util/ServiceLoader
instanceKlass sun/util/locale/provider/SPILocaleProviderAdapter$1
instanceKlass sun/util/locale/provider/LocaleServiceProviderPool
instanceKlass sun/util/locale/provider/CalendarDataUtility
instanceKlass java/util/Calendar$Builder
instanceKlass sun/util/locale/provider/JRELocaleProviderAdapter$1
instanceKlass sun/util/locale/provider/LocaleDataMetaInfo
instanceKlass sun/util/locale/provider/AvailableLanguageTags
instanceKlass sun/util/locale/provider/LocaleProviderAdapter$1
instanceKlass java/util/Collections$UnmodifiableCollection$1
instanceKlass sun/util/locale/provider/ResourceBundleBasedAdapter
instanceKlass sun/util/locale/provider/LocaleProviderAdapter
instanceKlass java/util/spi/LocaleServiceProvider
instanceKlass java/util/Calendar
instanceKlass java/text/AttributedCharacterIterator$Attribute
instanceKlass java/text/Format
instanceKlass org/apache/juli/DateFormatCache$Cache
instanceKlass org/apache/juli/DateFormatCache
instanceKlass sun/util/calendar/CalendarUtils
instanceKlass sun/util/calendar/CalendarDate
instanceKlass java/util/TimeZone$1
instanceKlass sun/util/calendar/ZoneInfoFile$ZoneOffsetTransitionRule
instanceKlass java/io/DataInput
instanceKlass sun/util/calendar/ZoneInfoFile$1
instanceKlass sun/util/calendar/ZoneInfoFile
instanceKlass java/util/TimeZone
instanceKlass sun/util/calendar/CalendarSystem
instanceKlass java/util/Date
instanceKlass java/util/concurrent/locks/ReentrantReadWriteLock$WriteLock
instanceKlass java/util/concurrent/locks/ReentrantReadWriteLock$ReadLock
instanceKlass sun/nio/ch/Interruptible
instanceKlass java/util/concurrent/locks/LockSupport
instanceKlass java/util/concurrent/locks/ReentrantReadWriteLock
instanceKlass java/util/logging/ErrorManager
instanceKlass java/util/concurrent/BlockingDeque
instanceKlass java/util/concurrent/LinkedBlockingQueue$Node
instanceKlass java/util/concurrent/locks/AbstractQueuedSynchronizer$ConditionObject
instanceKlass java/util/concurrent/locks/Condition
instanceKlass java/util/concurrent/BlockingQueue
instanceKlass java/util/concurrent/ThreadPoolExecutor$AbortPolicy
instanceKlass java/util/concurrent/RejectedExecutionHandler
instanceKlass java/util/concurrent/AbstractExecutorService
instanceKlass java/util/concurrent/ExecutorService
instanceKlass java/util/concurrent/Executor
instanceKlass java/util/concurrent/Executors
instanceKlass org/apache/juli/FileHandler$1
instanceKlass java/util/logging/Formatter
instanceKlass java/time/temporal/TemporalUnit
instanceKlass java/time/chrono/ChronoLocalDate
instanceKlass java/time/temporal/TemporalAdjuster
instanceKlass java/time/temporal/Temporal
instanceKlass java/time/temporal/TemporalAccessor
instanceKlass java/util/concurrent/ThreadFactory
instanceKlass java/util/concurrent/locks/ReadWriteLock
instanceKlass org/apache/juli/ClassLoaderLogManager$LogNode
instanceKlass org/apache/juli/ClassLoaderLogManager$ClassLoaderLogInfo
instanceKlass java/net/URLClassLoader$2
instanceKlass org/apache/juli/WebappProperties
instanceKlass java/util/logging/LogManager$3
instanceKlass java/util/logging/LogManager$2
instanceKlass java/lang/Shutdown$Lock
instanceKlass java/lang/Shutdown
instanceKlass java/lang/ApplicationShutdownHooks$1
instanceKlass java/lang/ApplicationShutdownHooks
instanceKlass java/util/logging/LogManager$LogNode
instanceKlass java/util/logging/LogManager$LoggerContext
instanceKlass java/io/FilePermission$1
instanceKlass sun/net/www/MessageHeader
instanceKlass java/net/URLConnection
instanceKlass java/security/PermissionCollection
instanceKlass sun/nio/ByteBuffered
instanceKlass sun/security/util/ManifestEntryVerifier
instanceKlass sun/security/util/DisabledAlgorithmConstraints$1
instanceKlass sun/security/util/DisabledAlgorithmConstraints$Constraint
instanceKlass java/util/AbstractList$Itr
instanceKlass java/util/regex/Matcher
instanceKlass java/util/regex/MatchResult
instanceKlass sun/security/util/DisabledAlgorithmConstraints$Constraints
instanceKlass java/util/ArrayList$SubList$1
instanceKlass java/util/ListIterator
instanceKlass java/security/Security$1
instanceKlass java/security/Security
instanceKlass sun/security/util/AbstractAlgorithmConstraints$1
instanceKlass java/util/regex/ASCII
instanceKlass java/util/regex/Pattern$TreeInfo
instanceKlass java/util/regex/Pattern$Node
instanceKlass java/util/regex/Pattern
instanceKlass sun/security/util/AlgorithmDecomposer
instanceKlass sun/security/util/AbstractAlgorithmConstraints
instanceKlass java/security/AlgorithmConstraints
instanceKlass sun/security/util/SignatureFileVerifier
instanceKlass sun/misc/Resource
instanceKlass java/util/jar/JarVerifier$3
instanceKlass java/security/CodeSigner
instanceKlass java/util/jar/JarVerifier
instanceKlass sun/misc/IOUtils
instanceKlass sun/misc/ExtensionDependency
instanceKlass sun/misc/JarIndex
instanceKlass sun/nio/ch/DirectBuffer
instanceKlass sun/misc/PerfCounter$CoreCounters
instanceKlass sun/misc/Perf
instanceKlass sun/misc/Perf$GetPerfAction
instanceKlass sun/misc/PerfCounter
instanceKlass java/util/Deque
instanceKlass java/util/Queue
instanceKlass java/util/jar/JavaUtilJarAccessImpl
instanceKlass sun/misc/JavaUtilJarAccess
instanceKlass sun/misc/FileURLMapper
instanceKlass sun/misc/URLClassPath$JarLoader$1
instanceKlass sun/nio/cs/ThreadLocalCoders$Cache
instanceKlass sun/nio/cs/ThreadLocalCoders
instanceKlass java/util/zip/ZipFile$1
instanceKlass sun/misc/JavaUtilZipFileAccess
instanceKlass java/util/zip/ZipFile
instanceKlass sun/misc/URLClassPath$Loader
instanceKlass sun/misc/URLClassPath$3
instanceKlass sun/net/util/URLUtil
instanceKlass java/net/URLClassLoader$1
instanceKlass java/util/logging/LogManager$1
instanceKlass java/util/logging/LogManager
instanceKlass java/util/concurrent/locks/AbstractQueuedSynchronizer$Node
instanceKlass java/util/concurrent/locks/AbstractOwnableSynchronizer
instanceKlass java/util/concurrent/CopyOnWriteArrayList
instanceKlass java/util/logging/Logger$LoggerBundle
instanceKlass java/util/logging/Level$KnownLevel
instanceKlass java/util/logging/Level
instanceKlass java/util/logging/Handler
instanceKlass java/util/jar/Attributes$Name
instanceKlass java/util/jar/Attributes
instanceKlass java/util/zip/ZipEntry
instanceKlass java/util/zip/ZipUtils
instanceKlass java/util/zip/ZipCoder
instanceKlass java/util/zip/CRC32
instanceKlass java/util/zip/Checksum
instanceKlass java/util/zip/ZStreamRef
instanceKlass java/util/zip/Inflater
instanceKlass java/nio/charset/StandardCharsets
instanceKlass java/util/zip/ZipConstants
instanceKlass java/lang/Package$1
instanceKlass java/lang/Package
instanceKlass java/util/logging/Logger
instanceKlass com/sun/jmx/remote/util/ClassLogger
instanceKlass sun/management/jmxremote/ConnectorBootstrap
instanceKlass java/util/Properties$LineReader
instanceKlass sun/management/Agent
instanceKlass java/lang/invoke/MethodHandleStatics$1
instanceKlass java/lang/invoke/MethodHandleStatics
instanceKlass java/lang/invoke/MemberName$Factory
instanceKlass java/lang/ClassValue$Version
instanceKlass java/lang/ClassValue$Identity
instanceKlass java/lang/ClassValue
instanceKlass java/lang/invoke/MethodHandleImpl$3
instanceKlass java/lang/invoke/MethodHandleImpl$2
instanceKlass java/util/function/Function
instanceKlass java/lang/invoke/MethodHandleImpl$1
instanceKlass java/lang/invoke/MethodHandleImpl
instanceKlass com/intellij/rt/debugger/agent/CaptureStorage
instanceKlass com/intellij/rt/debugger/agent/CaptureAgent$CaptureTransformer
instanceKlass java/lang/instrument/ClassFileTransformer
instanceKlass java/util/ArrayList$Itr
instanceKlass org/jetbrains/capture/org/objectweb/asm/Type
instanceKlass com/intellij/rt/debugger/agent/CaptureAgent$FieldKeyProvider
instanceKlass com/intellij/rt/debugger/agent/CaptureAgent$1
instanceKlass com/intellij/rt/debugger/agent/CaptureAgent$ParamKeyProvider
instanceKlass sun/instrument/InstrumentationImpl$1
instanceKlass com/intellij/rt/debugger/agent/CaptureAgent$KeyProvider
instanceKlass com/intellij/rt/debugger/agent/CaptureAgent$InstrumentPoint
instanceKlass com/intellij/rt/debugger/agent/CaptureAgent
instanceKlass sun/instrument/TransformerManager$TransformerInfo
instanceKlass sun/instrument/TransformerManager
instanceKlass sun/instrument/InstrumentationImpl
instanceKlass java/lang/instrument/Instrumentation
instanceKlass sun/misc/VMSupport
instanceKlass java/lang/SystemClassLoaderAction
instanceKlass sun/misc/Launcher$AppClassLoader$1
instanceKlass sun/misc/URLClassPath
instanceKlass java/security/Principal
instanceKlass java/security/ProtectionDomain$Key
instanceKlass java/security/ProtectionDomain$2
instanceKlass sun/misc/JavaSecurityProtectionDomainAccess
instanceKlass java/security/ProtectionDomain$JavaSecurityAccessImpl
instanceKlass sun/misc/JavaSecurityAccess
instanceKlass java/net/URLStreamHandler
instanceKlass java/net/Parts
instanceKlass java/util/BitSet
instanceKlass sun/net/www/ParseUtil
instanceKlass java/io/FileInputStream$1
instanceKlass java/lang/CharacterData
instanceKlass sun/util/locale/LocaleUtils
instanceKlass java/util/Locale$LocaleKey
instanceKlass sun/util/locale/BaseLocale$Key
instanceKlass sun/util/locale/BaseLocale
instanceKlass java/util/concurrent/ConcurrentHashMap$CollectionView
instanceKlass java/util/concurrent/ConcurrentHashMap$CounterCell
instanceKlass java/util/concurrent/ConcurrentHashMap$Node
instanceKlass java/util/concurrent/locks/ReentrantLock
instanceKlass java/util/concurrent/locks/Lock
instanceKlass java/util/concurrent/ConcurrentMap
instanceKlass sun/util/locale/LocaleObjectCache
instanceKlass java/util/Locale
instanceKlass java/lang/reflect/Array
instanceKlass java/io/Reader
instanceKlass sun/misc/MetaIndex
instanceKlass java/util/StringTokenizer
instanceKlass sun/misc/Launcher$ExtClassLoader$1
instanceKlass java/net/URLClassLoader$7
instanceKlass sun/misc/JavaNetAccess
instanceKlass java/lang/ClassLoader$ParallelLoaders
instanceKlass sun/security/util/Debug
instanceKlass sun/misc/Launcher$Factory
instanceKlass java/net/URLStreamHandlerFactory
instanceKlass java/lang/Compiler$1
instanceKlass java/lang/Compiler
instanceKlass java/lang/System$2
instanceKlass sun/misc/JavaLangAccess
instanceKlass sun/io/Win32ErrorMode
instanceKlass sun/misc/OSEnvironment
instanceKlass java/lang/Integer$IntegerCache
instanceKlass sun/misc/NativeSignalHandler
instanceKlass sun/misc/Signal
instanceKlass java/lang/Terminator$1
instanceKlass sun/misc/SignalHandler
instanceKlass java/lang/Terminator
instanceKlass java/lang/ClassLoader$NativeLibrary
instanceKlass java/io/ExpiringCache$Entry
instanceKlass java/lang/ClassLoader$3
instanceKlass java/nio/charset/CoderResult$Cache
instanceKlass java/nio/charset/CoderResult
instanceKlass java/lang/Readable
instanceKlass java/lang/StringCoding$StringEncoder
instanceKlass java/nio/file/Path
instanceKlass java/nio/file/Watchable
instanceKlass java/lang/Enum
instanceKlass java/io/ExpiringCache
instanceKlass java/io/FileSystem
instanceKlass java/io/DefaultFileSystem
instanceKlass java/nio/Bits$1
instanceKlass sun/misc/JavaNioAccess
instanceKlass java/nio/ByteOrder
instanceKlass java/nio/Bits
instanceKlass java/nio/charset/CharsetEncoder
instanceKlass sun/nio/cs/ArrayEncoder
instanceKlass sun/security/action/GetPropertyAction
instanceKlass java/io/Writer
instanceKlass sun/reflect/misc/ReflectUtil
instanceKlass java/util/concurrent/atomic/AtomicReferenceFieldUpdater$AtomicReferenceFieldUpdaterImpl$1
instanceKlass java/security/PrivilegedExceptionAction
instanceKlass java/util/concurrent/atomic/AtomicReferenceFieldUpdater
instanceKlass java/io/OutputStream
instanceKlass java/io/Flushable
instanceKlass java/io/FileDescriptor$1
instanceKlass sun/misc/JavaIOFileDescriptorAccess
instanceKlass java/io/FileDescriptor
instanceKlass sun/misc/Version
instanceKlass java/lang/Runtime
instanceKlass java/util/Hashtable$Enumerator
instanceKlass java/util/Iterator
instanceKlass java/util/Enumeration
instanceKlass java/util/Objects
instanceKlass java/util/Collections$SynchronizedCollection
instanceKlass java/nio/charset/CodingErrorAction
instanceKlass java/nio/charset/CharsetDecoder
instanceKlass sun/nio/cs/ArrayDecoder
instanceKlass sun/nio/cs/ext/DelegatableDecoder
instanceKlass sun/nio/cs/ext/DoubleByte
instanceKlass java/lang/StringCoding$StringDecoder
instanceKlass java/lang/ThreadLocal$ThreadLocalMap
instanceKlass java/lang/StringCoding
instanceKlass sun/nio/cs/HistoricallyNamedCharset
instanceKlass java/util/TreeMap$Entry
instanceKlass sun/misc/ASCIICaseInsensitiveComparator
instanceKlass java/util/NavigableMap
instanceKlass java/util/SortedMap
instanceKlass sun/reflect/ReflectionFactory$1
instanceKlass java/lang/Class$1
instanceKlass java/nio/charset/Charset$ExtendedProviderHolder$1
instanceKlass java/nio/charset/Charset$ExtendedProviderHolder
instanceKlass java/util/Arrays
instanceKlass java/lang/reflect/ReflectAccess
instanceKlass sun/reflect/LangReflectAccess
instanceKlass java/lang/reflect/Modifier
instanceKlass sun/reflect/annotation/AnnotationType
instanceKlass java/lang/Class$AnnotationData
instanceKlass sun/reflect/generics/repository/AbstractRepository
instanceKlass java/lang/Class$Atomic
instanceKlass java/lang/Class$ReflectionData
instanceKlass java/lang/Class$3
instanceKlass java/lang/ThreadLocal
instanceKlass java/nio/charset/spi/CharsetProvider
instanceKlass java/nio/charset/Charset
instanceKlass java/lang/Math
instanceKlass java/util/Hashtable$Entry
instanceKlass sun/misc/VM
instanceKlass java/util/HashMap$Node
instanceKlass java/util/Map$Entry
instanceKlass sun/reflect/Reflection
instanceKlass sun/misc/SharedSecrets
instanceKlass java/lang/ref/Reference$1
instanceKlass sun/misc/JavaLangRefAccess
instanceKlass java/lang/ref/ReferenceQueue$Lock
instanceKlass java/util/Collections$UnmodifiableCollection
instanceKlass java/util/AbstractMap
instanceKlass java/util/Set
instanceKlass java/util/Collections
instanceKlass java/lang/ref/Reference$Lock
instanceKlass sun/reflect/ReflectionFactory
instanceKlass java/util/AbstractCollection
instanceKlass java/util/RandomAccess
instanceKlass java/util/List
instanceKlass java/util/Collection
instanceKlass java/lang/Iterable
instanceKlass java/security/cert/Certificate
instanceKlass sun/reflect/ReflectionFactory$GetReflectionFactoryAction
instanceKlass java/security/PrivilegedAction
instanceKlass java/security/AccessController
instanceKlass java/security/Permission
instanceKlass java/security/Guard
instanceKlass java/lang/String$CaseInsensitiveComparator
instanceKlass java/util/Comparator
instanceKlass java/io/ObjectStreamField
instanceKlass java/lang/Number
instanceKlass java/lang/Character
instanceKlass java/lang/Boolean
instanceKlass java/nio/Buffer
instanceKlass java/lang/StackTraceElement
instanceKlass java/security/CodeSource
instanceKlass sun/misc/Launcher
instanceKlass java/util/jar/Manifest
instanceKlass java/net/URL
instanceKlass java/io/File
instanceKlass java/io/InputStream
instanceKlass java/io/Closeable
instanceKlass java/lang/AutoCloseable
instanceKlass sun/misc/Unsafe
instanceKlass java/lang/AbstractStringBuilder
instanceKlass java/lang/Appendable
instanceKlass java/lang/invoke/CallSite
instanceKlass java/lang/invoke/MethodType
instanceKlass java/lang/invoke/LambdaForm
instanceKlass java/lang/invoke/MethodHandleNatives
instanceKlass java/lang/invoke/MemberName
instanceKlass java/lang/invoke/MethodHandle
instanceKlass sun/reflect/CallerSensitive
instanceKlass java/lang/annotation/Annotation
instanceKlass sun/reflect/FieldAccessor
instanceKlass sun/reflect/ConstantPool
instanceKlass sun/reflect/ConstructorAccessor
instanceKlass sun/reflect/MethodAccessor
instanceKlass sun/reflect/MagicAccessorImpl
instanceKlass java/lang/reflect/Parameter
instanceKlass java/lang/reflect/Member
instanceKlass java/lang/reflect/AccessibleObject
instanceKlass java/util/Dictionary
instanceKlass java/util/Map
instanceKlass java/lang/ThreadGroup
instanceKlass java/lang/Thread$UncaughtExceptionHandler
instanceKlass java/lang/Thread
instanceKlass java/lang/Runnable
instanceKlass java/lang/ref/ReferenceQueue
instanceKlass java/lang/ref/Reference
instanceKlass java/security/AccessControlContext
instanceKlass java/security/ProtectionDomain
instanceKlass java/lang/SecurityManager
instanceKlass java/lang/Throwable
instanceKlass java/lang/System
instanceKlass java/lang/ClassLoader
instanceKlass java/lang/Cloneable
instanceKlass java/lang/Class
instanceKlass java/lang/reflect/Type
instanceKlass java/lang/reflect/GenericDeclaration
instanceKlass java/lang/reflect/AnnotatedElement
instanceKlass java/lang/String
instanceKlass java/lang/CharSequence
instanceKlass java/lang/Comparable
instanceKlass java/io/Serializable
ciInstanceKlass java/lang/Object 1 1 78 3 8 8 8 1 1 1 1 1 1 1 1 1 1 1 1 1 1 1 1 1 1 1 1 1 1 1 1 1 1 1 1 1 1 1 1 1 1 1 1 1 1 1 1 1 7 7 100 7 7 7 7 7 1 1 1 12 12 12 12 12 12 12 12 12 12 10 10 10 10 10 10 10 10 10 10 1
ciInstanceKlass java/io/Serializable 1 0 7 1 1 1 100 100 1
ciInstanceKlass java/lang/String 1 1 540 3 3 3 3 8 8 8 8 8 8 8 8 8 8 1 1 1 1 1 1 1 1 1 1 1 1 1 1 1 1 1 1 1 1 1 1 1 1 1 1 1 1 1 1 1 1 1 1 1 1 1 1 1 1 1 1 1 1 1 1 1 1 1 1 1 1 1 1 1 1 1 1 1 1 1 1 1 1 1 1 1 1 1 1 1 1 1 1 1 1 1 1 1 1 1 1 1 1 1 1 1 1 1 1 1 1 1 1 1 1 1 1 1 1 1 1 1 1 1 1 1 1 1 1 1 1 1 1 1 1 1 1 1 1 1 1 1 1 1 1 1 1 1 1 1 1 1 1 1 1 1 1 1 1 1 1 1 1 1 1 1 1 1 1 1 1 1 1 1 1 1 1 1 1 1 1 1 1 1 1 1 1 1 1 1 1 1 1 1 1 1 1 1 1 1 1 1 1 1 1 1 1 1 1 1 1 1 1 1 1 1 1 1 5 0 100 100 100 100 7 7 100 7 100 7 7 100 100 7 100 100 100 7 7 7 7 100 7 7 100 7 7 100 7 100 7 100 100 7 7 7 7 7 7 7 7 7 7 7 1 1 1 1 1 1 1 1 1 1 1 1 1 1 1 1 1 1 1 1 1 1 1 1 1 1 1 1 1 1 1 1 1 1 1 1 1 1 1 1 1 1 1 1 1 1 1 1 1 1 1 1 1 1 1 1 1 1 1 1 1 12 12 12 12 12 12 12 12 12 12 12 12 12 12 12 12 12 12 12 12 12 12 12 12 12 12 12 12 12 12 12 12 12 12 12 12 12 12 12 12 12 12 12 12 12 12 12 12 12 12 12 12 12 12 12 12 12 12 12 12 12 12 12 12 12 12 12 12 12 12 12 12 12 12 12 12 12 12 12 12 12 12 12 12 12 12 12 12 12 12 12 12 12 12 12 12 12 12 12 12 12 9 9 9 9 10 10 10 10 10 10 10 10 10 10 10 10 10 10 10 10 10 10 10 10 10 10 10 10 10 10 10 10 10 10 10 10 10 10 10 10 10 10 10 10 10 10 10 10 10 10 10 10 10 10 10 10 10 10 10 10 10 10 10 10 10 10 10 10 10 10 10 10 10 10 10 10 10 10 10 10 10 10 10 10 10 10 10 10 10 10 10 10 10 10 10 10 10 10 10 10 10 10 10 10 10 10 10 10 11 11 11 11 11 11 11 11 1 1
staticfield java/lang/String serialPersistentFields [Ljava/io/ObjectStreamField; 0 [Ljava/io/ObjectStreamField;
staticfield java/lang/String CASE_INSENSITIVE_ORDER Ljava/util/Comparator; java/lang/String$CaseInsensitiveComparator
ciInstanceKlass java/lang/Class 1 1 1190 8 8 8 8 8 8 8 8 8 8 8 8 8 8 8 8 8 8 7 1 1 1 1 1 1 1 1 1 1 1 1 1 1 1 1 1 1 1 1 1 1 1 1 1 1 1 1 1 1 1 1 1 1 1 1 1 1 1 1 1 1 1 1 1 1 1 1 1 1 1 1 1 1 1 1 1 1 1 1 1 1 1 1 1 1 1 1 1 1 1 1 1 1 1 1 1 1 1 1 1 1 1 1 1 1 1 1 1 1 1 1 1 1 1 1 1 1 1 1 1 1 1 1 1 1 1 1 1 1 1 1 1 1 1 1 1 1 1 1 1 1 1 1 1 1 1 1 1 1 1 1 1 1 1 1 1 1 1 1 1 1 1 1 1 1 1 1 1 1 1 1 1 1 1 1 1 1 1 1 1 1 1 1 1 1 1 1 1 1 1 1 1 1 1 1 1 1 1 1 1 1 1 1 1 1 1 1 1 1 1 1 1 1 1 1 1 1 1 1 1 1 1 1 1 1 1 1 1 1 1 1 1 1 1 1 1 1 1 1 1 1 1 1 1 1 1 1 1 1 1 1 1 1 1 1 1 1 1 1 1 1 1 1 1 1 1 1 1 1 1 1 1 1 1 1 1 1 1 1 1 1 1 1 1 1 1 1 1 1 1 1 1 1 1 1 1 1 1 1 1 1 1 1 1 1 1 1 1 1 1 1 1 1 1 1 1 1 1 1 1 1 1 1 1 1 1 1 1 1 1 1 1 1 1 1 1 1 1 1 1 1 1 1 1 1 1 1 1 1 1 1 1 1 1 1 1 1 1 1 1 1 1 1 1 1 1 1 1 1 1 1 1 1 1 1 1 1 1 1 1 1 1 1 1 1 1 1 1 1 1 1 1 1 1 1 1 1 1 1 1 1 1 1 1 1 1 1 1 1 1 1 1 1 1 1 1 1 1 1 1 1 3 3 3 5 0 8 8 8 8 8 7 7 7 100 100 100 7 7 100 7 100 7 7 7 7 100 7 7 100 7 7 100 100 7 7 100 100 7 100 100 7 7 7 7 100 7 100 7 7 7 100 100 7 7 100 100 7 7 100 7 100 7 7 100 100 7 7 7 7 7 7 7 7 7 7 7 7 7 7 7 100 100 7 7 7 7 100 7 100 7 7 100 100 7 100 7 1 1 1 1 1 1 1 1 1 1 1 1 1 1 1 1 1 1 1 1 1 1 1 1 1 1 1 1 1 1 1 1 1 1 1 1 1 1 1 1 1 1 1 1 1 1 1 1 1 1 1 1 1 1 1 1 1 1 1 1 1 1 1 1 1 1 1 1 1 1 1 1 1 1 1 1 1 1 1 1 1 1 1 1 1 1 1 1 1 1 1 1 1 1 1 1 1 1 1 1 1 1 1 1 1 1 1 1 1 1 1 1 1 1 1 1 1 1 1 1 1 1 1 1 1 1 1 1 1 1 1 1 1 1 1 1 1 1 1 1 1 1 1 1 1 1 1 1 1 1 1 1 1 1 1 1 1 1 1 1 1 1 1 1 1 1 1 12 12 12 12 12 12 12 12 12 12 12 12 12 12 12 12 12 12 12 12 12 12 12 12 12 12 12 12 12 12 12 12 12 12 12 12 12 12 12 12 12 12 12 12 12 12 12 12 12 12 12 12 12 12 12 12 12 12 12 12 12 12 12 12 12 12 12 12 12 12 12 12 12 12 12 12 12 12 12 12 12 12 12 12 12 12 12 12 12 12 12 12 12 12 12 12 12 12 12 12 12 12 12 12 12 12 12 12 12 12 12 12 12 12 12 12 12 12 12 12 12 12 12 12 12 12 12 12 12 12 12 12 12 12 12 12 12 12 12 12 12 12 12 12 12 12 12 12 12 12 12 12 12 12 12 12 12 12 12 12 12 12 12 12 12 12 12 12 12 12 12 12 12 12 12 12 12 12 12 12 12 12 12 12 12 12 12 12 12 12 12 12 12 12 12 12 12 12 12 12 12 12 12 12 12 12 12 12 12 12 12 12 12 12 12 12 12 12 12 12 12 12 12 12 12 12 12 12 12 12 12 12 9 9 9 9 9 9 9 9 9 9 9 9 9 9 9 9 9 9 9 9 9 9 9 9 9 9 9 9 9 9 9 9 9 9 9 9 9 10 10 10 10 10 10 10 10 10 10 10 10 10 10 10 10 10 10 10 10 10 10 10 10 10 10 10 10 10 10 10 10 10 10 10 10 10 10 10 10 10 10 10 10 10 10 10 10 10 10 10 10 10 10 10 10 10 10 10 10 10 10 10 10 10 10 10 10 10 10 10 10 10 10 10 10 10 10 10 10 10 10 10 10 10 10 10 10 10 10 10 10 10 10 10 10 10 10 10 10 10 10 10 10 10 10 10 10 10 10 10 10 10 10 10 10 10 10 10 10 10 10 10 10 10 10 10 10 10 10 10 10 10 10 10 10 10 10 10 10 10 10 10 10 10 10 10 10 10 10 10 10 10 10 10 10 10 10 10 10 10 10 10 10 10 10 10 10 10 10 10 10 10 10 10 10 10 10 10 10 10 10 10 10 10 10 10 10 10 10 10 10 10 10 10 10 10 10 10 10 10 10 10 10 10 10 10 10 10 10 11 11 11 11 11 11 11 11 11 11 11 11 11 11 11 11 11 11 1 1 1 1 1 1 1 1
staticfield java/lang/Class serialPersistentFields [Ljava/io/ObjectStreamField; 0 [Ljava/io/ObjectStreamField;
ciInstanceKlass java/lang/Cloneable 1 0 7 1 1 1 100 100 1
instanceKlass com/alibaba/fastjson/util/ASMClassLoader
instanceKlass org/apache/ibatis/ognl/enhance/ContextClassLoader
instanceKlass org/springframework/core/DecoratingClassLoader
instanceKlass com/sun/jmx/remote/util/OrderClassLoaders
instanceKlass javax/management/remote/rmi/RMIConnectionImpl$CombinedClassLoader$ClassLoaderWrapper
instanceKlass javax/management/remote/rmi/RMIConnectionImpl$CombinedClassLoader
instanceKlass com/sun/jmx/remote/util/ClassLoaderWithRepository
instanceKlass javax/management/remote/rmi/NoCallStackClassLoader
instanceKlass java/util/ResourceBundle$RBClassLoader
instanceKlass sun/reflect/DelegatingClassLoader
instanceKlass java/security/SecureClassLoader
ciInstanceKlass java/lang/ClassLoader 1 1 842 8 8 8 8 8 8 8 8 8 8 8 8 8 8 8 8 8 8 7 1 1 1 1 1 1 1 1 1 1 1 1 1 1 1 1 1 1 1 1 1 1 1 1 1 1 1 1 1 1 1 1 1 1 1 1 1 1 1 1 1 1 1 1 1 1 1 1 1 1 1 1 1 1 1 1 1 1 1 1 1 1 1 1 1 1 1 1 1 1 1 1 1 1 1 1 1 1 1 1 1 1 1 1 1 1 1 1 1 1 1 1 1 1 1 1 1 1 1 1 1 1 1 1 1 1 1 1 1 1 1 1 1 1 1 1 1 1 1 1 1 1 1 1 1 1 1 1 1 1 1 1 1 1 1 1 1 1 1 1 1 1 1 1 1 1 1 1 1 1 1 1 1 1 1 1 1 1 1 1 1 1 1 1 1 1 1 1 1 1 1 1 1 1 1 1 1 1 1 1 1 1 1 1 1 1 1 1 1 1 1 1 1 1 1 1 1 1 1 1 1 1 1 1 1 1 1 1 1 1 1 1 1 1 1 1 1 1 1 1 1 1 1 1 1 1 1 1 1 1 1 1 1 1 1 1 1 1 1 1 1 1 1 1 1 1 1 1 1 1 1 1 1 1 1 1 1 1 1 1 1 1 1 1 1 1 1 1 1 1 1 1 1 1 1 1 1 1 1 100 100 100 7 7 7 7 100 100 100 7 7 100 7 7 7 7 7 7 100 7 100 100 7 7 100 100 7 7 7 7 100 7 100 100 7 100 100 7 7 100 7 7 100 7 7 7 7 7 7 7 7 7 7 7 7 7 7 7 7 7 100 100 1 1 1 1 1 1 1 1 1 1 1 1 1 1 1 1 1 1 1 1 1 1 1 1 1 1 1 1 1 1 1 1 1 1 1 1 1 1 1 1 1 1 1 1 1 1 1 1 1 1 1 1 1 1 1 1 1 1 1 1 1 1 1 1 1 1 1 1 1 1 1 1 1 1 1 1 1 1 1 1 1 1 1 1 1 1 1 1 1 1 1 1 1 1 1 1 1 1 1 1 1 1 1 1 1 1 1 1 1 1 1 1 1 1 12 12 12 12 12 12 12 12 12 12 12 12 12 12 12 12 12 12 12 12 12 12 12 12 12 12 12 12 12 12 12 12 12 12 12 12 12 12 12 12 12 12 12 12 12 12 12 12 12 12 12 12 12 12 12 12 12 12 12 12 12 12 12 12 12 12 12 12 12 12 12 12 12 12 12 12 12 12 12 12 12 12 12 12 12 12 12 12 12 12 12 12 12 12 12 12 12 12 12 12 12 12 12 12 12 12 12 12 12 12 12 12 12 12 12 12 12 12 12 12 12 12 12 12 12 12 12 12 12 12 12 12 12 12 12 12 12 12 12 12 12 12 12 12 12 12 12 12 12 12 12 12 12 12 12 12 12 12 12 12 12 12 12 12 12 12 12 12 12 9 9 9 9 9 9 9 9 9 9 9 9 9 9 9 9 9 9 9 9 9 9 9 9 9 9 9 9 9 10 10 10 10 10 10 10 10 10 10 10 10 10 10 10 10 10 10 10 10 10 10 10 10 10 10 10 10 10 10 10 10 10 10 10 10 10 10 10 10 10 10 10 10 10 10 10 10 10 10 10 10 10 10 10 10 10 10 10 10 10 10 10 10 10 10 10 10 10 10 10 10 10 10 10 10 10 10 10 10 10 10 10 10 10 10 10 10 10 10 10 10 10 10 10 10 10 10 10 10 10 10 10 10 10 10 10 10 10 10 10 10 10 10 10 10 10 10 10 10 10 10 10 10 10 10 10 10 10 10 10 10 10 10 10 10 10 10 10 10 10 10 10 10 10 10 10 10 10 10 10 10 10 10 10 10 10 10 10 10 11 11 11 11 11 11 1 1
staticfield java/lang/ClassLoader nocerts [Ljava/security/cert/Certificate; 0 [Ljava/security/cert/Certificate;
ciInstanceKlass java/lang/System 1 1 369 8 8 8 8 8 8 8 8 8 8 8 8 8 7 1 1 1 1 1 1 1 1 1 1 1 1 1 1 1 1 1 1 1 1 1 1 1 1 1 1 1 1 1 1 1 1 1 1 1 1 1 1 1 1 1 1 1 1 1 1 1 1 1 1 1 1 1 1 1 1 1 1 1 1 1 1 1 1 1 1 1 1 1 1 1 1 1 1 1 1 1 1 1 1 1 1 1 1 1 1 1 1 1 1 1 1 1 1 1 1 1 1 1 1 1 1 1 1 1 1 1 1 1 1 1 1 1 1 1 1 1 1 1 1 1 1 1 1 1 1 1 1 1 1 1 1 1 1 1 1 1 7 7 7 7 7 7 7 100 100 100 100 100 100 7 7 100 100 7 100 100 7 7 7 7 100 100 100 7 100 7 7 7 7 7 1 1 1 1 1 1 1 1 1 1 1 1 1 1 1 1 1 1 1 1 1 1 1 1 1 1 1 1 1 1 1 1 1 1 1 1 1 1 1 1 12 12 12 12 12 12 12 12 12 12 12 12 12 12 12 12 12 12 12 12 12 12 12 12 12 12 12 12 12 12 12 12 12 12 12 12 12 12 12 12 12 12 12 12 12 12 12 12 12 12 12 12 12 12 12 12 12 12 12 12 12 12 12 12 12 12 12 12 9 9 9 9 9 9 9 9 9 9 10 10 10 10 10 10 10 10 10 10 10 10 10 10 10 10 10 10 10 10 10 10 10 10 10 10 10 10 10 10 10 10 10 10 10 10 10 10 10 10 10 10 10 10 10 10 10 10 10 10 10 10 10 10 10 10 10 10 10 10 10 10 10 11 1
staticfield java/lang/System in Ljava/io/InputStream; java/io/BufferedInputStream
staticfield java/lang/System out Ljava/io/PrintStream; org/apache/tomcat/util/log/SystemLogHandler
staticfield java/lang/System err Ljava/io/PrintStream; org/apache/tomcat/util/log/SystemLogHandler
instanceKlass java/lang/Exception
instanceKlass java/lang/Error
ciInstanceKlass java/lang/Throwable 1 1 327 8 8 8 8 8 8 8 8 8 8 8 8 8 8 8 8 8 7 1 1 1 1 1 1 1 1 1 1 1 1 1 1 1 1 1 1 1 1 1 1 1 1 1 1 1 1 1 1 1 1 1 1 1 1 1 1 1 1 1 1 1 1 1 1 1 1 1 1 1 1 1 1 1 1 1 1 1 1 1 1 1 1 1 1 1 1 1 1 1 1 1 1 1 1 1 1 1 1 1 1 1 1 1 1 1 1 1 1 1 1 1 1 1 1 1 1 1 1 1 1 1 1 1 1 1 1 1 1 1 1 1 1 1 1 1 1 1 1 1 1 1 1 1 1 1 1 5 0 7 100 7 100 7 100 100 7 7 100 100 100 7 7 100 7 100 100 100 7 100 100 7 7 7 7 100 100 100 7 1 1 1 1 1 1 1 1 1 1 1 1 1 1 1 1 1 1 1 1 1 1 1 1 1 1 1 1 12 12 12 12 12 12 12 12 12 12 12 12 12 12 12 12 12 12 12 12 12 12 12 12 12 12 12 12 12 12 12 12 12 12 12 12 12 12 12 12 12 12 12 12 12 12 12 12 12 12 12 12 12 12 9 9 9 9 9 9 9 9 9 9 9 9 10 10 10 10 10 10 10 10 10 10 10 10 10 10 10 10 10 10 10 10 10 10 10 10 10 10 10 10 10 10 10 10 10 10 10 10 10 10 10 10 10 11 11 11 11 11 11 11 11 1 1 1 1 1
staticfield java/lang/Throwable UNASSIGNED_STACK [Ljava/lang/StackTraceElement; 0 [Ljava/lang/StackTraceElement;
staticfield java/lang/Throwable SUPPRESSED_SENTINEL Ljava/util/List; java/util/Collections$UnmodifiableRandomAccessList
staticfield java/lang/Throwable EMPTY_THROWABLE_ARRAY [Ljava/lang/Throwable; 0 [Ljava/lang/Throwable;
staticfield java/lang/Throwable $assertionsDisabled Z 1
instanceKlass org/apache/ibatis/ognl/OgnlParser$LookaheadSuccess
instanceKlass org/apache/ibatis/ognl/TokenMgrError
instanceKlass com/google/common/util/concurrent/ExecutionError
instanceKlass java/lang/AssertionError
instanceKlass java/lang/VirtualMachineError
instanceKlass java/lang/LinkageError
instanceKlass java/lang/ThreadDeath
ciInstanceKlass java/lang/Error 1 1 30 1 1 1 1 1 1 1 1 1 1 1 1 5 0 100 7 1 1 12 12 12 12 12 10 10 10 10 10 1
ciInstanceKlass java/lang/ThreadDeath 0 0 18 1 1 1 1 1 1 1 1 1 1 5 0 100 100 12 10 1
instanceKlass javax/xml/datatype/DatatypeConfigurationException
instanceKlass net/sf/jsqlparser/parser/ParseException
instanceKlass net/sf/jsqlparser/JSQLParserException
instanceKlass com/atomikos/icatch/HeuristicException
instanceKlass com/atomikos/icatch/RollbackException
instanceKlass org/apache/ibatis/ognl/ParseException
instanceKlass org/apache/tomcat/util/http/fileupload/FileUploadException
instanceKlass org/apache/tomcat/websocket/AuthenticationException
instanceKlass org/springframework/validation/BindException
instanceKlass com/atomikos/recovery/imp/DeserialisationException
instanceKlass javax/transaction/HeuristicRollbackException
instanceKlass javax/transaction/HeuristicMixedException
instanceKlass javax/transaction/NotSupportedException
instanceKlass javax/transaction/SystemException
instanceKlass javax/transaction/RollbackException
instanceKlass com/ais/wapi/core/exception/WapiUnsupportedActionException
instanceKlass javax/mail/MessagingException
instanceKlass freemarker/ext/jsp/TaglibFactory$TaglibGettingException
instanceKlass freemarker/cache/TemplateConfigurationFactoryException
instanceKlass freemarker/template/utility/ClassUtil$MaybeZipFileClosedException
instanceKlass freemarker/core/UnregisteredOutputFormatException
instanceKlass org/apache/ibatis/javassist/NotFoundException
instanceKlass org/apache/ibatis/ognl/OgnlException
instanceKlass org/apache/ibatis/javassist/CannotCompileException
instanceKlass com/atomikos/datasource/xa/session/InvalidSessionHandleStateException
instanceKlass com/atomikos/datasource/xa/session/UnexpectedTransactionContextException
instanceKlass org/apache/commons/codec/EncoderException
instanceKlass org/apache/commons/codec/DecoderException
instanceKlass javax/transaction/xa/XAException
instanceKlass com/atomikos/beans/PropertyException
instanceKlass com/atomikos/datasource/pool/ConnectionPoolException
instanceKlass org/aspectj/lang/reflect/NoSuchAdviceException
instanceKlass org/aspectj/lang/reflect/NoSuchPointcutException
instanceKlass com/atomikos/recovery/LogException
instanceKlass freemarker/template/TemplateException
instanceKlass java/beans/PropertyVetoException
instanceKlass java/beans/IntrospectionException
instanceKlass org/springframework/expression/AccessException
instanceKlass javax/xml/bind/JAXBException
instanceKlass javax/xml/stream/XMLStreamException
instanceKlass java/sql/SQLException
instanceKlass java/text/ParseException
instanceKlass javax/xml/transform/TransformerException
instanceKlass javax/websocket/DeploymentException
instanceKlass java/lang/instrument/IllegalClassFormatException
instanceKlass org/apache/catalina/connector/CoyoteAdapter$RecycleRequiredException
instanceKlass javax/management/modelmbean/InvalidTargetObjectTypeException
instanceKlass java/util/concurrent/TimeoutException
instanceKlass javax/servlet/ServletException
instanceKlass org/ietf/jgss/GSSException
instanceKlass javax/xml/parsers/ParserConfigurationException
instanceKlass javax/naming/NamingException
instanceKlass java/util/concurrent/ExecutionException
instanceKlass java/security/GeneralSecurityException
instanceKlass java/rmi/activation/ActivationException
instanceKlass org/xml/sax/SAXException
instanceKlass java/net/URISyntaxException
instanceKlass org/apache/catalina/LifecycleException
instanceKlass java/rmi/AlreadyBoundException
instanceKlass java/rmi/NotBoundException
instanceKlass java/lang/CloneNotSupportedException
instanceKlass javax/management/JMException
instanceKlass java/security/PrivilegedActionException
instanceKlass java/io/IOException
instanceKlass java/lang/instrument/UnmodifiableClassException
instanceKlass java/lang/InterruptedException
instanceKlass java/lang/ReflectiveOperationException
instanceKlass java/lang/RuntimeException
ciInstanceKlass java/lang/Exception 1 1 30 1 1 1 1 1 1 1 1 1 1 1 1 5 0 100 7 1 1 12 12 12 12 12 10 10 10 10 10 1
instanceKlass cn/hutool/core/clone/CloneRuntimeException
instanceKlass cn/hutool/core/date/DateException
instanceKlass net/sf/jsqlparser/parser/TokenMgrException
instanceKlass net/sf/jsqlparser/parser/CCJSqlParser$LookaheadSuccess
instanceKlass org/apache/commons/lang3/exception/CloneFailedException
instanceKlass com/fasterxml/jackson/databind/RuntimeJsonMappingException
instanceKlass com/alibaba/fastjson/JSONException
instanceKlass java/nio/BufferOverflowException
instanceKlass org/springframework/boot/web/server/WebServerException
instanceKlass com/ais/cs/csmf/core/web/api/ApiException
instanceKlass org/json/JSONException
instanceKlass org/springframework/expression/spel/InternalParseException
instanceKlass org/graylog2/syslog4j/SyslogRuntimeException
instanceKlass freemarker/template/utility/UndeclaredThrowableException
instanceKlass freemarker/core/BugException
instanceKlass com/ais/cs/ddi/web/exception/BaseException
instanceKlass org/apache/ibatis/ognl/enhance/UnsupportedCompilationException
instanceKlass com/google/common/util/concurrent/UncheckedExecutionException
instanceKlass com/google/common/cache/CacheLoader$InvalidCacheLoadException
instanceKlass com/github/pagehelper/PageException
instanceKlass com/ais/cs/csmf/auth/exception/AuthException
instanceKlass org/springframework/context/NoSuchMessageException
instanceKlass org/springframework/cache/interceptor/CacheOperationInvoker$ThrowableWrapper
instanceKlass org/springframework/cache/Cache$ValueRetrievalException
instanceKlass org/springframework/transaction/interceptor/TransactionAspectSupport$ThrowableHolderException
instanceKlass java/lang/NegativeArraySizeException
instanceKlass org/aspectj/apache/bcel/generic/ClassGenException
instanceKlass org/aspectj/apache/bcel/classfile/ClassFormatException
instanceKlass org/aspectj/bridge/AbortException
instanceKlass org/aspectj/weaver/BCException
instanceKlass org/aspectj/weaver/patterns/ParserException
instanceKlass org/aspectj/weaver/tools/UnsupportedPointcutPrimitiveException
instanceKlass org/aspectj/weaver/reflect/ReflectionWorld$ReflectionWorldException
instanceKlass java/util/concurrent/CompletionException
instanceKlass com/atomikos/icatch/SysException
instanceKlass cn/hutool/core/exceptions/UtilException
instanceKlass org/springframework/cglib/core/ClassNameReader$EarlyExitException
instanceKlass org/springframework/cglib/core/CodeGenerationException
instanceKlass org/springframework/objenesis/ObjenesisException
instanceKlass org/apache/ibatis/exceptions/IbatisException
instanceKlass org/springframework/boot/context/properties/IncompatibleConfigurationException
instanceKlass org/springframework/boot/autoconfigure/condition/OnBeanCondition$BeanTypeDeductionException
instanceKlass java/nio/file/FileSystemNotFoundException
instanceKlass org/springframework/expression/ExpressionException
instanceKlass org/springframework/boot/context/properties/bind/UnboundConfigurationPropertiesException
instanceKlass org/springframework/boot/context/properties/bind/BindException
instanceKlass org/springframework/boot/context/config/ConfigDataException
instanceKlass java/lang/TypeNotPresentException
instanceKlass org/springframework/boot/context/properties/source/InvalidConfigurationPropertyNameException
instanceKlass com/sun/org/apache/xerces/internal/xni/XNIException
instanceKlass org/apache/logging/log4j/core/config/ConfigurationException
instanceKlass org/apache/logging/log4j/LoggingException
instanceKlass org/apache/commons/logging/LogConfigurationException
instanceKlass org/springframework/core/NestedRuntimeException
instanceKlass java/lang/reflect/UndeclaredThrowableException
instanceKlass org/apache/tomcat/util/bcel/classfile/ClassFormatException
instanceKlass java/util/ConcurrentModificationException
instanceKlass org/apache/tomcat/util/threads/StopPooledThreadException
instanceKlass java/security/ProviderException
instanceKlass org/w3c/dom/events/EventException
instanceKlass org/w3c/dom/DOMException
instanceKlass java/lang/UnsupportedOperationException
instanceKlass javax/management/JMRuntimeException
instanceKlass org/apache/coyote/ProtocolException
instanceKlass java/util/NoSuchElementException
instanceKlass java/util/concurrent/RejectedExecutionException
instanceKlass java/util/EmptyStackException
instanceKlass java/util/MissingResourceException
instanceKlass org/apache/juli/logging/LogConfigurationException
instanceKlass java/lang/IndexOutOfBoundsException
instanceKlass java/lang/invoke/WrongMethodTypeException
instanceKlass java/time/DateTimeException
instanceKlass java/lang/SecurityException
instanceKlass java/lang/IllegalStateException
instanceKlass java/lang/IllegalArgumentException
instanceKlass java/lang/ArithmeticException
instanceKlass java/lang/NullPointerException
instanceKlass java/lang/IllegalMonitorStateException
instanceKlass java/lang/ArrayStoreException
instanceKlass java/lang/ClassCastException
ciInstanceKlass java/lang/RuntimeException 1 1 30 1 1 1 1 1 1 1 1 1 1 1 1 5 0 7 100 1 1 12 12 12 12 12 10 10 10 10 10 1
instanceKlass javax/crypto/JceSecurityManager
ciInstanceKlass java/lang/SecurityManager 1 1 375 8 8 8 8 8 8 8 8 8 8 8 8 8 8 8 8 8 8 8 8 8 8 8 8 8 8 8 8 8 8 8 8 8 8 8 8 7 1 1 1 1 1 1 1 1 1 1 1 1 1 1 1 1 1 1 1 1 1 1 1 1 1 1 1 1 1 1 1 1 1 1 1 1 1 1 1 1 1 1 1 1 1 1 1 1 1 1 1 1 1 1 1 1 1 1 1 1 1 1 1 1 1 1 1 1 1 1 1 1 1 1 1 1 1 1 1 1 1 1 1 1 1 1 1 1 1 1 1 1 1 1 1 1 1 1 1 1 1 1 1 1 1 1 1 1 1 1 1 1 1 1 1 1 1 1 1 1 1 1 1 1 1 1 1 1 1 1 1 1 1 1 1 1 1 1 1 1 1 1 1 1 1 1 1 1 1 1 1 1 1 1 1 1 1 1 1 1 1 1 1 1 100 100 100 100 100 100 100 7 100 100 100 100 100 100 7 7 7 100 100 100 100 100 100 100 100 100 100 100 1 1 1 1 1 1 1 1 1 1 1 1 1 1 1 1 1 1 1 1 1 1 1 1 1 1 1 1 1 1 1 12 12 12 12 12 12 12 12 12 12 12 12 12 12 12 12 12 12 12 12 12 12 12 12 12 12 12 12 12 12 12 12 12 12 12 12 12 12 12 12 12 12 12 12 12 12 12 12 12 12 12 9 9 9 9 9 9 9 9 9 9 9 9 9 9 9 9 9 10 10 10 10 10 10 10 10 10 10 10 10 10 10 10 10 10 10 10 10 10 10 10 10 10 10 10 10 10 10 10 10 10 10 10 10 10 10 10 10 10 10 10 10 10 1
staticfield java/lang/SecurityManager packageAccessLock Ljava/lang/Object; java/lang/Object
staticfield java/lang/SecurityManager packageDefinitionLock Ljava/lang/Object; java/lang/Object
ciInstanceKlass java/security/ProtectionDomain 1 1 278 8 8 8 8 8 8 8 8 8 8 1 1 1 1 1 1 1 1 1 1 1 1 1 1 1 1 1 1 1 1 1 1 1 1 1 1 1 1 1 1 1 1 1 1 1 1 1 1 1 1 1 1 1 1 1 1 1 1 1 1 1 1 1 1 1 1 1 1 1 1 1 1 1 1 1 1 1 1 1 1 1 1 1 1 1 1 1 1 1 1 1 1 1 1 1 1 1 1 1 1 1 1 1 1 1 1 1 1 1 1 1 7 100 100 7 100 100 100 100 100 100 100 100 100 7 7 100 7 7 100 7 7 7 100 100 100 100 100 7 7 100 1 1 1 1 1 1 1 1 1 1 1 1 1 1 1 1 1 1 1 1 1 1 1 1 1 1 1 1 1 12 12 12 12 12 12 12 12 12 12 12 12 12 12 12 12 12 12 12 12 12 12 12 12 12 12 12 12 12 12 12 12 12 12 12 12 12 12 12 12 12 12 12 12 12 12 12 12 9 9 9 9 9 9 9 9 9 9 9 10 10 10 10 10 10 10 10 10 10 10 10 10 10 10 10 10 10 10 10 10 10 10 10 10 10 10 10 10 10 10 10 10 10 10 10 10 11 11 11 11 11 11 11 1 1 1 1
staticfield java/security/ProtectionDomain debug Lsun/security/util/Debug; null
ciInstanceKlass java/security/AccessControlContext 1 1 305 8 8 8 8 8 8 8 8 8 8 8 8 8 7 1 1 1 1 1 1 1 1 1 1 1 1 1 1 1 1 1 1 1 1 1 1 1 1 1 1 1 1 1 1 1 1 1 1 1 1 1 1 1 1 1 1 1 1 1 1 1 1 1 1 1 1 1 1 1 1 1 1 1 1 1 1 1 1 1 1 1 1 1 1 1 1 1 1 1 1 1 1 1 1 1 1 1 1 1 1 1 1 1 1 1 1 1 1 1 1 1 1 1 1 1 1 1 1 1 1 1 1 1 100 7 100 100 7 100 100 7 100 100 7 100 100 7 100 7 7 7 7 100 100 100 100 1 1 1 1 1 1 1 1 1 1 1 1 1 1 1 1 1 1 1 1 1 1 1 1 1 1 1 1 1 1 1 1 1 1 12 12 12 12 12 12 12 12 12 12 12 12 12 12 12 12 12 12 12 12 12 12 12 12 12 12 12 12 12 12 12 12 12 12 12 12 12 12 12 12 12 12 12 12 12 12 12 12 12 12 12 12 12 12 12 12 12 12 9 9 9 9 9 9 9 9 9 9 9 9 9 9 10 10 10 10 10 10 10 10 10 10 10 10 10 10 10 10 10 10 10 10 10 10 10 10 10 10 10 10 10 10 10 10 10 10 10 10 10 10 10 10 10 10 10 10 10 11 11 11 11 11 11 1
instanceKlass java/net/URLClassLoader
ciInstanceKlass java/security/SecureClassLoader 1 1 130 8 8 8 8 1 1 1 1 1 1 1 1 1 1 1 1 1 1 1 1 1 1 1 1 1 1 1 1 1 1 1 1 1 1 1 1 1 1 1 1 1 1 1 1 1 1 1 1 1 1 7 100 100 100 100 7 100 7 7 7 7 7 1 1 1 1 1 1 1 1 1 1 1 1 1 1 1 1 1 1 12 12 12 12 12 12 12 12 12 12 12 12 12 12 12 12 12 12 12 12 12 12 12 9 9 9 10 10 10 10 10 10 10 10 10 10 10 10 10 10 10 10 10 10 10 10 10 10 1
staticfield java/security/SecureClassLoader debug Lsun/security/util/Debug; null
instanceKlass java/lang/reflect/InvocationTargetException
instanceKlass java/lang/IllegalAccessException
instanceKlass java/lang/NoSuchFieldException
instanceKlass java/lang/InstantiationException
instanceKlass java/lang/NoSuchMethodException
instanceKlass java/lang/ClassNotFoundException
ciInstanceKlass java/lang/ReflectiveOperationException 1 1 27 1 1 1 1 1 1 1 1 1 1 1 1 5 0 7 100 1 12 12 12 12 10 10 10 10 1
ciInstanceKlass java/lang/ClassNotFoundException 1 1 32 1 1 1 1 1 1 1 1 1 1 1 1 1 1 1 1 5 0 100 7 100 1 1 1 12 12 12 9 10 10 1
instanceKlass java/lang/VerifyError
instanceKlass java/lang/ExceptionInInitializerError
instanceKlass java/lang/ClassCircularityError
instanceKlass java/lang/ClassFormatError
instanceKlass java/lang/UnsatisfiedLinkError
instanceKlass java/lang/IncompatibleClassChangeError
instanceKlass java/lang/BootstrapMethodError
instanceKlass java/lang/NoClassDefFoundError
ciInstanceKlass java/lang/LinkageError 1 1 24 1 1 1 1 1 1 1 1 1 1 1 5 0 7 100 1 12 12 12 10 10 10 1
ciInstanceKlass java/lang/NoClassDefFoundError 1 1 21 1 1 1 1 1 1 1 1 1 1 1 5 0 7 100 12 12 10 10 1
ciInstanceKlass java/lang/ClassCastException 1 1 21 1 1 1 1 1 1 1 1 1 1 1 5 0 100 100 12 12 10 10 1
ciInstanceKlass java/lang/ArrayStoreException 1 1 21 1 1 1 1 1 1 1 1 1 1 1 5 0 100 100 12 12 10 10 1
instanceKlass java/lang/InternalError
instanceKlass java/lang/StackOverflowError
instanceKlass java/lang/OutOfMemoryError
ciInstanceKlass java/lang/VirtualMachineError 1 1 27 1 1 1 1 1 1 1 1 1 1 1 1 5 0 7 100 1 12 12 12 12 10 10 10 10 1
ciInstanceKlass java/lang/OutOfMemoryError 1 1 21 1 1 1 1 1 1 1 1 1 1 1 5 0 100 100 12 12 10 10 1
ciInstanceKlass java/lang/StackOverflowError 1 1 21 1 1 1 1 1 1 1 1 1 1 1 5 0 100 100 12 12 10 10 1
ciInstanceKlass java/lang/IllegalMonitorStateException 1 1 21 1 1 1 1 1 1 1 1 1 1 1 5 0 100 100 12 12 10 10 1
instanceKlass java/lang/ref/PhantomReference
instanceKlass java/lang/ref/FinalReference
instanceKlass java/lang/ref/WeakReference
instanceKlass java/lang/ref/SoftReference
ciInstanceKlass java/lang/ref/Reference 1 1 134 8 1 1 1 1 1 1 1 1 1 1 1 1 1 1 1 1 1 1 1 1 1 1 1 1 1 1 1 1 1 1 1 1 1 1 1 1 1 1 1 1 1 1 1 1 1 1 1 1 1 1 1 1 1 1 1 100 7 100 7 7 100 7 7 7 7 7 7 7 1 1 1 1 1 1 1 1 1 1 1 1 1 1 1 1 12 12 12 12 12 12 12 12 12 12 12 12 12 12 12 12 12 12 12 12 12 12 9 9 9 9 9 9 9 10 10 10 10 10 10 10 10 10 10 10 10 10 10 10 10 1 1 1
instanceKlass org/aspectj/apache/bcel/util/ClassLoaderRepository$SoftHashMap$SpecialValue
instanceKlass org/springframework/util/ConcurrentReferenceHashMap$SoftEntryReference
instanceKlass sun/security/util/MemoryCache$SoftCacheEntry
instanceKlass java/lang/invoke/LambdaFormEditor$Transform
instanceKlass sun/util/locale/provider/LocaleResources$ResourceReference
instanceKlass java/util/ResourceBundle$BundleReference
instanceKlass sun/util/locale/LocaleObjectCache$CacheEntry
ciInstanceKlass java/lang/ref/SoftReference 1 1 35 1 1 1 1 1 1 1 1 1 1 1 1 1 1 1 1 100 7 7 1 1 1 1 12 12 12 12 12 9 9 10 10 10 1
instanceKlass com/github/benmanes/caffeine/cache/References$WeakKeyReference
instanceKlass java/util/concurrent/ForkJoinTask$ExceptionNode
instanceKlass org/apache/tomcat/util/collections/ManagedConcurrentWeakHashMap$Key
instanceKlass sun/nio/ch/SharedFileLockTable$FileLockReference
instanceKlass java/lang/reflect/Proxy$Key2
instanceKlass java/beans/WeakIdentityMap$Entry
instanceKlass org/springframework/cglib/core/WeakCacheKey
instanceKlass org/apache/commons/logging/impl/WeakHashtable$WeakKey
instanceKlass java/io/ObjectStreamClass$FieldReflectorKey
instanceKlass java/io/ObjectStreamClass$WeakClassKey
instanceKlass sun/rmi/transport/WeakRef
instanceKlass java/lang/reflect/WeakCache$CacheValue
instanceKlass java/lang/reflect/Proxy$Key1
instanceKlass java/lang/reflect/WeakCache$CacheKey
instanceKlass com/sun/jmx/mbeanserver/WeakIdentityHashMap$IdentityWeakReference
instanceKlass java/util/logging/LogManager$LoggerWeakRef
instanceKlass com/intellij/rt/debugger/agent/CaptureStorage$WeakKey
instanceKlass java/lang/invoke/MethodType$ConcurrentWeakInternSet$WeakEntry
instanceKlass java/util/ResourceBundle$LoaderReference
instanceKlass java/lang/ClassValue$Entry
instanceKlass java/util/WeakHashMap$Entry
instanceKlass java/lang/ThreadLocal$ThreadLocalMap$Entry
ciInstanceKlass java/lang/ref/WeakReference 1 1 20 1 1 1 1 1 1 1 1 7 100 1 1 1 1 12 12 10 10 1
instanceKlass java/lang/ref/Finalizer
ciInstanceKlass java/lang/ref/FinalReference 1 1 16 1 1 1 1 1 1 1 100 7 1 1 1 12 10 1
instanceKlass com/mysql/jdbc/NonRegisteringDriver$ConnectionPhantomReference
instanceKlass sun/misc/Cleaner
ciInstanceKlass java/lang/ref/PhantomReference 1 1 19 1 1 1 1 1 1 1 1 1 1 100 7 1 1 1 12 10 1
ciInstanceKlass sun/misc/Cleaner 1 1 74 1 1 1 1 1 1 1 1 1 1 1 1 1 1 1 1 1 1 1 1 1 1 1 1 1 1 1 7 100 7 7 100 7 100 1 1 1 1 1 1 1 1 1 1 1 1 12 12 12 12 12 12 12 12 12 12 12 12 12 9 9 9 9 9 10 10 10 10 10 10 10 11 1
staticfield sun/misc/Cleaner dummyQueue Ljava/lang/ref/ReferenceQueue; java/lang/ref/ReferenceQueue
ciInstanceKlass java/lang/ref/Finalizer 1 1 148 1 1 1 1 1 1 1 1 1 1 1 1 1 1 1 1 1 1 1 1 1 1 1 1 1 1 1 1 1 1 1 1 1 1 1 1 1 1 1 1 1 1 1 1 1 1 1 1 1 1 1 1 1 1 1 1 1 1 1 7 7 7 7 100 7 7 100 100 100 7 7 100 7 100 1 1 1 1 1 1 1 1 1 1 1 1 1 1 1 1 12 12 12 12 12 12 12 12 12 12 12 12 12 12 12 12 12 12 12 12 12 12 12 12 12 12 9 9 9 9 9 10 10 10 10 10 10 10 10 10 10 10 10 10 10 10 10 10 10 10 10 10 10 10 11 1 1
staticfield java/lang/ref/Finalizer lock Ljava/lang/Object; java/lang/Object
instanceKlass java/lang/ref/ReferenceQueue$Null
ciInstanceKlass java/lang/ref/ReferenceQueue 1 1 121 8 7 1 1 1 1 1 1 1 1 1 1 1 1 1 1 1 1 1 1 1 1 1 1 1 1 1 1 1 1 1 1 1 1 1 1 1 1 1 1 1 1 1 1 1 1 1 1 1 1 1 1 5 0 100 7 100 100 7 100 100 7 7 100 7 7 7 1 1 1 1 1 1 1 1 1 1 1 1 1 12 12 12 12 12 12 12 12 12 12 12 12 12 12 12 12 12 12 9 9 9 9 9 9 9 9 10 10 10 10 10 10 10 10 10 10 10 10 1 1
staticfield java/lang/ref/ReferenceQueue $assertionsDisabled Z 1
instanceKlass java/util/concurrent/ForkJoinWorkerThread
instanceKlass com/mysql/jdbc/AbandonedConnectionCleanupThread
instanceKlass com/atomikos/icatch/config/Configuration$ForceShutdownHook
instanceKlass com/ais/cs/csmf/logserver/LogProcess
instanceKlass com/ais/cs/csmf/logserver/RedirectLogProcess
instanceKlass org/springframework/context/support/AbstractApplicationContext$1
instanceKlass org/apache/logging/log4j/core/util/Log4jThread
instanceKlass org/apache/tomcat/util/net/NioBlockingSelector$BlockPoller
instanceKlass org/apache/tomcat/util/threads/TaskThread
instanceKlass sun/misc/GC$Daemon
instanceKlass org/apache/catalina/startup/Catalina$CatalinaShutdownHook
instanceKlass org/apache/juli/AsyncFileHandler$LoggerThread
instanceKlass java/util/logging/LogManager$Cleaner
instanceKlass org/apache/juli/ClassLoaderLogManager$Cleaner
instanceKlass java/lang/ref/Finalizer$FinalizerThread
instanceKlass java/lang/ref/Reference$ReferenceHandler
ciInstanceKlass java/lang/Thread 1 1 539 3 3 8 8 8 8 8 8 8 8 8 8 8 8 7 1 1 1 1 1 1 1 1 1 1 1 1 1 1 1 1 1 1 1 1 1 1 1 1 1 1 1 1 1 1 1 1 1 1 1 1 1 1 1 1 1 1 1 1 1 1 1 1 1 1 1 1 1 1 1 1 1 1 1 1 1 1 1 1 1 1 1 1 1 1 1 1 1 1 1 1 1 1 1 1 1 1 1 1 1 1 1 1 1 1 1 1 1 1 1 1 1 1 1 1 1 1 1 1 1 1 1 1 1 1 1 1 1 1 1 1 1 1 1 1 1 1 1 1 1 1 1 1 1 1 1 1 1 1 1 1 1 1 1 1 1 1 1 1 1 1 1 1 1 1 1 1 1 1 1 1 1 1 1 1 1 1 1 1 1 1 1 1 1 1 1 1 1 1 1 1 1 1 1 1 1 1 1 1 1 1 1 1 1 1 1 1 1 1 1 1 1 1 1 1 1 1 1 1 1 1 1 1 1 3 3 3 100 100 100 100 100 7 7 100 100 7 100 100 7 7 7 100 7 100 7 7 100 100 100 100 100 100 7 7 100 100 100 100 100 100 7 100 100 100 100 100 100 100 1 1 1 1 1 1 1 1 1 1 1 1 1 1 1 1 1 1 1 1 1 1 1 1 1 1 1 1 1 1 1 1 1 1 1 1 1 1 1 1 1 1 1 1 1 1 1 1 1 1 1 1 1 1 1 1 1 1 12 12 12 12 12 12 12 12 12 12 12 12 12 12 12 12 12 12 12 12 12 12 12 12 12 12 12 12 12 12 12 12 12 12 12 12 12 12 12 12 12 12 12 12 12 12 12 12 12 12 12 12 12 12 12 12 12 12 12 12 12 12 12 12 12 12 12 12 12 12 12 12 12 12 12 12 12 12 12 12 12 12 12 12 12 12 12 12 12 12 12 12 12 12 12 12 9 9 9 9 9 9 9 9 9 9 9 9 9 9 9 9 9 9 9 9 9 9 9 9 9 9 10 10 10 10 10 10 10 10 10 10 10 10 10 10 10 10 10 10 10 10 10 10 10 10 10 10 10 10 10 10 10 10 10 10 10 10 10 10 10 10 10 10 10 10 10 10 10 10 10 10 10 10 10 10 10 10 10 10 10 10 10 10 10 10 10 10 10 10 10 10 10 10 10 10 10 10 10 11 11 11 11 11 11 11 1 1 1 1 1
staticfield java/lang/Thread EMPTY_STACK_TRACE [Ljava/lang/StackTraceElement; 0 [Ljava/lang/StackTraceElement;
staticfield java/lang/Thread SUBCLASS_IMPLEMENTATION_PERMISSION Ljava/lang/RuntimePermission; java/lang/RuntimePermission
ciInstanceKlass java/lang/ThreadGroup 1 1 268 8 8 8 8 8 8 8 1 1 1 1 1 1 1 1 1 1 1 1 1 1 1 1 1 1 1 1 1 1 1 1 1 1 1 1 1 1 1 1 1 1 1 1 1 1 1 1 1 1 1 1 1 1 1 1 1 1 1 1 1 1 1 1 1 1 1 1 1 1 1 1 1 1 1 1 1 1 1 1 1 1 1 1 1 1 1 1 1 1 1 1 1 1 1 1 1 1 1 1 1 1 1 1 1 1 1 1 1 7 100 100 100 100 100 7 100 100 7 7 100 100 7 100 7 100 1 1 1 1 1 1 1 1 1 1 1 1 1 1 1 1 1 1 1 1 1 1 1 1 1 1 1 12 12 12 12 12 12 12 12 12 12 12 12 12 12 12 12 12 12 12 12 12 12 12 12 12 12 12 12 12 12 12 12 12 12 12 12 12 12 12 12 12 12 12 12 12 12 12 12 12 12 12 12 12 9 9 9 9 9 9 9 9 9 9 9 9 9 10 10 10 10 10 10 10 10 10 10 10 10 10 10 10 10 10 10 10 10 10 10 10 10 10 10 10 10 10 10 10 10 10 10 10 10 10 10 10 10 10 10 10 10 10 10 11 1 1
ciInstanceKlass java/util/Map 1 1 132 1 1 1 1 1 1 1 1 1 1 1 1 1 1 1 1 1 1 1 1 1 1 1 1 1 1 1 1 1 1 1 1 1 1 1 1 1 1 1 1 1 1 1 1 1 1 1 1 1 1 1 1 1 1 1 1 1 1 1 1 1 100 100 100 7 7 7 7 7 7 100 7 1 1 1 1 1 1 1 1 1 1 1 1 1 1 1 1 1 1 1 1 1 1 1 1 12 12 12 12 12 12 12 12 12 12 12 12 12 12 12 12 12 10 10 10 11 11 11 11 11 11 11 11 11 11 11 11 11 11 1
instanceKlass java/util/Hashtable
ciInstanceKlass java/util/Dictionary 1 1 31 1 1 1 1 1 1 1 1 1 1 1 1 1 1 1 1 1 1 1 7 100 1 1 1 1 1 1 12 10 1
instanceKlass org/apache/commons/logging/impl/WeakHashtable
instanceKlass java/util/Properties
ciInstanceKlass java/util/Hashtable 1 1 416 3 3 4 4 8 8 8 8 8 8 100 1 1 1 1 1 1 1 1 1 1 1 1 1 1 1 1 1 1 1 1 1 1 1 1 1 1 1 1 1 1 1 1 1 1 1 1 1 1 1 1 1 1 1 1 1 1 1 1 1 1 1 1 1 1 1 1 1 1 1 1 1 1 1 1 1 1 1 1 1 1 1 1 1 1 1 1 1 1 1 1 1 1 1 1 1 1 1 1 1 1 1 1 1 1 1 1 1 1 1 1 1 1 1 1 1 1 1 1 1 1 1 1 1 1 1 1 1 1 1 1 1 1 1 1 1 1 1 1 1 1 1 1 1 1 1 1 1 1 1 1 1 1 1 1 1 1 1 1 1 1 1 1 1 1 1 1 3 3 3 5 0 100 7 100 7 100 7 100 7 100 100 7 100 100 7 100 7 100 100 100 7 100 7 7 100 7 7 7 7 100 7 7 7 7 7 7 100 100 100 100 1 1 1 1 1 1 1 1 1 1 1 1 1 1 1 1 1 1 1 1 1 1 1 1 1 1 1 1 1 1 1 1 1 1 1 1 1 1 1 1 1 1 1 1 1 1 1 1 1 1 1 1 1 1 1 1 12 12 12 12 12 12 12 12 12 12 12 12 12 12 12 12 12 12 12 12 12 12 12 12 12 12 12 12 12 12 12 12 12 12 12 12 12 12 12 12 12 12 12 12 12 12 12 12 12 12 12 12 12 12 12 12 12 12 12 12 12 12 12 12 12 9 9 9 9 9 9 9 9 9 9 9 9 10 10 10 10 10 10 10 10 10 10 10 10 10 10 10 10 10 10 10 10 10 10 10 10 10 10 10 10 10 10 10 10 10 10 10 10 10 10 10 10 10 10 10 10 10 10 10 10 10 10 10 10 10 11 11 11 11 11 11 11 11 11 11 11 11 11 1 1 1 1 1
instanceKlass org/springframework/beans/factory/support/ManagedProperties
instanceKlass org/springframework/core/SortedProperties
instanceKlass java/security/Provider
ciInstanceKlass java/util/Properties 1 1 263 3 8 8 8 8 8 8 8 1 1 1 1 1 1 1 1 1 1 1 1 1 1 1 1 1 1 1 1 1 1 1 1 1 1 1 1 1 1 1 1 1 1 1 1 1 1 1 1 1 1 1 1 1 1 1 1 1 1 1 1 1 1 1 1 1 1 1 1 1 1 1 1 1 1 1 1 1 1 1 1 1 1 1 1 1 1 1 1 1 1 1 1 1 1 1 1 1 1 1 1 1 1 1 1 1 5 0 100 100 7 100 100 100 100 100 100 100 100 7 100 100 100 100 7 7 7 100 7 7 100 1 1 1 1 1 1 1 1 1 1 1 1 1 1 1 1 1 1 1 1 1 1 1 1 1 1 1 1 1 1 1 12 12 12 12 12 12 12 12 12 12 12 12 12 12 12 12 12 12 12 12 12 12 12 12 12 12 12 12 12 12 12 12 12 12 12 12 12 12 12 12 12 12 12 12 12 9 9 9 10 10 10 10 10 10 10 10 10 10 10 10 10 10 10 10 10 10 10 10 10 10 10 10 10 10 10 10 10 10 10 10 10 10 10 10 10 10 10 10 10 10 10 10 10 10 10 10 11 11 1 1 1
staticfield java/util/Properties hexDigit [C 16
instanceKlass java/lang/reflect/Executable
instanceKlass java/lang/reflect/Field
ciInstanceKlass java/lang/reflect/AccessibleObject 1 1 144 8 8 8 7 1 1 1 1 1 1 1 1 1 1 1 1 1 1 1 1 1 1 1 1 1 1 1 1 1 1 1 1 1 1 1 1 1 1 1 1 1 1 1 1 1 1 1 1 1 1 1 1 1 1 1 1 1 1 1 1 1 1 1 100 100 100 7 7 100 7 7 7 7 100 7 7 7 7 7 1 1 1 1 1 1 1 1 1 1 1 1 1 1 1 1 1 1 1 1 12 12 12 12 12 12 12 12 12 12 12 12 12 12 12 12 12 12 12 12 9 9 9 9 10 10 10 10 10 10 10 10 10 10 10 10 10 10 10 10 10 11 1 1
staticfield java/lang/reflect/AccessibleObject ACCESS_PERMISSION Ljava/security/Permission; java/lang/reflect/ReflectPermission
staticfield java/lang/reflect/AccessibleObject reflectionFactory Lsun/reflect/ReflectionFactory; sun/reflect/ReflectionFactory
ciInstanceKlass java/lang/reflect/Field 1 1 362 8 8 8 8 1 1 1 1 1 1 1 1 1 1 1 1 1 1 1 1 1 1 1 1 1 1 1 1 1 1 1 1 1 1 1 1 1 1 1 1 1 1 1 1 1 1 1 1 1 1 1 1 1 1 1 1 1 1 1 1 1 1 1 1 1 1 1 1 1 1 1 1 1 1 1 1 1 1 1 1 1 1 1 1 1 1 1 1 1 1 1 1 1 1 1 1 1 1 1 1 1 1 1 1 1 1 1 1 1 1 1 1 1 1 1 1 1 1 1 1 1 1 1 1 1 1 1 1 1 1 1 1 7 7 7 7 100 100 7 7 100 7 100 7 7 7 7 7 7 7 7 100 100 100 100 7 7 7 1 1 1 1 1 1 1 1 1 1 1 1 1 1 1 1 1 1 1 1 1 1 1 1 1 1 1 1 1 1 1 1 1 1 1 1 1 1 1 1 1 1 1 1 1 1 1 1 1 1 1 1 1 1 12 12 12 12 12 12 12 12 12 12 12 12 12 12 12 12 12 12 12 12 12 12 12 12 12 12 12 12 12 12 12 12 12 12 12 12 12 12 12 12 12 12 12 12 12 12 12 12 12 12 12 12 12 12 12 12 12 12 12 12 12 12 12 12 12 12 12 12 12 12 12 9 9 9 9 9 9 9 9 9 9 9 9 9 9 9 10 10 10 10 10 10 10 10 10 10 10 10 10 10 10 10 10 10 10 10 10 10 10 10 10 10 10 10 10 10 10 10 10 10 10 10 10 10 10 10 11 11 11 11 11 11 11 11 11 11 11 11 11 11 11 11 11 11 11 11 11 1 1
ciInstanceKlass java/lang/reflect/Parameter 1 1 210 8 8 8 8 1 1 1 1 1 1 1 1 1 1 1 1 1 1 1 1 1 1 1 1 1 1 1 1 1 1 1 1 1 1 1 1 1 1 1 1 1 1 1 1 1 1 1 1 1 1 1 1 1 1 1 1 1 1 1 1 1 1 1 1 1 1 1 1 1 1 1 1 1 1 1 1 1 1 1 1 1 1 1 100 100 7 7 100 100 100 7 100 7 100 100 100 100 100 1 1 1 1 1 1 1 1 1 1 1 1 1 1 1 1 1 1 1 1 1 1 1 1 1 1 1 1 12 12 12 12 12 12 12 12 12 12 12 12 12 12 12 12 12 12 12 12 12 12 12 12 12 12 12 12 12 12 12 12 12 12 12 12 12 12 12 9 9 9 9 9 9 9 10 10 10 10 10 10 10 10 10 10 10 10 10 10 10 10 10 10 10 10 10 10 10 10 10 10 10 10 10 10 10 10 11 11 11 11 1
instanceKlass java/lang/reflect/Constructor
instanceKlass java/lang/reflect/Method
ciInstanceKlass java/lang/reflect/Executable 1 1 378 3 8 8 8 8 8 8 8 8 8 8 8 8 8 8 1 1 1 1 1 1 1 1 1 1 1 1 1 1 1 1 1 1 1 1 1 1 1 1 1 1 1 1 1 1 1 1 1 1 1 1 1 1 1 1 1 1 1 1 1 1 1 1 1 1 1 1 1 1 1 1 1 1 1 1 1 1 1 1 1 1 1 1 1 1 1 1 1 1 1 1 1 1 1 1 1 1 1 1 1 1 1 1 1 1 1 1 1 1 1 1 1 1 1 1 1 1 1 1 1 1 1 1 1 1 1 1 1 1 1 1 1 1 1 1 1 1 1 1 1 1 1 1 1 1 1 1 1 1 1 1 100 7 100 100 7 100 7 100 100 7 7 7 7 7 7 100 100 100 7 7 7 100 7 7 7 7 7 7 100 100 100 7 1 1 1 1 1 1 1 1 1 1 1 1 1 1 1 1 1 1 1 1 1 1 1 1 1 1 1 1 1 1 1 1 1 1 1 1 1 1 1 1 1 1 1 1 1 1 1 1 1 1 1 12 12 12 12 12 12 12 12 12 12 12 12 12 12 12 12 12 12 12 12 12 12 12 12 12 12 12 12 12 12 12 12 12 12 12 12 12 12 12 12 12 12 12 12 12 12 12 12 12 12 12 12 12 12 12 12 12 12 12 12 12 12 12 12 12 12 12 12 9 9 9 9 9 9 9 10 10 10 10 10 10 10 10 10 10 10 10 10 10 10 10 10 10 10 10 10 10 10 10 10 10 10 10 10 10 10 10 10 10 10 10 10 10 10 10 10 10 10 10 10 10 10 10 10 10 10 10 10 10 10 10 10 10 10 10 10 10 10 11 11 11 1 1
ciInstanceKlass java/lang/reflect/Method 1 1 346 8 8 8 1 1 1 1 1 1 1 1 1 1 1 1 1 1 1 1 1 1 1 1 1 1 1 1 1 1 1 1 1 1 1 1 1 1 1 1 1 1 1 1 1 1 1 1 1 1 1 1 1 1 1 1 1 1 1 1 1 1 1 1 1 1 1 1 1 1 1 1 1 1 1 1 1 1 1 1 1 1 1 1 1 1 1 1 1 1 1 1 1 1 1 1 1 1 1 1 1 1 1 1 1 1 1 1 1 1 1 1 1 1 1 1 1 1 1 1 1 1 1 1 1 1 1 1 1 1 1 1 7 7 7 7 7 7 7 7 100 7 7 7 7 7 7 7 7 7 7 7 7 7 7 7 7 7 7 1 1 1 1 1 1 1 1 1 1 1 1 1 1 1 1 1 1 1 1 1 1 1 1 1 1 1 1 1 1 1 1 1 1 1 1 1 1 1 1 1 1 1 1 1 1 1 1 12 12 12 12 12 12 12 12 12 12 12 12 12 12 12 12 12 12 12 12 12 12 12 12 12 12 12 12 12 12 12 12 12 12 12 12 12 12 12 12 12 12 12 12 12 12 12 12 12 12 12 12 12 12 12 12 12 12 12 12 12 12 12 12 12 12 12 9 9 9 9 9 9 9 9 9 9 9 9 9 9 9 9 10 10 10 10 10 10 10 10 10 10 10 10 10 10 10 10 10 10 10 10 10 10 10 10 10 10 10 10 10 10 10 10 10 10 10 10 10 10 10 10 10 10 10 10 10 10 10 10 10 10 10 10 11 11 11 1
ciInstanceKlass java/lang/reflect/Constructor 1 1 330 8 8 8 1 1 1 1 1 1 1 1 1 1 1 1 1 1 1 1 1 1 1 1 1 1 1 1 1 1 1 1 1 1 1 1 1 1 1 1 1 1 1 1 1 1 1 1 1 1 1 1 1 1 1 1 1 1 1 1 1 1 1 1 1 1 1 1 1 1 1 1 1 1 1 1 1 1 1 1 1 1 1 1 1 1 1 1 1 1 1 1 1 1 1 1 1 1 1 1 1 1 1 1 1 1 1 1 1 1 1 1 1 1 1 1 1 1 1 1 1 1 1 1 1 1 1 1 1 1 7 7 7 7 7 7 7 100 100 7 7 7 100 100 100 100 7 7 7 100 100 100 7 7 7 1 1 1 1 1 1 1 1 1 1 1 1 1 1 1 1 1 1 1 1 1 1 1 1 1 1 1 1 1 1 1 1 1 1 1 1 1 1 1 1 1 1 1 1 1 1 1 1 12 12 12 12 12 12 12 12 12 12 12 12 12 12 12 12 12 12 12 12 12 12 12 12 12 12 12 12 12 12 12 12 12 12 12 12 12 12 12 12 12 12 12 12 12 12 12 12 12 12 12 12 12 12 12 12 12 12 12 12 12 12 9 9 9 9 9 9 9 9 9 9 9 9 9 9 10 10 10 10 10 10 10 10 10 10 10 10 10 10 10 10 10 10 10 10 10 10 10 10 10 10 10 10 10 10 10 10 10 10 10 10 10 10 10 10 10 10 10 10 10 10 10 11 11 1 1
instanceKlass sun/reflect/FieldAccessorImpl
instanceKlass sun/reflect/ConstructorAccessorImpl
instanceKlass sun/reflect/MethodAccessorImpl
ciInstanceKlass sun/reflect/MagicAccessorImpl 1 1 13 1 1 1 1 1 1 1 7 100 12 10 1
instanceKlass sun/reflect/GeneratedMethodAccessor175
instanceKlass sun/reflect/GeneratedMethodAccessor174
instanceKlass sun/reflect/GeneratedMethodAccessor173
instanceKlass sun/reflect/GeneratedMethodAccessor172
instanceKlass sun/reflect/GeneratedMethodAccessor170
instanceKlass sun/reflect/GeneratedMethodAccessor171
instanceKlass sun/reflect/GeneratedMethodAccessor169
instanceKlass sun/reflect/GeneratedMethodAccessor168
instanceKlass sun/reflect/GeneratedMethodAccessor167
instanceKlass sun/reflect/GeneratedMethodAccessor166
instanceKlass sun/reflect/GeneratedMethodAccessor165
instanceKlass sun/reflect/GeneratedMethodAccessor164
instanceKlass sun/reflect/GeneratedMethodAccessor163
instanceKlass sun/reflect/GeneratedMethodAccessor162
instanceKlass sun/reflect/GeneratedMethodAccessor161
instanceKlass sun/reflect/GeneratedMethodAccessor160
instanceKlass sun/reflect/GeneratedMethodAccessor159
instanceKlass sun/reflect/GeneratedMethodAccessor158
instanceKlass sun/reflect/GeneratedMethodAccessor157
instanceKlass sun/reflect/GeneratedMethodAccessor156
instanceKlass sun/reflect/GeneratedMethodAccessor155
instanceKlass sun/reflect/GeneratedMethodAccessor154
instanceKlass sun/reflect/GeneratedMethodAccessor153
instanceKlass sun/reflect/GeneratedMethodAccessor152
instanceKlass sun/reflect/GeneratedMethodAccessor151
instanceKlass sun/reflect/GeneratedMethodAccessor150
instanceKlass sun/reflect/GeneratedMethodAccessor149
instanceKlass sun/reflect/GeneratedMethodAccessor148
instanceKlass sun/reflect/GeneratedMethodAccessor147
instanceKlass sun/reflect/GeneratedMethodAccessor146
instanceKlass sun/reflect/GeneratedMethodAccessor145
instanceKlass sun/reflect/GeneratedMethodAccessor144
instanceKlass sun/reflect/GeneratedMethodAccessor143
instanceKlass sun/reflect/GeneratedMethodAccessor142
instanceKlass sun/reflect/GeneratedMethodAccessor141
instanceKlass sun/reflect/GeneratedMethodAccessor140
instanceKlass sun/reflect/GeneratedMethodAccessor139
instanceKlass sun/reflect/GeneratedMethodAccessor138
instanceKlass sun/reflect/GeneratedMethodAccessor137
instanceKlass sun/reflect/GeneratedMethodAccessor136
instanceKlass sun/reflect/GeneratedMethodAccessor135
instanceKlass sun/reflect/GeneratedMethodAccessor134
instanceKlass sun/reflect/GeneratedMethodAccessor133
instanceKlass sun/reflect/GeneratedMethodAccessor132
instanceKlass sun/reflect/GeneratedMethodAccessor131
instanceKlass sun/reflect/GeneratedMethodAccessor130
instanceKlass sun/reflect/GeneratedMethodAccessor129
instanceKlass sun/reflect/GeneratedMethodAccessor128
instanceKlass sun/reflect/GeneratedMethodAccessor127
instanceKlass sun/reflect/GeneratedMethodAccessor126
instanceKlass sun/reflect/GeneratedMethodAccessor125
instanceKlass sun/reflect/GeneratedMethodAccessor124
instanceKlass sun/reflect/GeneratedMethodAccessor123
instanceKlass sun/reflect/GeneratedMethodAccessor122
instanceKlass sun/reflect/GeneratedMethodAccessor121
instanceKlass sun/reflect/GeneratedMethodAccessor120
instanceKlass sun/reflect/GeneratedMethodAccessor119
instanceKlass sun/reflect/GeneratedMethodAccessor118
instanceKlass sun/reflect/GeneratedMethodAccessor117
instanceKlass sun/reflect/GeneratedMethodAccessor116
instanceKlass sun/reflect/GeneratedMethodAccessor115
instanceKlass sun/reflect/GeneratedMethodAccessor114
instanceKlass sun/reflect/GeneratedMethodAccessor113
instanceKlass sun/reflect/GeneratedMethodAccessor112
instanceKlass sun/reflect/GeneratedMethodAccessor111
instanceKlass sun/reflect/GeneratedMethodAccessor110
instanceKlass sun/reflect/GeneratedMethodAccessor109
instanceKlass sun/reflect/GeneratedMethodAccessor108
instanceKlass sun/reflect/GeneratedMethodAccessor107
instanceKlass sun/reflect/GeneratedMethodAccessor106
instanceKlass sun/reflect/GeneratedMethodAccessor105
instanceKlass sun/reflect/GeneratedMethodAccessor104
instanceKlass sun/reflect/GeneratedMethodAccessor103
instanceKlass sun/reflect/GeneratedMethodAccessor102
instanceKlass sun/reflect/GeneratedMethodAccessor101
instanceKlass sun/reflect/GeneratedMethodAccessor100
instanceKlass sun/reflect/GeneratedMethodAccessor99
instanceKlass sun/reflect/GeneratedMethodAccessor98
instanceKlass sun/reflect/GeneratedMethodAccessor97
instanceKlass sun/reflect/GeneratedMethodAccessor96
instanceKlass sun/reflect/GeneratedMethodAccessor95
instanceKlass sun/reflect/GeneratedMethodAccessor94
instanceKlass sun/reflect/GeneratedMethodAccessor93
instanceKlass sun/reflect/GeneratedMethodAccessor92
instanceKlass sun/reflect/GeneratedMethodAccessor91
instanceKlass sun/reflect/GeneratedMethodAccessor90
instanceKlass sun/reflect/GeneratedMethodAccessor89
instanceKlass sun/reflect/GeneratedMethodAccessor88
instanceKlass sun/reflect/GeneratedMethodAccessor87
instanceKlass sun/reflect/GeneratedMethodAccessor86
instanceKlass sun/reflect/GeneratedMethodAccessor85
instanceKlass sun/reflect/GeneratedMethodAccessor84
instanceKlass sun/reflect/GeneratedMethodAccessor83
instanceKlass sun/reflect/GeneratedMethodAccessor82
instanceKlass sun/reflect/GeneratedMethodAccessor81
instanceKlass sun/reflect/GeneratedMethodAccessor80
instanceKlass sun/reflect/GeneratedMethodAccessor79
instanceKlass sun/reflect/GeneratedMethodAccessor78
instanceKlass sun/reflect/GeneratedMethodAccessor77
instanceKlass sun/reflect/GeneratedMethodAccessor76
instanceKlass sun/reflect/GeneratedMethodAccessor75
instanceKlass sun/reflect/GeneratedMethodAccessor74
instanceKlass sun/reflect/GeneratedMethodAccessor73
instanceKlass sun/reflect/GeneratedMethodAccessor72
instanceKlass sun/reflect/GeneratedMethodAccessor71
instanceKlass sun/reflect/GeneratedMethodAccessor70
instanceKlass sun/reflect/GeneratedMethodAccessor69
instanceKlass sun/reflect/GeneratedMethodAccessor68
instanceKlass sun/reflect/GeneratedMethodAccessor67
instanceKlass sun/reflect/GeneratedMethodAccessor66
instanceKlass sun/reflect/GeneratedMethodAccessor65
instanceKlass sun/reflect/GeneratedMethodAccessor64
instanceKlass sun/reflect/GeneratedMethodAccessor63
instanceKlass sun/reflect/GeneratedMethodAccessor62
instanceKlass sun/reflect/GeneratedMethodAccessor61
instanceKlass sun/reflect/GeneratedMethodAccessor60
instanceKlass sun/reflect/GeneratedMethodAccessor59
instanceKlass sun/reflect/GeneratedMethodAccessor58
instanceKlass sun/reflect/GeneratedMethodAccessor57
instanceKlass sun/reflect/GeneratedMethodAccessor56
instanceKlass sun/reflect/GeneratedMethodAccessor55
instanceKlass sun/reflect/GeneratedMethodAccessor54
instanceKlass sun/reflect/GeneratedMethodAccessor53
instanceKlass sun/reflect/GeneratedMethodAccessor52
instanceKlass sun/reflect/GeneratedMethodAccessor51
instanceKlass sun/reflect/GeneratedMethodAccessor50
instanceKlass sun/reflect/GeneratedMethodAccessor49
instanceKlass sun/reflect/GeneratedMethodAccessor48
instanceKlass sun/reflect/GeneratedMethodAccessor47
instanceKlass sun/reflect/GeneratedMethodAccessor46
instanceKlass sun/reflect/GeneratedMethodAccessor45
instanceKlass sun/reflect/GeneratedMethodAccessor44
instanceKlass sun/reflect/GeneratedMethodAccessor43
instanceKlass sun/reflect/GeneratedMethodAccessor42
instanceKlass sun/reflect/GeneratedMethodAccessor41
instanceKlass sun/reflect/GeneratedMethodAccessor40
instanceKlass sun/reflect/GeneratedMethodAccessor39
instanceKlass sun/reflect/GeneratedMethodAccessor38
instanceKlass sun/reflect/GeneratedMethodAccessor37
instanceKlass sun/reflect/GeneratedMethodAccessor36
instanceKlass sun/reflect/GeneratedMethodAccessor35
instanceKlass sun/reflect/GeneratedMethodAccessor34
instanceKlass sun/reflect/GeneratedMethodAccessor33
instanceKlass sun/reflect/GeneratedMethodAccessor32
instanceKlass sun/reflect/GeneratedMethodAccessor31
instanceKlass sun/reflect/GeneratedMethodAccessor30
instanceKlass sun/reflect/GeneratedMethodAccessor29
instanceKlass sun/reflect/GeneratedMethodAccessor28
instanceKlass sun/reflect/GeneratedMethodAccessor27
instanceKlass sun/reflect/GeneratedMethodAccessor26
instanceKlass sun/reflect/GeneratedMethodAccessor25
instanceKlass sun/reflect/GeneratedMethodAccessor24
instanceKlass sun/reflect/GeneratedMethodAccessor23
instanceKlass sun/reflect/GeneratedMethodAccessor22
instanceKlass sun/reflect/GeneratedMethodAccessor21
instanceKlass sun/reflect/GeneratedMethodAccessor20
instanceKlass sun/reflect/GeneratedMethodAccessor19
instanceKlass sun/reflect/GeneratedMethodAccessor18
instanceKlass sun/reflect/GeneratedMethodAccessor17
instanceKlass sun/reflect/GeneratedMethodAccessor16
instanceKlass sun/reflect/GeneratedMethodAccessor15
instanceKlass sun/reflect/GeneratedMethodAccessor14
instanceKlass sun/reflect/GeneratedMethodAccessor13
instanceKlass sun/reflect/GeneratedMethodAccessor12
instanceKlass sun/reflect/GeneratedMethodAccessor11
instanceKlass sun/reflect/GeneratedMethodAccessor10
instanceKlass sun/reflect/GeneratedMethodAccessor9
instanceKlass sun/reflect/GeneratedMethodAccessor8
instanceKlass sun/reflect/GeneratedMethodAccessor7
instanceKlass sun/reflect/GeneratedMethodAccessor6
instanceKlass sun/reflect/GeneratedMethodAccessor5
instanceKlass sun/reflect/GeneratedMethodAccessor4
instanceKlass sun/reflect/GeneratedMethodAccessor3
instanceKlass sun/reflect/GeneratedMethodAccessor2
instanceKlass sun/reflect/GeneratedMethodAccessor1
instanceKlass sun/reflect/DelegatingMethodAccessorImpl
instanceKlass sun/reflect/NativeMethodAccessorImpl
ciInstanceKlass sun/reflect/MethodAccessorImpl 1 1 22 1 1 1 1 1 1 1 1 1 1 1 1 1 100 100 7 100 100 12 10 1
instanceKlass sun/reflect/GeneratedConstructorAccessor122
instanceKlass sun/reflect/GeneratedConstructorAccessor121
instanceKlass sun/reflect/GeneratedConstructorAccessor120
instanceKlass sun/reflect/GeneratedConstructorAccessor119
instanceKlass sun/reflect/GeneratedConstructorAccessor118
instanceKlass sun/reflect/GeneratedConstructorAccessor117
instanceKlass sun/reflect/GeneratedConstructorAccessor116
instanceKlass sun/reflect/GeneratedConstructorAccessor115
instanceKlass sun/reflect/GeneratedConstructorAccessor114
instanceKlass sun/reflect/GeneratedConstructorAccessor113
instanceKlass sun/reflect/GeneratedConstructorAccessor112
instanceKlass sun/reflect/GeneratedConstructorAccessor111
instanceKlass sun/reflect/GeneratedConstructorAccessor110
instanceKlass sun/reflect/GeneratedConstructorAccessor109
instanceKlass sun/reflect/GeneratedConstructorAccessor108
instanceKlass sun/reflect/GeneratedConstructorAccessor107
instanceKlass sun/reflect/GeneratedConstructorAccessor106
instanceKlass sun/reflect/GeneratedConstructorAccessor105
instanceKlass sun/reflect/GeneratedConstructorAccessor104
instanceKlass sun/reflect/GeneratedConstructorAccessor103
instanceKlass sun/reflect/GeneratedConstructorAccessor102
instanceKlass sun/reflect/GeneratedConstructorAccessor101
instanceKlass sun/reflect/GeneratedConstructorAccessor100
instanceKlass sun/reflect/GeneratedConstructorAccessor99
instanceKlass sun/reflect/GeneratedConstructorAccessor98
instanceKlass sun/reflect/GeneratedConstructorAccessor97
instanceKlass sun/reflect/GeneratedConstructorAccessor96
instanceKlass sun/reflect/GeneratedConstructorAccessor95
instanceKlass sun/reflect/GeneratedConstructorAccessor94
instanceKlass sun/reflect/GeneratedConstructorAccessor93
instanceKlass sun/reflect/GeneratedConstructorAccessor92
instanceKlass sun/reflect/GeneratedConstructorAccessor91
instanceKlass sun/reflect/GeneratedConstructorAccessor90
instanceKlass sun/reflect/GeneratedConstructorAccessor89
instanceKlass sun/reflect/GeneratedConstructorAccessor88
instanceKlass sun/reflect/GeneratedConstructorAccessor87
instanceKlass sun/reflect/GeneratedConstructorAccessor86
instanceKlass sun/reflect/GeneratedConstructorAccessor85
instanceKlass sun/reflect/GeneratedConstructorAccessor84
instanceKlass sun/reflect/GeneratedConstructorAccessor83
instanceKlass sun/reflect/GeneratedConstructorAccessor82
instanceKlass sun/reflect/GeneratedConstructorAccessor81
instanceKlass sun/reflect/GeneratedConstructorAccessor80
instanceKlass sun/reflect/GeneratedConstructorAccessor79
instanceKlass sun/reflect/GeneratedConstructorAccessor78
instanceKlass sun/reflect/GeneratedConstructorAccessor77
instanceKlass sun/reflect/GeneratedConstructorAccessor76
instanceKlass sun/reflect/GeneratedConstructorAccessor75
instanceKlass sun/reflect/GeneratedConstructorAccessor74
instanceKlass sun/reflect/GeneratedConstructorAccessor73
instanceKlass sun/reflect/GeneratedConstructorAccessor72
instanceKlass sun/reflect/GeneratedConstructorAccessor71
instanceKlass sun/reflect/GeneratedConstructorAccessor70
instanceKlass sun/reflect/GeneratedConstructorAccessor69
instanceKlass sun/reflect/GeneratedConstructorAccessor68
instanceKlass sun/reflect/GeneratedConstructorAccessor67
instanceKlass sun/reflect/GeneratedConstructorAccessor66
instanceKlass sun/reflect/GeneratedConstructorAccessor65
instanceKlass sun/reflect/GeneratedConstructorAccessor64
instanceKlass sun/reflect/GeneratedConstructorAccessor63
instanceKlass sun/reflect/GeneratedConstructorAccessor62
instanceKlass sun/reflect/GeneratedConstructorAccessor61
instanceKlass sun/reflect/GeneratedConstructorAccessor60
instanceKlass sun/reflect/GeneratedConstructorAccessor59
instanceKlass sun/reflect/GeneratedConstructorAccessor58
instanceKlass sun/reflect/GeneratedConstructorAccessor57
instanceKlass sun/reflect/GeneratedConstructorAccessor56
instanceKlass sun/reflect/GeneratedConstructorAccessor55
instanceKlass sun/reflect/GeneratedConstructorAccessor54
instanceKlass sun/reflect/GeneratedConstructorAccessor53
instanceKlass sun/reflect/GeneratedConstructorAccessor52
instanceKlass sun/reflect/GeneratedConstructorAccessor51
instanceKlass sun/reflect/GeneratedConstructorAccessor50
instanceKlass sun/reflect/GeneratedConstructorAccessor49
instanceKlass sun/reflect/GeneratedConstructorAccessor48
instanceKlass sun/reflect/GeneratedConstructorAccessor47
instanceKlass sun/reflect/GeneratedConstructorAccessor46
instanceKlass sun/reflect/GeneratedConstructorAccessor45
instanceKlass sun/reflect/GeneratedConstructorAccessor44
instanceKlass sun/reflect/GeneratedConstructorAccessor43
instanceKlass sun/reflect/GeneratedConstructorAccessor42
instanceKlass sun/reflect/GeneratedConstructorAccessor41
instanceKlass sun/reflect/GeneratedConstructorAccessor40
instanceKlass sun/reflect/GeneratedConstructorAccessor39
instanceKlass sun/reflect/GeneratedConstructorAccessor38
instanceKlass sun/reflect/GeneratedConstructorAccessor37
instanceKlass sun/reflect/GeneratedConstructorAccessor36
instanceKlass sun/reflect/GeneratedConstructorAccessor35
instanceKlass sun/reflect/GeneratedConstructorAccessor34
instanceKlass sun/reflect/GeneratedConstructorAccessor33
instanceKlass sun/reflect/GeneratedConstructorAccessor32
instanceKlass sun/reflect/GeneratedConstructorAccessor31
instanceKlass sun/reflect/GeneratedConstructorAccessor30
instanceKlass sun/reflect/GeneratedConstructorAccessor29
instanceKlass sun/reflect/GeneratedConstructorAccessor28
instanceKlass sun/reflect/GeneratedConstructorAccessor27
instanceKlass sun/reflect/GeneratedConstructorAccessor26
instanceKlass sun/reflect/GeneratedConstructorAccessor25
instanceKlass sun/reflect/GeneratedConstructorAccessor24
instanceKlass sun/reflect/GeneratedConstructorAccessor23
instanceKlass sun/reflect/GeneratedConstructorAccessor22
instanceKlass sun/reflect/GeneratedConstructorAccessor21
instanceKlass sun/reflect/GeneratedConstructorAccessor20
instanceKlass sun/reflect/GeneratedConstructorAccessor19
instanceKlass sun/reflect/GeneratedConstructorAccessor18
instanceKlass sun/reflect/GeneratedConstructorAccessor17
instanceKlass sun/reflect/GeneratedConstructorAccessor16
instanceKlass sun/reflect/GeneratedConstructorAccessor15
instanceKlass sun/reflect/GeneratedConstructorAccessor14
instanceKlass sun/reflect/GeneratedConstructorAccessor13
instanceKlass sun/reflect/GeneratedConstructorAccessor12
instanceKlass sun/reflect/GeneratedConstructorAccessor11
instanceKlass sun/reflect/GeneratedConstructorAccessor10
instanceKlass sun/reflect/GeneratedConstructorAccessor9
instanceKlass sun/reflect/GeneratedConstructorAccessor8
instanceKlass sun/reflect/GeneratedConstructorAccessor7
instanceKlass sun/reflect/GeneratedConstructorAccessor6
instanceKlass sun/reflect/GeneratedConstructorAccessor5
instanceKlass sun/reflect/GeneratedConstructorAccessor4
instanceKlass sun/reflect/GeneratedConstructorAccessor3
instanceKlass sun/reflect/GeneratedConstructorAccessor2
instanceKlass sun/reflect/GeneratedConstructorAccessor1
instanceKlass sun/reflect/BootstrapConstructorAccessorImpl
instanceKlass sun/reflect/SerializationConstructorAccessorImpl
instanceKlass sun/reflect/DelegatingConstructorAccessorImpl
instanceKlass sun/reflect/NativeConstructorAccessorImpl
ciInstanceKlass sun/reflect/ConstructorAccessorImpl 1 1 24 1 1 1 1 1 1 1 1 1 1 1 1 1 1 100 100 100 100 100 7 12 10 1
ciInstanceKlass sun/reflect/DelegatingClassLoader 1 1 13 1 1 1 1 1 1 1 7 100 1 12 10
ciInstanceKlass sun/reflect/ConstantPool 1 1 106 8 7 1 1 1 1 1 1 1 1 1 1 1 1 1 1 1 1 1 1 1 1 1 1 1 1 1 1 1 1 1 1 1 1 1 1 1 1 1 1 1 1 1 1 1 1 1 1 1 1 100 7 7 1 1 1 1 1 1 1 1 1 1 1 1 1 1 1 1 1 12 12 12 12 12 12 12 12 12 12 12 12 12 12 12 12 12 9 10 10 10 10 10 10 10 10 10 10 10 10 10 10 10 10 1
instanceKlass sun/reflect/UnsafeFieldAccessorImpl
ciInstanceKlass sun/reflect/FieldAccessorImpl 1 1 56 1 1 1 1 1 1 1 1 1 1 1 1 1 1 1 1 1 1 1 1 1 1 1 1 1 1 1 1 1 1 1 1 1 1 100 100 100 100 7 1 1 1 1 1 1 1 1 1 1 1 1 1 12 10 1
instanceKlass sun/reflect/UnsafeQualifiedFieldAccessorImpl
instanceKlass sun/reflect/UnsafeIntegerFieldAccessorImpl
instanceKlass sun/reflect/UnsafeBooleanFieldAccessorImpl
instanceKlass sun/reflect/UnsafeObjectFieldAccessorImpl
instanceKlass sun/reflect/UnsafeStaticFieldAccessorImpl
ciInstanceKlass sun/reflect/UnsafeFieldAccessorImpl 1 1 229 8 8 8 8 8 8 8 8 8 8 8 8 8 8 8 8 8 8 8 8 8 8 1 1 1 1 1 1 1 1 1 1 1 1 1 1 1 1 1 1 1 1 1 1 1 1 1 1 1 1 1 1 1 1 1 1 1 1 1 1 1 1 1 1 1 1 1 1 1 1 1 1 1 1 1 1 1 1 1 1 1 1 1 1 1 1 1 1 1 1 1 1 1 1 1 1 1 1 1 1 1 1 1 1 1 1 1 1 1 1 1 1 1 1 1 1 1 1 1 100 100 100 7 100 100 100 100 100 100 7 100 100 100 7 7 7 7 7 1 1 1 1 1 1 1 1 1 1 1 1 1 1 1 1 1 1 12 12 12 12 12 12 12 12 12 12 12 12 12 12 12 12 12 12 12 12 12 12 12 12 12 12 12 12 12 12 12 12 12 12 9 9 9 9 10 10 10 10 10 10 10 10 10 10 10 10 10 10 10 10 10 10 10 10 10 10 10 10 10 10 10 10 10 10 10 10 10 1
staticfield sun/reflect/UnsafeFieldAccessorImpl unsafe Lsun/misc/Unsafe; sun/misc/Unsafe
instanceKlass sun/reflect/UnsafeQualifiedStaticFieldAccessorImpl
instanceKlass sun/reflect/UnsafeStaticObjectFieldAccessorImpl
ciInstanceKlass sun/reflect/UnsafeStaticFieldAccessorImpl 1 1 38 8 7 1 1 1 1 1 1 1 1 1 1 1 1 1 1 1 1 7 7 7 7 1 1 1 1 12 12 12 12 12 9 9 10 10 10 1
ciInstanceKlass sun/reflect/CallerSensitive 1 1 17 1 1 1 1 1 1 1 1 100 100 100 1 1 1 1 1
instanceKlass java/lang/invoke/DelegatingMethodHandle
instanceKlass java/lang/invoke/BoundMethodHandle
instanceKlass java/lang/invoke/DirectMethodHandle
ciInstanceKlass java/lang/invoke/MethodHandle 1 1 438 8 8 8 8 8 8 8 8 8 8 8 8 8 7 1 1 1 1 1 1 1 1 1 1 1 1 1 1 1 1 1 1 1 1 1 1 1 1 1 1 1 1 1 1 1 1 1 1 1 1 1 1 1 1 1 1 1 1 1 1 1 1 1 1 1 1 1 1 1 1 1 1 1 1 1 1 1 1 1 1 1 1 1 1 1 1 1 1 1 1 1 1 1 1 1 1 1 1 1 1 1 1 1 1 1 1 1 1 1 1 1 1 1 1 1 1 1 1 1 1 1 1 1 1 1 1 1 1 1 1 1 1 1 1 1 1 1 1 1 1 1 1 1 1 1 1 1 1 1 1 1 1 1 1 1 1 1 1 1 1 1 1 1 1 1 1 1 1 1 1 1 100 7 100 100 100 100 7 100 100 100 7 100 100 7 7 7 100 7 7 7 7 100 100 100 7 1 1 1 1 1 1 1 1 1 1 1 1 1 1 1 1 1 1 1 1 1 1 1 1 1 1 1 1 1 1 1 1 1 1 1 1 1 1 1 1 1 1 1 1 1 1 1 1 1 1 1 1 1 1 1 1 1 1 1 1 1 1 1 1 1 1 1 12 12 12 12 12 12 12 12 12 12 12 12 12 12 12 12 12 12 12 12 12 12 12 12 12 12 12 12 12 12 12 12 12 12 12 12 12 12 12 12 12 12 12 12 12 12 12 12 12 12 12 12 12 12 12 12 12 12 12 12 12 12 12 12 12 12 12 12 12 12 12 12 12 12 12 12 12 12 12 12 12 12 12 9 9 9 9 9 9 9 9 9 9 9 9 10 10 10 10 10 10 10 10 10 10 10 10 10 10 10 10 10 10 10 10 10 10 10 10 10 10 10 10 10 10 10 10 10 10 10 10 10 10 10 10 10 10 10 10 10 10 10 10 10 10 10 10 10 10 10 10 10 10 10 10 10 10 10 10 10 10 10 10 10 10 10 10 10 10 10 11 1 1 1
staticfield java/lang/invoke/MethodHandle FORM_OFFSET J 20
staticfield java/lang/invoke/MethodHandle $assertionsDisabled Z 1
instanceKlass java/lang/invoke/DirectMethodHandle$Constructor
instanceKlass java/lang/invoke/DirectMethodHandle$Special
instanceKlass java/lang/invoke/DirectMethodHandle$Accessor
instanceKlass java/lang/invoke/DirectMethodHandle$Interface
ciInstanceKlass java/lang/invoke/DirectMethodHandle 1 1 701 8 8 8 8 8 8 8 8 8 8 8 8 8 8 8 8 8 8 8 8 8 7 7 7 7 7 7 7 7 7 7 7 1 1 1 1 1 1 1 1 1 1 1 1 1 1 1 1 1 1 1 1 1 1 1 1 1 1 1 1 1 1 1 1 1 1 1 1 1 1 1 1 1 1 1 1 1 1 1 1 1 1 1 1 1 1 1 1 1 1 1 1 1 1 1 1 1 1 1 1 1 1 1 1 1 1 1 1 1 1 1 1 1 1 1 1 1 1 1 1 1 1 1 1 1 1 1 1 1 1 1 1 1 1 1 1 1 1 1 1 1 1 1 1 1 1 1 1 1 1 1 1 1 1 1 1 1 1 1 1 1 1 1 1 1 1 1 1 1 1 1 1 1 1 1 1 1 1 1 1 1 1 1 1 1 1 1 1 1 1 1 1 1 1 1 1 1 1 1 1 1 1 1 1 1 1 1 1 1 1 1 1 1 1 1 1 1 1 1 1 1 1 1 1 1 1 1 1 1 1 1 1 1 1 1 1 1 1 1 1 1 1 1 1 1 1 1 1 1 1 1 1 1 1 1 1 1 1 1 1 1 1 1 100 100 7 7 7 100 7 100 7 7 100 7 7 100 7 7 7 7 7 7 100 7 7 100 7 7 100 7 7 7 100 100 100 7 7 7 7 1 1 1 1 1 1 1 1 1 1 1 1 1 1 1 1 1 1 1 1 1 1 1 1 1 1 1 1 1 1 1 1 1 1 1 1 1 1 1 1 1 1 1 1 1 1 1 1 1 1 1 1 1 1 1 1 1 1 1 1 1 1 1 1 1 1 1 1 1 1 1 1 1 1 1 1 1 1 1 12 12 12 12 12 12 12 12 12 12 12 12 12 12 12 12 12 12 12 12 12 12 12 12 12 12 12 12 12 12 12 12 12 12 12 12 12 12 12 12 12 12 12 12 12 12 12 12 12 12 12 12 12 12 12 12 12 12 12 12 12 12 12 12 12 12 12 12 12 12 12 12 12 12 12 12 12 12 12 12 12 12 12 12 12 12 12 12 12 12 12 12 12 12 12 12 12 12 12 12 12 12 12 12 12 12 12 12 12 12 12 12 12 12 12 12 12 12 12 12 12 12 12 12 12 12 12 12 12 12 12 12 12 12 12 12 12 12 12 12 12 12 12 12 12 12 12 12 12 12 12 12 9 9 9 9 9 9 9 9 9 9 9 9 9 9 9 9 9 9 9 9 9 9 9 9 9 9 9 9 9 9 9 9 9 9 9 9 10 10 10 10 10 10 10 10 10 10 10 10 10 10 10 10 10 10 10 10 10 10 10 10 10 10 10 10 10 10 10 10 10 10 10 10 10 10 10 10 10 10 10 10 10 10 10 10 10 10 10 10 10 10 10 10 10 10 10 10 10 10 10 10 10 10 10 10 10 10 10 10 10 10 10 10 10 10 10 10 10 10 10 10 10 10 10 10 10 10 10 10 10 10 10 10 10 10 10 10 10 10 10 10 10 10 10 10 10 10 10 10 10 10 10 10 10 10 10 10 10 10 10 1 1 1 1 1 1 1 1 1 1
staticfield java/lang/invoke/DirectMethodHandle IMPL_NAMES Ljava/lang/invoke/MemberName$Factory; java/lang/invoke/MemberName$Factory
staticfield java/lang/invoke/DirectMethodHandle ACCESSOR_FORMS [Ljava/lang/invoke/LambdaForm; 132 [Ljava/lang/invoke/LambdaForm;
staticfield java/lang/invoke/DirectMethodHandle $assertionsDisabled Z 1
ciInstanceKlass java/lang/invoke/MemberName 1 1 642 3 3 3 3 3 3 3 3 3 3 3 8 8 8 8 8 8 8 8 8 8 8 8 8 8 8 8 8 8 8 8 8 8 8 8 8 8 8 8 8 8 8 7 7 7 100 1 1 1 1 1 1 1 1 1 1 1 1 1 1 1 1 1 1 1 1 1 1 1 1 1 1 1 1 1 1 1 1 1 1 1 1 1 1 1 1 1 1 1 1 1 1 1 1 1 1 1 1 1 1 1 1 1 1 1 1 1 1 1 1 1 1 1 1 1 1 1 1 1 1 1 1 1 1 1 1 1 1 1 1 1 1 1 1 1 1 1 1 1 1 1 1 1 1 1 1 1 1 1 1 1 1 1 1 1 1 1 1 1 1 1 1 1 1 1 1 1 1 1 1 1 1 1 1 1 1 1 1 1 1 1 1 1 1 1 1 1 1 1 1 1 1 1 1 1 1 1 1 1 1 1 1 1 1 1 1 1 1 1 1 1 1 1 1 1 1 1 1 1 1 1 1 1 1 1 1 1 1 1 1 1 1 1 1 1 1 1 1 1 1 1 1 1 1 1 1 1 1 1 1 1 1 1 1 1 1 1 1 1 1 1 1 1 1 1 1 1 1 1 1 1 1 1 1 1 1 1 3 3 3 3 3 3 3 3 7 7 100 100 100 7 7 100 100 100 100 100 100 100 100 100 7 100 7 7 7 7 7 100 7 7 100 100 100 100 7 100 100 100 7 7 7 100 7 1 1 1 1 1 1 1 1 1 1 1 1 1 1 1 1 1 1 1 1 1 1 1 1 1 1 1 1 1 1 1 1 1 1 1 1 1 1 1 1 1 1 1 1 1 1 1 1 1 1 1 1 1 1 1 1 1 1 1 1 1 1 1 1 12 12 12 12 12 12 12 12 12 12 12 12 12 12 12 12 12 12 12 12 12 12 12 12 12 12 12 12 12 12 12 12 12 12 12 12 12 12 12 12 12 12 12 12 12 12 12 12 12 12 12 12 12 12 12 12 12 12 12 12 12 12 12 12 12 12 12 12 12 12 12 12 12 12 12 12 12 12 12 12 12 12 12 12 12 12 12 12 12 12 12 12 12 12 12 12 12 12 12 12 12 12 12 12 12 12 12 12 12 12 12 12 12 9 9 9 9 9 9 9 9 9 9 10 10 10 10 10 10 10 10 10 10 10 10 10 10 10 10 10 10 10 10 10 10 10 10 10 10 10 10 10 10 10 10 10 10 10 10 10 10 10 10 10 10 10 10 10 10 10 10 10 10 10 10 10 10 10 10 10 10 10 10 10 10 10 10 10 10 10 10 10 10 10 10 10 10 10 10 10 10 10 10 10 10 10 10 10 10 10 10 10 10 10 10 10 10 10 10 10 10 10 10 10 10 10 10 10 10 10 10 10 10 10 10 10 10 10 10 10 10 10 10 10 10 10 10 10 10 1 1 1 1
staticfield java/lang/invoke/MemberName $assertionsDisabled Z 1
ciInstanceKlass java/lang/invoke/MethodHandleNatives 1 1 427 8 8 8 8 8 8 8 8 8 8 8 8 8 8 8 8 8 8 8 8 8 8 8 8 8 8 8 8 100 100 7 7 100 1 1 1 1 1 1 1 1 1 1 1 1 1 1 1 1 1 1 1 1 1 1 1 1 1 1 1 1 1 1 1 1 1 1 1 1 1 1 1 1 1 1 1 1 1 1 1 1 1 1 1 1 1 1 1 1 1 1 1 1 1 1 1 1 1 1 1 1 1 1 1 1 1 1 1 1 1 1 1 1 1 1 1 1 1 1 1 1 1 1 1 1 1 1 1 1 1 1 1 1 1 1 1 1 1 1 1 1 1 1 1 1 1 1 1 1 1 1 1 1 1 1 1 1 1 1 1 1 1 1 1 1 1 1 1 1 1 1 1 1 1 1 1 1 1 1 1 1 1 1 1 1 1 1 1 1 1 1 1 1 1 1 1 1 1 1 1 100 100 100 100 7 100 100 100 100 100 100 100 100 100 100 100 100 100 7 100 7 100 100 100 7 7 7 7 7 7 100 7 7 100 100 1 1 1 1 1 1 1 1 1 1 1 1 1 1 1 1 1 1 1 1 1 1 1 1 1 1 1 1 1 1 1 1 1 1 1 1 1 1 1 1 1 1 1 1 1 1 1 12 12 12 12 12 12 12 12 12 12 12 12 12 12 12 12 12 12 12 12 12 12 12 12 12 12 12 12 12 12 12 12 12 12 12 12 12 12 12 12 12 12 12 12 12 12 12 12 12 12 12 12 12 12 12 12 12 12 12 12 12 12 12 12 9 9 9 9 9 9 10 10 10 10 10 10 10 10 10 10 10 10 10 10 10 10 10 10 10 10 10 10 10 10 10 10 10 10 10 10 10 10 10 10 10 10 10 10 10 10 10 10 10 10 10 10 10 10 10 10 10 10 10 10 10 10 10 10 10 10 10 10 10 10 10 10 10 10 10 10 10 1 1 1
staticfield java/lang/invoke/MethodHandleNatives COUNT_GWT Z 1
staticfield java/lang/invoke/MethodHandleNatives $assertionsDisabled Z 1
ciInstanceKlass java/lang/invoke/LambdaForm 1 1 967 8 8 8 8 8 8 8 8 8 8 8 8 8 8 8 8 8 8 8 8 8 8 8 8 8 8 8 8 8 8 8 8 8 8 8 8 8 8 8 8 8 8 8 8 8 8 8 8 8 8 8 8 8 8 100 7 7 1 1 1 1 1 1 1 1 1 1 1 1 1 1 1 1 1 1 1 1 1 1 1 1 1 1 1 1 1 1 1 1 1 1 1 1 1 1 1 1 1 1 1 1 1 1 1 1 1 1 1 1 1 1 1 1 1 1 1 1 1 1 1 1 1 1 1 1 1 1 1 1 1 1 1 1 1 1 1 1 1 1 1 1 1 1 1 1 1 1 1 1 1 1 1 1 1 1 1 1 1 1 1 1 1 1 1 1 1 1 1 1 1 1 1 1 1 1 1 1 1 1 1 1 1 1 1 1 1 1 1 1 1 1 1 1 1 1 1 1 1 1 1 1 1 1 1 1 1 1 1 1 1 1 1 1 1 1 1 1 1 1 1 1 1 1 1 1 1 1 1 1 1 1 1 1 1 1 1 1 1 1 1 1 1 1 1 1 1 1 1 1 1 1 1 1 1 1 1 1 1 1 1 1 1 1 1 1 1 1 1 1 1 1 1 1 1 1 1 1 1 1 1 1 1 1 1 1 1 1 1 1 1 1 1 1 1 1 1 1 1 1 1 1 1 1 1 1 1 1 1 1 1 1 1 1 1 1 1 1 1 1 1 1 1 1 1 1 1 1 1 1 1 1 1 1 1 1 1 1 1 1 1 1 1 1 1 1 1 1 1 1 1 1 1 1 1 1 1 1 1 1 1 1 1 1 1 1 1 1 1 1 1 1 1 1 1 1 1 1 1 1 1 1 1 1 1 1 1 1 1 1 1 1 1 1 1 1 1 1 3 3 3 3 8 100 100 100 100 7 7 100 100 100 7 100 100 100 100 100 100 100 100 7 7 7 100 7 7 100 100 100 7 100 7 100 100 7 7 7 7 7 100 100 7 7 7 7 100 100 7 7 7 1 1 1 1 1 1 1 1 1 1 1 1 1 1 1 1 1 1 1 1 1 1 1 1 1 1 1 1 1 1 1 1 1 1 1 1 1 1 1 1 1 1 1 1 1 1 1 1 1 1 1 1 1 1 1 1 1 1 1 1 1 1 1 1 1 1 1 1 1 1 1 1 1 1 1 1 1 1 1 1 1 1 1 1 1 1 1 1 1 1 1 1 1 1 1 1 1 1 1 1 1 1 1 1 1 1 1 1 1 1 1 1 1 1 12 12 12 12 12 12 12 12 12 12 12 12 12 12 12 12 12 12 12 12 12 12 12 12 12 12 12 12 12 12 12 12 12 12 12 12 12 12 12 12 12 12 12 12 12 12 12 12 12 12 12 12 12 12 12 12 12 12 12 12 12 12 12 12 12 12 12 12 12 12 12 12 12 12 12 12 12 12 12 12 12 12 12 12 12 12 12 12 12 12 12 12 12 12 12 12 12 12 12 12 12 12 12 12 12 12 12 12 12 12 12 12 12 12 12 12 12 12 12 12 12 12 12 12 12 12 12 12 12 12 12 12 12 12 12 12 12 12 12 12 12 12 12 12 12 12 12 12 12 12 12 12 12 12 12 12 12 12 12 12 12 12 12 12 12 12 12 12 12 12 12 12 12 12 12 12 12 12 12 12 12 12 12 12 12 12 12 12 12 12 12 9 9 9 9 9 9 9 9 9 9 9 9 9 9 9 9 9 9 9 9 9 9 9 9 9 9 9 9 9 9 9 9 9 9 9 9 9 9 9 9 10 10 10 10 10 10 10 10 10 10 10 10 10 10 10 10 10 10 10 10 10 10 10 10 10 10 10 10 10 10 10 10 10 10 10 10 10 10 10 10 10 10 10 10 10 10 10 10 10 10 10 10 10 10 10 10 10 10 10 10 10 10 10 10 10 10 10 10 10 10 10 10 10 10 10 10 10 10 10 10 10 10 10 10 10 10 10 10 10 10 10 10 10 10 10 10 10 10 10 10 10 10 10 10 10 10 10 10 10 10 10 10 10 10 10 10 10 10 10 10 10 10 10 10 10 10 10 10 10 10 10 10 10 10 10 10 10 10 10 10 10 10 10 10 10 10 10 10 10 10 10 10 10 10 10 10 10 10 10 10 11 11 11 11 11 1 1 1 1 1 1
staticfield java/lang/invoke/LambdaForm COMPILE_THRESHOLD I 0
staticfield java/lang/invoke/LambdaForm INTERNED_ARGUMENTS [[Ljava/lang/invoke/LambdaForm$Name; 5 [[Ljava/lang/invoke/LambdaForm$Name;
staticfield java/lang/invoke/LambdaForm IMPL_NAMES Ljava/lang/invoke/MemberName$Factory; java/lang/invoke/MemberName$Factory
staticfield java/lang/invoke/LambdaForm LF_identityForm [Ljava/lang/invoke/LambdaForm; 6 [Ljava/lang/invoke/LambdaForm;
staticfield java/lang/invoke/LambdaForm LF_zeroForm [Ljava/lang/invoke/LambdaForm; 6 [Ljava/lang/invoke/LambdaForm;
staticfield java/lang/invoke/LambdaForm NF_identity [Ljava/lang/invoke/LambdaForm$NamedFunction; 6 [Ljava/lang/invoke/LambdaForm$NamedFunction;
staticfield java/lang/invoke/LambdaForm NF_zero [Ljava/lang/invoke/LambdaForm$NamedFunction; 6 [Ljava/lang/invoke/LambdaForm$NamedFunction;
staticfield java/lang/invoke/LambdaForm DEBUG_NAME_COUNTERS Ljava/util/HashMap; null
staticfield java/lang/invoke/LambdaForm TRACE_INTERPRETER Z 0
staticfield java/lang/invoke/LambdaForm $assertionsDisabled Z 1
ciInstanceKlass java/lang/invoke/MethodType 1 1 593 8 8 8 8 8 8 8 8 8 8 8 8 7 7 7 7 1 1 1 1 1 1 1 1 1 1 1 1 1 1 1 1 1 1 1 1 1 1 1 1 1 1 1 1 1 1 1 1 1 1 1 1 1 1 1 1 1 1 1 1 1 1 1 1 1 1 1 1 1 1 1 1 1 1 1 1 1 1 1 1 1 1 1 1 1 1 1 1 1 1 1 1 1 1 1 1 1 1 1 1 1 1 1 1 1 1 1 1 1 1 1 1 1 1 1 1 1 1 1 1 1 1 1 1 1 1 1 1 1 1 1 1 1 1 1 1 1 1 1 1 1 1 1 1 1 1 1 1 1 1 1 1 1 1 1 1 1 1 1 1 1 1 1 1 1 1 1 1 1 1 1 1 1 1 1 1 1 1 1 1 1 1 1 1 1 1 1 1 1 1 1 1 1 1 1 1 1 1 1 1 1 1 1 1 1 1 1 1 1 1 1 1 1 1 1 3 3 3 5 0 7 100 100 100 7 100 100 7 100 7 100 100 100 100 100 7 7 7 7 100 100 7 7 7 7 7 7 7 7 7 7 100 100 7 1 1 1 1 1 1 1 1 1 1 1 1 1 1 1 1 1 1 1 1 1 1 1 1 1 1 1 1 1 1 1 1 1 1 1 1 1 1 1 1 1 1 1 1 1 1 1 1 1 1 1 1 1 1 1 1 1 1 1 1 1 1 1 1 1 1 1 1 1 1 1 1 1 1 1 1 1 1 1 1 1 1 1 1 1 1 1 1 1 1 1 1 1 1 1 1 1 1 1 1 1 1 1 1 12 12 12 12 12 12 12 12 12 12 12 12 12 12 12 12 12 12 12 12 12 12 12 12 12 12 12 12 12 12 12 12 12 12 12 12 12 12 12 12 12 12 12 12 12 12 12 12 12 12 12 12 12 12 12 12 12 12 12 12 12 12 12 12 12 12 12 12 12 12 12 12 12 12 12 12 12 12 12 12 12 12 12 12 12 12 12 12 12 12 12 12 12 12 12 12 12 12 12 12 12 12 12 12 12 12 12 12 12 12 12 12 9 9 9 9 9 9 9 9 9 9 9 9 9 9 9 9 9 9 10 10 10 10 10 10 10 10 10 10 10 10 10 10 10 10 10 10 10 10 10 10 10 10 10 10 10 10 10 10 10 10 10 10 10 10 10 10 10 10 10 10 10 10 10 10 10 10 10 10 10 10 10 10 10 10 10 10 10 10 10 10 10 10 10 10 10 10 10 10 10 10 10 10 10 10 10 10 10 10 10 10 10 10 10 10 10 10 10 10 10 10 10 10 10 10 10 10 11 11 11 11 1 1
staticfield java/lang/invoke/MethodType internTable Ljava/lang/invoke/MethodType$ConcurrentWeakInternSet; java/lang/invoke/MethodType$ConcurrentWeakInternSet
staticfield java/lang/invoke/MethodType NO_PTYPES [Ljava/lang/Class; 0 [Ljava/lang/Class;
staticfield java/lang/invoke/MethodType objectOnlyTypes [Ljava/lang/invoke/MethodType; 20 [Ljava/lang/invoke/MethodType;
staticfield java/lang/invoke/MethodType serialPersistentFields [Ljava/io/ObjectStreamField; 0 [Ljava/io/ObjectStreamField;
staticfield java/lang/invoke/MethodType rtypeOffset J 12
staticfield java/lang/invoke/MethodType ptypesOffset J 16
staticfield java/lang/invoke/MethodType $assertionsDisabled Z 1
ciInstanceKlass java/lang/BootstrapMethodError 0 0 38 1 1 1 1 1 1 1 1 1 1 1 1 1 1 1 1 1 1 5 0 100 100 100 100 1 1 12 12 12 12 12 10 10 10 10 10 1
instanceKlass java/lang/invoke/VolatileCallSite
instanceKlass java/lang/invoke/MutableCallSite
instanceKlass java/lang/invoke/ConstantCallSite
ciInstanceKlass java/lang/invoke/CallSite 1 1 311 8 8 8 8 8 8 8 8 7 7 7 7 1 1 1 1 1 1 1 1 1 1 1 1 1 1 1 1 1 1 1 1 1 1 1 1 1 1 1 1 1 1 1 1 1 1 1 1 1 1 1 1 1 1 1 1 1 1 1 1 1 1 1 1 1 1 1 1 1 1 1 1 1 1 1 1 1 1 1 1 1 1 1 1 1 1 1 1 1 1 1 1 1 1 1 1 1 1 1 1 1 1 1 1 1 1 1 1 1 1 1 1 1 1 1 1 1 1 100 7 100 100 100 100 7 100 100 100 100 100 100 7 100 7 100 7 7 100 100 7 1 1 1 1 1 1 1 1 1 1 1 1 1 1 1 1 1 1 1 1 1 1 1 1 1 1 1 1 1 1 1 1 1 1 1 1 1 1 1 1 1 1 1 12 12 12 12 12 12 12 12 12 12 12 12 12 12 12 12 12 12 12 12 12 12 12 12 12 12 12 12 12 12 12 12 12 12 12 12 12 12 12 12 12 12 12 12 12 12 12 12 12 12 12 12 12 12 12 12 12 12 12 12 9 9 9 9 9 9 10 10 10 10 10 10 10 10 10 10 10 10 10 10 10 10 10 10 10 10 10 10 10 10 10 10 10 10 10 10 10 10 10 10 10 10 10 10 10 10 10 10 10 10 10 10 10 10 10 10 10 10 10 10 10 10 10 10 10 1 1
staticfield java/lang/invoke/CallSite GET_TARGET Ljava/lang/invoke/MethodHandle; java/lang/invoke/DirectMethodHandle
staticfield java/lang/invoke/CallSite THROW_UCS Ljava/lang/invoke/MethodHandle; java/lang/invoke/MethodHandleImpl$AsVarargsCollector
staticfield java/lang/invoke/CallSite TARGET_OFFSET J 12
ciInstanceKlass java/lang/invoke/ConstantCallSite 1 1 42 1 1 1 1 1 1 1 1 1 1 1 1 1 1 1 1 1 1 1 1 100 100 100 7 7 1 1 12 12 12 12 12 12 9 9 10 10 10 10 10 1
ciInstanceKlass java/lang/invoke/MutableCallSite 0 0 57 1 1 1 1 1 1 1 1 1 1 1 1 1 1 1 1 1 1 1 1 1 1 1 1 1 100 100 100 100 1 1 1 1 1 1 12 12 12 12 12 12 12 12 12 12 9 9 10 10 10 10 10 10 10 10 1
ciInstanceKlass java/lang/invoke/VolatileCallSite 0 0 33 1 1 1 1 1 1 1 1 1 1 1 1 1 1 100 100 1 1 1 12 12 12 12 12 12 10 10 10 10 10 10 1
instanceKlass java/lang/StringBuilder
instanceKlass java/lang/StringBuffer
ciInstanceKlass java/lang/AbstractStringBuilder 1 1 318 3 3 3 8 8 8 8 8 8 8 8 8 8 8 8 8 1 1 1 1 1 1 1 1 1 1 1 1 1 1 1 1 1 1 1 1 1 1 1 1 1 1 1 1 1 1 1 1 1 1 1 1 1 1 1 1 1 1 1 1 1 1 1 1 1 1 1 1 1 1 1 1 1 1 1 1 1 1 1 1 1 1 1 1 1 1 1 1 1 1 1 1 1 1 1 1 1 1 1 1 1 1 1 1 1 1 1 1 1 1 1 1 1 1 1 1 1 1 1 1 1 1 1 1 1 1 1 1 1 1 1 1 5 0 100 7 100 7 100 100 100 7 7 7 100 7 100 100 100 7 7 7 1 1 1 1 1 1 1 1 1 1 1 1 1 1 1 1 1 1 1 1 1 1 1 1 1 1 1 1 1 1 1 1 1 1 1 1 1 1 1 1 1 1 1 12 12 12 12 12 12 12 12 12 12 12 12 12 12 12 12 12 12 12 12 12 12 12 12 12 12 12 12 12 12 12 12 12 12 12 12 12 12 12 12 12 12 12 12 12 12 12 12 12 12 12 12 12 12 12 9 9 10 10 10 10 10 10 10 10 10 10 10 10 10 10 10 10 10 10 10 10 10 10 10 10 10 10 10 10 10 10 10 10 10 10 10 10 10 10 10 10 10 10 10 10 10 10 10 10 10 10 10 10 10 10 10 10 10 10 10 10 10 10 11 11 1
ciInstanceKlass java/lang/StringBuffer 1 1 371 8 8 8 7 1 1 1 1 1 1 1 1 1 1 1 1 1 1 1 1 1 1 1 1 1 1 1 1 1 1 1 1 1 1 1 1 1 1 1 1 1 1 1 1 1 1 1 1 1 1 1 1 1 1 1 1 1 1 1 1 1 1 1 1 1 1 1 1 1 1 1 1 1 1 1 1 1 1 1 1 1 1 1 1 1 1 1 1 1 1 1 1 1 5 0 100 100 100 100 100 7 100 7 7 100 100 7 7 7 100 7 1 1 1 1 1 1 1 1 1 1 1 1 1 1 1 1 1 1 1 1 1 1 1 1 1 1 1 1 1 1 1 1 1 1 1 1 1 1 1 1 1 1 1 1 1 1 1 1 1 1 1 1 1 1 1 1 1 1 1 1 1 1 1 1 1 1 1 1 12 12 12 12 12 12 12 12 12 12 12 12 12 12 12 12 12 12 12 12 12 12 12 12 12 12 12 12 12 12 12 12 12 12 12 12 12 12 12 12 12 12 12 12 12 12 12 12 12 12 12 12 12 12 12 12 12 12 12 12 12 12 12 12 12 12 12 12 12 12 12 12 12 12 12 12 12 12 12 12 12 12 12 12 12 12 12 12 12 12 12 9 9 9 9 9 9 10 10 10 10 10 10 10 10 10 10 10 10 10 10 10 10 10 10 10 10 10 10 10 10 10 10 10 10 10 10 10 10 10 10 10 10 10 10 10 10 10 10 10 10 10 10 10 10 10 10 10 10 10 10 10 10 10 10 10 10 10 10 10 10 10 10 10 10 10 10 10 10 10 10 10 10 10 10 10 10 10 10 10 10 10 10 10 10 10 10 11 1 1 1
staticfield java/lang/StringBuffer serialPersistentFields [Ljava/io/ObjectStreamField; 3 [Ljava/io/ObjectStreamField;
ciInstanceKlass java/lang/StringBuilder 1 1 326 1 1 1 1 1 1 1 1 1 1 1 1 1 1 1 1 1 1 1 1 1 1 1 1 1 1 1 1 1 1 1 1 1 1 1 1 1 1 1 1 1 1 1 1 1 1 1 1 1 1 1 1 1 1 1 1 1 1 1 1 1 1 1 1 1 1 1 1 1 5 0 100 100 100 100 100 7 7 100 7 7 1 1 1 1 1 1 1 1 1 1 1 1 1 1 1 1 1 1 1 1 1 1 1 1 1 1 1 1 1 1 1 1 1 1 1 1 1 1 1 1 1 1 1 1 1 1 1 1 1 1 1 1 1 1 1 1 1 1 1 1 1 1 12 12 12 12 12 12 12 12 12 12 12 12 12 12 12 12 12 12 12 12 12 12 12 12 12 12 12 12 12 12 12 12 12 12 12 12 12 12 12 12 12 12 12 12 12 12 12 12 12 12 12 12 12 12 12 12 12 12 12 12 12 12 12 12 12 12 12 12 12 12 12 12 12 12 12 12 12 12 12 12 12 12 12 12 12 12 12 12 12 9 9 10 10 10 10 10 10 10 10 10 10 10 10 10 10 10 10 10 10 10 10 10 10 10 10 10 10 10 10 10 10 10 10 10 10 10 10 10 10 10 10 10 10 10 10 10 10 10 10 10 10 10 10 10 10 10 10 10 10 10 10 10 10 10 10 10 10 10 10 10 10 10 10 10 10 10 10 10 10 10 10 10 10 10 10 10 10 10 10 10 11 1
ciInstanceKlass sun/misc/Unsafe 1 1 389 8 8 7 7 7 7 7 7 7 7 7 7 1 1 1 1 1 1 1 1 1 1 1 1 1 1 1 1 1 1 1 1 1 1 1 1 1 1 1 1 1 1 1 1 1 1 1 1 1 1 1 1 1 1 1 1 1 1 1 1 1 1 1 1 1 1 1 1 1 1 1 1 1 1 1 1 1 1 1 1 1 1 1 1 1 1 1 1 1 1 1 1 1 1 1 1 1 1 1 1 1 1 1 1 1 1 1 1 1 1 1 1 1 1 1 1 1 1 1 1 1 1 1 1 1 1 1 1 1 1 1 1 1 1 1 1 1 1 1 1 1 1 1 1 1 1 1 1 1 1 1 1 1 1 1 1 1 1 1 1 1 1 1 1 1 1 1 1 1 1 1 1 1 1 1 1 1 1 1 1 3 100 7 100 7 7 100 7 100 100 7 7 1 1 1 1 1 1 1 1 1 1 1 1 1 1 1 1 1 1 1 1 1 1 1 1 1 1 1 1 1 1 1 1 1 1 1 1 1 1 1 1 1 1 1 1 1 1 1 1 1 1 1 1 1 1 1 1 1 1 1 1 1 1 1 1 1 1 1 1 1 12 12 12 12 12 12 12 12 12 12 12 12 12 12 12 12 12 12 12 12 12 12 12 12 12 12 12 12 12 12 12 12 12 12 12 12 12 12 12 12 12 12 12 12 12 12 12 12 12 12 12 12 12 12 12 12 12 12 12 12 12 12 9 9 9 9 9 9 9 9 9 9 9 9 9 9 9 9 9 9 9 9 10 10 10 10 10 10 10 10 10 10 10 10 10 10 10 10 10 10 10 10 10 10 10 10 10 10 10 10 10 10 10 10 10 10 10 10 10 10 10 10 10 10 10 10 1
staticfield sun/misc/Unsafe theUnsafe Lsun/misc/Unsafe; sun/misc/Unsafe
staticfield sun/misc/Unsafe ARRAY_BOOLEAN_BASE_OFFSET I 16
staticfield sun/misc/Unsafe ARRAY_BYTE_BASE_OFFSET I 16
staticfield sun/misc/Unsafe ARRAY_SHORT_BASE_OFFSET I 16
staticfield sun/misc/Unsafe ARRAY_CHAR_BASE_OFFSET I 16
staticfield sun/misc/Unsafe ARRAY_INT_BASE_OFFSET I 16
staticfield sun/misc/Unsafe ARRAY_LONG_BASE_OFFSET I 16
staticfield sun/misc/Unsafe ARRAY_FLOAT_BASE_OFFSET I 16
staticfield sun/misc/Unsafe ARRAY_DOUBLE_BASE_OFFSET I 16
staticfield sun/misc/Unsafe ARRAY_OBJECT_BASE_OFFSET I 16
staticfield sun/misc/Unsafe ARRAY_BOOLEAN_INDEX_SCALE I 1
staticfield sun/misc/Unsafe ARRAY_BYTE_INDEX_SCALE I 1
staticfield sun/misc/Unsafe ARRAY_SHORT_INDEX_SCALE I 2
staticfield sun/misc/Unsafe ARRAY_CHAR_INDEX_SCALE I 2
staticfield sun/misc/Unsafe ARRAY_INT_INDEX_SCALE I 4
staticfield sun/misc/Unsafe ARRAY_LONG_INDEX_SCALE I 8
staticfield sun/misc/Unsafe ARRAY_FLOAT_INDEX_SCALE I 4
staticfield sun/misc/Unsafe ARRAY_DOUBLE_INDEX_SCALE I 8
staticfield sun/misc/Unsafe ARRAY_OBJECT_INDEX_SCALE I 4
staticfield sun/misc/Unsafe ADDRESS_SIZE I 8
instanceKlass com/fasterxml/jackson/core/io/MergedStream
instanceKlass org/apache/commons/io/input/ClosedInputStream
instanceKlass sun/java2d/cmm/ProfileDeferralInfo
instanceKlass com/sun/imageio/plugins/common/InputStreamAdapter
instanceKlass java/io/SequenceInputStream
instanceKlass com/mysql/jdbc/util/ReadAheadInputStream
instanceKlass com/mysql/jdbc/CompressedInputStream
instanceKlass sun/nio/ch/ChannelInputStream
instanceKlass javax/servlet/ServletInputStream
instanceKlass org/apache/catalina/webresources/AbstractArchiveResource$JarInputStreamWrapper
instanceKlass org/apache/catalina/webresources/TrackedInputStream
instanceKlass sun/security/ssl/AppInputStream
instanceKlass java/util/jar/JarVerifier$VerifierStream
instanceKlass com/sun/org/apache/xerces/internal/impl/XMLEntityManager$RewindableInputStream
instanceKlass java/io/ObjectInputStream$PeekInputStream
instanceKlass java/io/ObjectInputStream$BlockDataInputStream
instanceKlass java/io/ObjectInputStream
instanceKlass java/util/zip/ZipFile$ZipFileInputStream
instanceKlass java/io/FilterInputStream
instanceKlass java/io/FileInputStream
instanceKlass java/io/ByteArrayInputStream
ciInstanceKlass java/io/InputStream 1 1 61 8 1 1 1 1 1 1 1 1 1 1 1 1 1 1 1 1 1 1 1 1 1 1 1 1 1 1 1 1 1 1 1 1 1 1 1 3 5 0 100 100 7 7 100 7 100 7 12 12 12 12 12 10 10 10 10 10 10 10 1
instanceKlass sun/security/ssl/InputRecord
instanceKlass sun/security/util/DerInputBuffer
ciInstanceKlass java/io/ByteArrayInputStream 1 1 62 1 1 1 1 1 1 1 1 1 1 1 1 1 1 1 1 1 1 1 1 1 1 1 1 1 1 1 1 1 1 1 1 1 1 1 1 7 100 7 100 7 100 7 1 12 12 12 12 12 12 12 9 9 9 9 10 10 10 10 10 1
ciInstanceKlass java/io/File 1 1 578 8 8 8 8 8 8 8 8 8 8 8 8 8 8 8 8 8 8 8 7 1 1 1 1 1 1 1 1 1 1 1 1 1 1 1 1 1 1 1 1 1 1 1 1 1 1 1 1 1 1 1 1 1 1 1 1 1 1 1 1 1 1 1 1 1 1 1 1 1 1 1 1 1 1 1 1 1 1 1 1 1 1 1 1 1 1 1 1 1 1 1 1 1 1 1 1 1 1 1 1 1 1 1 1 1 1 1 1 1 1 1 1 1 1 1 1 1 1 1 1 1 1 1 1 1 1 1 1 1 1 1 1 1 1 1 1 1 1 1 1 1 1 1 1 1 1 1 1 1 1 1 1 1 1 1 1 1 1 1 1 1 1 1 1 1 1 1 1 1 1 1 1 1 1 1 1 1 1 1 1 1 1 1 1 1 1 1 1 1 1 1 1 1 1 1 1 1 1 1 1 1 1 1 1 1 1 1 1 1 1 1 1 1 1 1 1 1 1 1 1 1 1 1 1 1 1 1 1 1 1 1 1 1 1 1 1 1 5 0 100 7 7 7 7 100 100 7 7 100 100 100 100 100 100 7 100 100 100 100 100 7 100 100 100 100 7 7 7 100 100 7 100 100 7 7 100 7 7 7 1 1 1 1 1 1 1 1 1 1 1 1 1 1 1 1 1 1 1 1 1 1 1 1 1 1 1 1 1 1 1 1 1 1 1 1 1 1 1 1 1 1 1 1 1 1 1 1 1 1 1 1 1 1 12 12 12 12 12 12 12 12 12 12 12 12 12 12 12 12 12 12 12 12 12 12 12 12 12 12 12 12 12 12 12 12 12 12 12 12 12 12 12 12 12 12 12 12 12 12 12 12 12 12 12 12 12 12 12 12 12 12 12 12 12 12 12 12 12 12 12 12 12 12 12 12 12 12 12 12 12 12 12 12 12 12 12 12 12 12 12 12 12 12 12 12 12 12 12 12 12 12 12 12 12 12 12 12 12 12 12 12 12 12 12 12 12 12 9 9 9 9 9 9 9 9 9 9 9 9 9 9 9 10 10 10 10 10 10 10 10 10 10 10 10 10 10 10 10 10 10 10 10 10 10 10 10 10 10 10 10 10 10 10 10 10 10 10 10 10 10 10 10 10 10 10 10 10 10 10 10 10 10 10 10 10 10 10 10 10 10 10 10 10 10 10 10 10 10 10 10 10 10 10 10 10 10 10 10 10 10 10 10 10 10 10 10 10 10 10 10 10 10 10 10 10 10 10 10 10 10 10 10 10 10 10 10 10 10 11 11 11 11 11 1 1 1 1
staticfield java/io/File fs Ljava/io/FileSystem; java/io/WinNTFileSystem
staticfield java/io/File separatorChar C 92
staticfield java/io/File separator Ljava/lang/String; "\"
staticfield java/io/File pathSeparatorChar C 59
staticfield java/io/File pathSeparator Ljava/lang/String; ";"
staticfield java/io/File PATH_OFFSET J 16
staticfield java/io/File PREFIX_LENGTH_OFFSET J 12
staticfield java/io/File UNSAFE Lsun/misc/Unsafe; sun/misc/Unsafe
staticfield java/io/File $assertionsDisabled Z 1
instanceKlass org/apache/catalina/loader/WebappClassLoaderBase
instanceKlass sun/misc/Launcher$ExtClassLoader
instanceKlass sun/misc/Launcher$AppClassLoader
ciInstanceKlass java/net/URLClassLoader 1 1 521 8 8 8 8 8 8 8 8 8 8 8 8 1 1 1 1 1 1 1 1 1 1 1 1 1 1 1 1 1 1 1 1 1 1 1 1 1 1 1 1 1 1 1 1 1 1 1 1 1 1 1 1 1 1 1 1 1 1 1 1 1 1 1 1 1 1 1 1 1 1 1 1 1 1 1 1 1 1 1 1 1 1 1 1 1 1 1 1 1 1 1 1 1 1 1 1 1 1 1 1 1 1 1 1 1 1 1 1 1 1 1 1 1 1 1 1 1 1 1 1 1 1 1 1 1 1 1 1 1 1 1 1 1 1 1 1 1 1 1 1 1 1 1 1 1 1 1 1 1 1 1 1 1 1 1 1 1 1 1 1 1 1 1 1 1 1 1 1 1 1 1 1 1 1 1 1 1 1 1 1 1 1 1 1 1 1 1 1 1 1 1 1 1 100 100 7 7 7 100 100 7 7 7 7 100 7 100 100 100 7 7 7 100 7 100 7 7 7 7 7 100 100 100 7 7 100 100 100 7 7 7 7 100 7 100 100 100 7 7 7 100 7 7 7 7 7 100 100 1 1 1 1 1 1 1 1 1 1 1 1 1 1 1 1 1 1 1 1 1 1 1 1 1 1 1 1 1 1 1 1 1 1 1 1 1 1 1 1 1 1 1 1 1 1 1 1 1 1 1 1 1 1 1 1 1 1 1 1 1 1 1 1 1 1 1 1 1 12 12 12 12 12 12 12 12 12 12 12 12 12 12 12 12 12 12 12 12 12 12 12 12 12 12 12 12 12 12 12 12 12 12 12 12 12 12 12 12 12 12 12 12 12 12 12 12 12 12 12 12 12 12 12 12 12 12 12 12 12 12 12 12 12 12 12 12 12 12 12 12 12 12 12 12 12 12 12 12 12 12 12 12 12 12 12 12 12 12 12 12 12 12 12 12 12 9 9 9 9 9 9 9 9 9 9 9 9 10 10 10 10 10 10 10 10 10 10 10 10 10 10 10 10 10 10 10 10 10 10 10 10 10 10 10 10 10 10 10 10 10 10 10 10 10 10 10 10 10 10 10 10 10 10 10 10 10 10 10 10 10 10 10 10 10 10 10 10 10 10 10 10 10 10 10 10 10 10 10 10 10 10 10 10 10 10 10 10 10 10 10 10 10 10 11 11 11 11 11 11 11 11
ciInstanceKlass java/net/URL 1 1 550 8 8 8 8 8 8 8 8 8 8 8 8 8 8 8 8 8 8 8 8 8 8 8 8 8 7 1 1 1 1 1 1 1 1 1 1 1 1 1 1 1 1 1 1 1 1 1 1 1 1 1 1 1 1 1 1 1 1 1 1 1 1 1 1 1 1 1 1 1 1 1 1 1 1 1 1 1 1 1 1 1 1 1 1 1 1 1 1 1 1 1 1 1 1 1 1 1 1 1 1 1 1 1 1 1 1 1 1 1 1 1 1 1 1 1 1 1 1 1 1 1 1 1 1 1 1 1 1 1 1 1 1 1 1 1 1 1 1 1 1 1 1 1 1 1 1 1 1 1 1 1 1 1 1 1 1 1 1 1 1 1 1 1 1 1 1 1 1 1 1 1 1 1 1 1 1 1 1 1 1 1 1 1 1 1 1 1 1 1 1 1 1 1 1 1 1 1 1 1 1 1 1 1 1 1 1 1 1 1 1 1 1 1 1 1 1 1 1 1 1 1 1 1 5 0 7 100 100 100 100 100 7 100 7 7 7 7 100 7 100 7 7 100 7 7 100 100 100 7 7 100 100 7 7 7 7 7 7 100 7 7 7 100 7 100 1 1 1 1 1 1 1 1 1 1 1 1 1 1 1 1 1 1 1 1 1 1 1 1 1 1 1 1 1 1 1 1 1 1 1 1 1 1 1 1 1 1 1 1 1 1 1 1 1 1 1 1 1 12 12 12 12 12 12 12 12 12 12 12 12 12 12 12 12 12 12 12 12 12 12 12 12 12 12 12 12 12 12 12 12 12 12 12 12 12 12 12 12 12 12 12 12 12 12 12 12 12 12 12 12 12 12 12 12 12 12 12 12 12 12 12 12 12 12 12 12 12 12 12 12 12 12 12 12 12 12 12 12 12 12 12 12 12 12 12 12 12 12 12 12 12 12 12 12 12 12 12 12 12 12 12 12 12 12 12 12 9 9 9 9 9 9 9 9 9 9 9 9 9 9 9 9 9 9 9 9 9 10 10 10 10 10 10 10 10 10 10 10 10 10 10 10 10 10 10 10 10 10 10 10 10 10 10 10 10 10 10 10 10 10 10 10 10 10 10 10 10 10 10 10 10 10 10 10 10 10 10 10 10 10 10 10 10 10 10 10 10 10 10 10 10 10 10 10 10 10 10 10 10 10 10 10 10 10 10 10 10 10 10 10 10 10 10 10 10 10 10 10 10 10 10 10 10 10 10 10 10 11 1
staticfield java/net/URL serialPersistentFields [Ljava/io/ObjectStreamField; 7 [Ljava/io/ObjectStreamField;
ciInstanceKlass java/util/jar/Manifest 1 1 230 8 8 8 8 8 8 1 1 1 1 1 1 1 1 1 1 1 1 1 1 1 1 1 1 1 1 1 1 1 1 1 1 1 1 1 1 1 1 1 1 1 1 1 1 1 1 1 1 1 1 1 1 1 1 1 1 1 1 1 1 1 1 1 1 1 1 1 1 1 1 1 1 1 1 1 1 1 1 1 1 1 1 1 1 1 1 1 1 1 1 1 100 100 100 100 100 100 7 7 7 100 7 7 100 7 100 100 7 7 7 1 1 1 1 1 1 1 1 1 1 1 1 1 1 1 1 1 1 1 1 1 1 12 12 12 12 12 12 12 12 12 12 12 12 12 12 12 12 12 12 12 12 12 12 12 12 12 12 12 12 12 12 12 12 12 12 12 12 12 12 12 12 12 12 12 12 9 9 10 10 10 10 10 10 10 10 10 10 10 10 10 10 10 10 10 10 10 10 10 10 10 10 10 10 10 10 10 10 10 10 10 10 10 10 10 11 11 11 11 11 11 11 11 11 11 11 11 1 1
ciInstanceKlass sun/misc/Launcher 1 1 218 8 8 8 8 8 8 8 8 1 1 1 1 1 1 1 1 1 1 1 1 1 1 1 1 1 1 1 1 1 1 1 1 1 1 1 1 1 1 1 1 1 1 1 1 1 1 1 1 1 1 1 1 1 1 1 1 1 1 1 1 1 1 1 1 1 1 1 1 1 1 1 1 1 1 1 1 1 1 1 1 1 1 1 1 1 1 1 1 1 1 1 1 1 1 1 1 100 100 7 100 100 100 100 100 100 100 100 7 100 7 100 7 7 100 7 7 100 7 7 7 7 7 1 1 1 1 1 1 1 1 1 1 1 1 1 1 1 1 1 1 1 1 1 1 1 12 12 12 12 12 12 12 12 12 12 12 12 12 12 12 12 12 12 12 12 12 12 12 12 12 12 12 12 12 12 12 12 9 9 9 9 9 9 10 10 10 10 10 10 10 10 10 10 10 10 10 10 10 10 10 10 10 10 10 10 10 10 10 10 10 10 10 10 1 1 1 1
ciInstanceKlass sun/misc/Launcher$AppClassLoader 1 1 201 8 8 7 1 1 1 1 1 1 1 1 1 1 1 1 1 1 1 1 1 1 1 1 1 1 1 1 1 1 1 1 1 1 1 1 1 1 1 1 1 1 1 1 1 1 1 1 1 1 1 1 1 1 1 1 1 1 1 1 1 1 1 1 1 1 1 1 1 1 1 1 1 1 1 1 1 1 1 1 1 100 100 100 7 100 7 7 7 7 100 7 7 100 7 7 100 7 100 7 100 7 7 7 100 7 7 1 1 1 1 1 1 1 1 1 1 1 1 1 1 1 1 1 1 1 1 1 1 1 1 1 12 12 12 12 12 12 12 12 12 12 12 12 12 12 12 12 12 12 12 12 12 12 12 12 12 12 12 12 12 12 12 12 12 9 9 10 10 10 10 10 10 10 10 10 10 10 10 10 10 10 10 10 10 10 10 10 10 10 10 10 10 10 10 10 10 10 10 11 1
staticfield sun/misc/Launcher$AppClassLoader $assertionsDisabled Z 1
ciInstanceKlass sun/misc/Launcher$ExtClassLoader 1 1 237 8 8 8 7 1 1 1 1 1 1 1 1 1 1 1 1 1 1 1 1 1 1 1 1 1 1 1 1 1 1 1 1 1 1 1 1 1 1 1 1 1 1 1 1 1 1 1 1 1 1 1 1 1 1 1 1 1 1 1 1 1 1 1 1 1 1 1 1 1 1 1 1 1 1 1 1 1 1 1 1 1 1 1 1 1 1 1 1 1 1 1 1 1 1 100 100 100 100 7 7 7 100 7 7 100 100 100 7 7 7 7 100 7 100 100 100 7 7 7 7 7 100 7 7 7 1 1 1 1 1 1 1 1 1 1 1 1 1 1 1 1 1 1 1 1 1 1 1 1 1 1 12 12 12 12 12 12 12 12 12 12 12 12 12 12 12 12 12 12 12 12 12 12 12 12 12 12 12 12 12 12 12 12 12 12 12 12 12 12 12 12 12 9 9 10 10 10 10 10 10 10 10 10 10 10 10 10 10 10 10 10 10 10 10 10 10 10 10 10 10 10 10 10 10 10 10 10 10 10 10 10 10 10 11 11 1
ciInstanceKlass java/security/CodeSource 1 1 324 8 8 8 8 8 8 8 8 8 8 8 8 8 8 1 1 1 1 1 1 1 1 1 1 1 1 1 1 1 1 1 1 1 1 1 1 1 1 1 1 1 1 1 1 1 1 1 1 1 1 1 1 1 1 1 1 1 1 1 1 1 1 1 1 1 1 1 1 1 1 1 1 1 1 1 1 1 1 1 1 1 1 1 1 1 1 1 1 1 1 1 1 1 1 1 1 1 1 1 1 1 1 1 1 1 1 1 1 1 1 1 1 1 1 1 1 1 1 1 1 1 1 1 1 1 1 1 1 1 1 1 1 1 1 1 1 5 0 100 7 7 100 100 100 100 100 100 7 100 100 100 7 7 7 7 100 100 100 100 100 7 100 100 100 1 1 1 1 1 1 1 1 1 1 1 1 1 1 1 1 1 1 1 1 1 1 1 1 1 12 12 12 12 12 12 12 12 12 12 12 12 12 12 12 12 12 12 12 12 12 12 12 12 12 12 12 12 12 12 12 12 12 12 12 12 12 12 12 12 12 12 12 12 12 12 12 12 12 12 12 12 12 12 12 12 12 12 12 12 12 9 9 9 9 9 10 10 10 10 10 10 10 10 10 10 10 10 10 10 10 10 10 10 10 10 10 10 10 10 10 10 10 10 10 10 10 10 10 10 10 10 10 10 10 10 10 10 10 10 10 10 10 10 10 10 10 10 10 10 10 10 10 10 10 10 10 10 10 11 11 11 11 1
ciInstanceKlass java/lang/StackTraceElement 1 1 98 8 8 8 8 8 8 8 8 1 1 1 1 1 1 1 1 1 1 1 1 1 1 1 1 1 1 1 1 1 1 1 1 1 1 1 1 1 1 1 1 1 1 1 1 1 1 1 1 1 1 1 5 0 100 100 7 100 7 100 1 1 1 1 1 1 12 12 12 12 12 12 12 12 12 12 12 12 12 12 12 9 9 9 9 10 10 10 10 10 10 10 10 10 10 10 10 1
instanceKlass java/nio/LongBuffer
instanceKlass java/nio/CharBuffer
instanceKlass java/nio/ByteBuffer
ciInstanceKlass java/nio/Buffer 1 1 103 8 8 8 8 1 1 1 1 1 1 1 1 1 1 1 1 1 1 1 1 1 1 1 1 1 1 1 1 1 1 1 1 1 1 1 1 1 1 1 1 1 1 1 1 1 1 1 1 1 1 1 1 1 1 1 1 1 1 1 1 3 100 100 7 100 7 100 100 100 1 1 1 1 12 12 12 12 12 12 12 12 12 12 12 9 9 9 9 10 10 10 10 10 10 10 10 10 10 10 10 10 1
ciInstanceKlass java/lang/Boolean 1 1 110 8 8 8 1 1 1 1 1 1 1 1 1 1 1 1 1 1 1 1 1 1 1 1 1 1 1 1 1 1 1 1 1 1 1 1 1 1 1 1 1 1 1 1 1 1 1 1 1 1 1 1 1 1 1 1 1 1 1 1 1 5 0 100 7 7 100 100 100 7 100 7 7 1 1 1 1 1 1 1 1 12 12 12 12 12 12 12 12 12 12 12 12 12 12 9 9 9 9 10 10 10 10 10 10 10 10 10 10 1
staticfield java/lang/Boolean TRUE Ljava/lang/Boolean; java/lang/Boolean
staticfield java/lang/Boolean FALSE Ljava/lang/Boolean; java/lang/Boolean
staticfield java/lang/Boolean TYPE Ljava/lang/Class; java/lang/Class
ciInstanceKlass java/lang/Character 1 1 459 3 3 3 3 3 3 3 3 8 8 7 1 1 1 1 1 1 1 1 1 1 1 1 1 1 1 1 1 1 1 1 1 1 1 1 1 1 1 1 1 1 1 1 1 1 1 1 1 1 1 1 1 1 1 1 1 1 1 1 1 1 1 1 1 1 1 1 1 1 1 1 1 1 1 1 1 1 1 1 1 1 1 1 1 1 1 1 1 1 1 1 1 1 1 1 1 1 1 1 1 1 1 1 1 1 1 1 1 1 1 1 1 1 1 1 1 1 1 1 1 1 1 1 1 1 1 1 1 1 1 1 1 1 1 1 1 1 1 1 1 1 1 1 1 1 1 1 1 1 1 1 1 1 1 1 1 1 1 1 1 1 1 1 1 1 1 1 1 1 1 1 1 1 1 1 1 1 1 1 1 1 1 1 1 1 1 1 1 1 1 1 1 1 1 1 1 1 1 1 1 1 1 1 1 1 1 1 1 1 1 1 1 1 1 1 1 1 1 1 1 1 1 1 1 3 3 3 3 3 3 3 3 3 3 3 3 3 3 3 3 3 3 3 3 3 3 3 3 3 3 3 3 3 3 3 3 3 3 3 3 3 5 0 5 0 100 100 7 7 100 100 100 7 100 7 100 100 100 100 7 7 100 100 1 1 1 1 1 1 1 1 1 1 1 1 1 1 1 12 12 12 12 12 12 12 12 12 12 12 12 12 12 12 12 12 12 12 12 12 12 12 12 12 12 12 12 12 12 12 12 12 12 12 12 12 12 12 12 12 12 12 12 12 12 12 12 12 12 12 12 12 12 12 12 12 12 12 12 12 12 12 12 12 12 12 12 9 9 9 9 9 10 10 10 10 10 10 10 10 10 10 10 10 10 10 10 10 10 10 10 10 10 10 10 10 10 10 10 10 10 10 10 10 10 10 10 10 10 10 10 10 10 10 10 10 10 10 10 10 10 10 10 10 10 10 10 10 10 10 10 10 10 10 10 10 10 10 10 10 10 10 10 10 10 10 10 10 10 10 10 10 11 11 1 1 1 1 1
staticfield java/lang/Character TYPE Ljava/lang/Class; java/lang/Class
staticfield java/lang/Character $assertionsDisabled Z 1
instanceKlass java/math/BigDecimal
instanceKlass java/math/BigInteger
instanceKlass java/util/concurrent/atomic/AtomicLong
instanceKlass java/util/concurrent/atomic/AtomicInteger
instanceKlass java/lang/Long
instanceKlass java/lang/Integer
instanceKlass java/lang/Short
instanceKlass java/lang/Byte
instanceKlass java/lang/Double
instanceKlass java/lang/Float
ciInstanceKlass java/lang/Number 1 1 34 1 1 1 1 1 1 1 1 1 1 1 1 1 1 1 1 1 1 1 1 1 1 1 5 0 100 100 7 12 12 10 10 1
ciInstanceKlass java/lang/Float 1 1 169 3 3 3 4 4 4 4 8 8 8 1 1 1 1 1 1 1 1 1 1 1 1 1 1 1 1 1 1 1 1 1 1 1 1 1 1 1 1 1 1 1 1 1 1 1 1 1 1 1 1 1 1 1 1 1 1 1 1 1 1 1 1 1 1 1 1 1 1 1 1 1 1 1 1 1 1 1 1 1 1 1 1 1 1 1 1 1 1 1 1 1 1 1 1 1 1 1 1 3 3 3 3 4 4 5 0 7 100 100 7 100 7 100 100 7 1 1 1 1 1 1 1 1 1 12 12 12 12 12 12 12 12 12 12 12 12 12 12 12 12 12 12 12 12 12 9 9 10 10 10 10 10 10 10 10 10 10 10 10 10 10 10 10 10 10 10 10 1
staticfield java/lang/Float TYPE Ljava/lang/Class; java/lang/Class
ciInstanceKlass java/lang/Double 1 1 223 8 8 8 8 8 8 8 8 8 8 1 1 1 1 1 1 1 1 1 1 1 1 1 1 1 1 1 1 1 1 1 1 1 1 1 1 1 1 1 1 1 1 1 1 1 1 1 1 1 1 1 1 1 1 1 1 1 1 1 1 1 1 1 1 1 1 1 1 1 1 1 1 1 1 1 1 1 1 1 1 1 1 1 1 1 1 1 1 1 1 1 1 1 1 1 1 1 1 1 1 1 1 1 1 1 1 1 1 1 1 1 3 3 3 3 5 0 5 0 5 0 5 0 5 0 6 0 6 0 6 0 6 0 6 0 6 0 6 0 7 100 7 100 100 7 100 100 100 7 1 1 1 1 1 1 1 1 1 1 1 12 12 12 12 12 12 12 12 12 12 12 12 12 12 12 12 12 12 12 12 12 12 12 12 12 12 12 12 12 12 9 9 10 10 10 10 10 10 10 10 10 10 10 10 10 10 10 10 10 10 10 10 10 10 10 10 10 10 10 10 10 1
staticfield java/lang/Double TYPE Ljava/lang/Class; java/lang/Class
ciInstanceKlass java/lang/Byte 1 1 153 8 8 8 8 8 1 1 1 1 1 1 1 1 1 1 1 1 1 1 1 1 1 1 1 1 1 1 1 1 1 1 1 1 1 1 1 1 1 1 1 1 1 1 1 1 1 1 1 1 1 1 1 1 1 1 1 1 1 1 1 1 1 1 1 1 1 1 1 1 1 1 1 1 1 1 1 1 3 3 3 3 5 0 5 0 7 7 7 100 100 7 100 100 1 1 1 1 1 1 1 1 1 1 1 1 1 1 12 12 12 12 12 12 12 12 12 12 12 12 12 12 12 12 12 12 12 12 12 9 9 9 10 10 10 10 10 10 10 10 10 10 10 10 10 10 10 10 10 10 10 1 1
staticfield java/lang/Byte TYPE Ljava/lang/Class; java/lang/Class
ciInstanceKlass java/lang/Short 1 1 159 3 3 8 8 8 8 8 1 1 1 1 1 1 1 1 1 1 1 1 1 1 1 1 1 1 1 1 1 1 1 1 1 1 1 1 1 1 1 1 1 1 1 1 1 1 1 1 1 1 1 1 1 1 1 1 1 1 1 1 1 1 1 1 1 1 1 1 1 1 1 1 1 1 1 1 1 1 1 1 1 1 3 3 3 3 5 0 5 0 7 100 100 7 100 7 7 100 1 1 1 1 1 1 1 1 1 1 1 1 1 1 12 12 12 12 12 12 12 12 12 12 12 12 12 12 12 12 12 12 12 12 12 12 9 9 9 10 10 10 10 10 10 10 10 10 10 10 10 10 10 10 10 10 10 10 10 1 1
staticfield java/lang/Short TYPE Ljava/lang/Class; java/lang/Class
ciInstanceKlass java/lang/Integer 1 1 309 3 3 3 3 3 3 3 3 3 3 3 3 3 3 3 8 8 8 8 8 8 8 8 8 8 8 8 8 8 8 8 1 1 1 1 1 1 1 1 1 1 1 1 1 1 1 1 1 1 1 1 1 1 1 1 1 1 1 1 1 1 1 1 1 1 1 1 1 1 1 1 1 1 1 1 1 1 1 1 1 1 1 1 1 1 1 1 1 1 1 1 1 1 1 1 1 1 1 1 1 1 1 1 1 1 1 1 1 1 1 1 1 1 1 1 1 1 1 1 1 1 1 1 1 1 1 1 1 1 1 1 1 1 1 1 1 1 1 1 1 1 1 1 1 1 1 1 1 1 1 1 1 1 1 1 1 1 1 1 1 1 1 1 1 1 1 1 1 1 3 3 5 0 5 0 5 0 100 7 7 100 100 7 7 100 7 100 7 7 100 100 7 100 7 1 1 1 1 1 1 1 1 1 1 1 1 1 1 1 1 1 12 12 12 12 12 12 12 12 12 12 12 12 12 12 12 12 12 12 12 12 12 12 12 12 12 12 12 12 12 12 12 12 12 12 12 12 12 12 12 12 12 12 12 12 12 12 12 9 9 9 9 9 9 9 9 10 10 10 10 10 10 10 10 10 10 10 10 10 10 10 10 10 10 10 10 10 10 10 10 10 10 10 10 10 10 10 10 10 10 10 10 10 10 10 10 1 1
staticfield java/lang/Integer TYPE Ljava/lang/Class; java/lang/Class
staticfield java/lang/Integer digits [C 36
staticfield java/lang/Integer DigitTens [C 100
staticfield java/lang/Integer DigitOnes [C 100
staticfield java/lang/Integer sizeTable [I 10
ciInstanceKlass java/lang/Long 1 1 356 3 3 8 8 8 8 8 8 8 8 8 8 8 8 8 8 8 8 8 1 1 1 1 1 1 1 1 1 1 1 1 1 1 1 1 1 1 1 1 1 1 1 1 1 1 1 1 1 1 1 1 1 1 1 1 1 1 1 1 1 1 1 1 1 1 1 1 1 1 1 1 1 1 1 1 1 1 1 1 1 1 1 1 1 1 1 1 1 1 1 1 1 1 1 1 1 1 1 1 1 1 1 1 1 1 1 1 1 1 1 1 1 1 1 1 1 1 1 1 1 1 1 1 1 1 1 1 1 1 1 1 1 1 1 1 1 1 1 1 1 1 1 1 1 1 1 1 1 1 1 1 1 1 1 1 1 1 1 1 1 1 1 1 3 3 5 0 5 0 5 0 5 0 5 0 5 0 5 0 5 0 5 0 5 0 5 0 5 0 5 0 5 0 5 0 100 7 7 100 100 7 7 7 7 100 7 7 100 100 7 100 7 100 1 1 1 1 1 1 1 1 1 1 1 1 1 1 1 1 1 1 1 1 1 1 12 12 12 12 12 12 12 12 12 12 12 12 12 12 12 12 12 12 12 12 12 12 12 12 12 12 12 12 12 12 12 12 12 12 12 12 12 12 12 12 12 12 12 12 12 12 12 12 12 12 12 12 12 12 12 12 12 12 9 9 9 9 9 9 10 10 10 10 10 10 10 10 10 10 10 10 10 10 10 10 10 10 10 10 10 10 10 10 10 10 10 10 10 10 10 10 10 10 10 10 10 10 10 10 10 10 10 10 10 10 10 10 10 10 10 10 10 10 1 1
staticfield java/lang/Long TYPE Ljava/lang/Class; java/lang/Class
ciInstanceKlass java/lang/NullPointerException 1 1 21 1 1 1 1 1 1 1 1 1 1 1 5 0 100 7 12 12 10 10 1
ciInstanceKlass java/lang/ArithmeticException 1 1 21 1 1 1 1 1 1 1 1 1 1 1 5 0 100 100 12 12 10 10 1
ciInstanceKlass java/util/Comparator 1 1 262 8 8 8 8 8 8 8 8 8 8 8 8 8 8 8 8 1 1 1 1 1 1 1 1 1 1 1 1 1 1 1 1 1 1 1 1 1 1 1 1 1 1 1 1 1 1 1 1 1 1 1 1 1 1 1 1 1 1 1 1 1 1 1 1 1 1 1 1 1 1 1 1 1 1 1 1 1 1 1 1 1 1 1 1 1 1 1 1 1 1 1 1 1 1 1 1 1 1 1 1 1 1 1 1 1 3 3 7 7 100 100 7 100 100 100 7 100 100 100 7 7 100 7 7 7 7 100 7 100 1 1 1 1 1 1 1 1 1 1 1 1 1 1 1 1 1 1 1 1 1 1 1 1 1 1 1 1 1 1 1 12 12 12 12 12 12 12 12 12 12 12 12 12 12 12 12 12 12 12 12 12 12 12 12 12 12 12 12 12 12 12 12 12 12 12 12 12 12 12 12 12 12 12 12 9 10 10 10 10 10 10 10 10 10 10 10 10 10 10 10 10 10 10 10 10 11 11 11 11 11 11 11 11 11 11 11 11 11 11 11 11 11 11 15 15 15 15 15 15 15 16 18 18 18 18 18 18 1 1 1 1
instanceKlass java/security/cert/X509Certificate
ciInstanceKlass java/security/cert/Certificate 1 1 108 8 8 1 1 1 1 1 1 1 1 1 1 1 1 1 1 1 1 1 1 1 1 1 1 1 1 1 1 1 1 1 1 1 1 1 1 1 1 1 1 1 1 1 1 1 1 1 1 1 1 1 1 1 1 5 0 100 100 100 7 100 100 100 100 100 100 7 100 100 100 7 7 1 1 1 1 1 1 1 12 12 12 12 12 12 12 12 12 12 12 12 9 9 10 10 10 10 10 10 10 10 10 10 10 10 1 1
ciInstanceKlass java/util/List 1 1 112 1 1 1 1 1 1 1 1 1 1 1 1 1 1 1 1 1 1 1 1 1 1 1 1 1 1 1 1 1 1 1 1 1 1 1 1 1 1 1 1 1 1 1 1 1 1 1 1 1 1 1 1 100 100 100 100 100 100 100 100 7 100 1 1 1 1 1 1 1 1 1 1 1 1 1 1 1 1 1 1 1 1 1 1 1 1 1 1 1 1 1 1 12 12 12 12 12 12 12 12 12 10 10 10 11 11 11 11 11 11 1
instanceKlass com/github/benmanes/caffeine/cache/AbstractLinkedDeque
instanceKlass java/util/concurrent/ConcurrentSkipListMap$Values
instanceKlass org/springframework/boot/web/servlet/ServletContextInitializerBeans
instanceKlass java/util/concurrent/ConcurrentLinkedDeque
instanceKlass org/apache/logging/log4j/ThreadContext$EmptyThreadContextStack
instanceKlass java/util/IdentityHashMap$Values
instanceKlass java/util/LinkedHashMap$LinkedValues
instanceKlass java/util/TreeMap$Values
instanceKlass java/util/HashMap$Values
instanceKlass java/util/AbstractQueue
instanceKlass java/util/ArrayDeque
instanceKlass java/util/AbstractSet
instanceKlass java/util/AbstractList
ciInstanceKlass java/util/AbstractCollection 1 1 143 3 3 8 8 8 1 1 1 1 1 1 1 1 1 1 1 1 1 1 1 1 1 1 1 1 1 1 1 1 1 1 1 1 1 1 1 1 1 1 1 1 1 1 1 1 1 1 1 1 1 1 1 1 1 1 1 1 1 1 1 1 1 1 1 1 7 7 7 100 7 100 100 7 7 100 7 7 7 1 1 1 1 1 1 1 1 1 1 1 1 1 1 1 1 1 12 12 12 12 12 12 12 12 12 12 12 12 12 12 12 12 12 12 12 12 12 10 10 10 10 10 10 10 10 10 10 10 10 10 10 10 10 10 10 10 10 11 11 11 11 11 1
instanceKlass com/github/pagehelper/Page
instanceKlass com/sun/istack/internal/FinalArrayList
instanceKlass org/springframework/beans/factory/support/ManagedList
instanceKlass org/apache/tomcat/util/digester/ArrayStack
instanceKlass javax/management/AttributeList
ciInstanceKlass java/util/ArrayList 1 1 356 3 3 8 8 8 8 8 8 8 8 7 1 1 1 1 1 1 1 1 1 1 1 1 1 1 1 1 1 1 1 1 1 1 1 1 1 1 1 1 1 1 1 1 1 1 1 1 1 1 1 1 1 1 1 1 1 1 1 1 1 1 1 1 1 1 1 1 1 1 1 1 1 1 1 1 1 1 1 1 1 1 1 1 1 1 1 1 1 1 1 1 1 1 1 1 1 1 1 1 1 1 1 1 1 1 1 1 1 1 1 1 1 1 1 1 1 1 1 1 1 1 1 1 1 1 1 1 1 1 1 1 1 1 1 1 1 1 1 1 1 1 1 1 1 1 1 1 1 1 1 1 1 3 5 0 7 100 7 100 7 100 100 100 100 100 7 7 100 100 7 100 7 7 7 7 7 7 7 100 7 100 100 7 100 7 100 100 100 100 1 1 1 1 1 1 1 1 1 1 1 1 1 1 1 1 1 1 1 1 1 1 1 1 1 1 1 1 1 1 1 1 1 1 1 1 1 1 1 1 1 1 1 1 1 1 1 1 1 1 1 12 12 12 12 12 12 12 12 12 12 12 12 12 12 12 12 12 12 12 12 12 12 12 12 12 12 12 12 12 12 12 12 12 12 12 12 12 12 12 12 12 12 12 12 12 12 12 12 12 12 12 12 12 9 9 9 9 9 10 10 10 10 10 10 10 10 10 10 10 10 10 10 10 10 10 10 10 10 10 10 10 10 10 10 10 10 10 10 10 10 10 10 10 10 10 10 10 10 10 10 10 10 10 10 11 11 11 11 11 11 1 1 1 1 1
staticfield java/util/ArrayList EMPTY_ELEMENTDATA [Ljava/lang/Object; 0 [Ljava/lang/Object;
staticfield java/util/ArrayList DEFAULTCAPACITY_EMPTY_ELEMENTDATA [Ljava/lang/Object; 0 [Ljava/lang/Object;
ciInstanceKlass java/util/Set 1 1 48 1 1 1 1 1 1 1 1 1 1 1 1 1 1 1 1 1 1 1 1 1 1 1 1 1 1 1 1 100 100 100 7 1 1 1 1 1 1 1 1 1 1 1 1 12 10 1
instanceKlass java/util/TreeMap$NavigableSubMap
instanceKlass sun/misc/SoftCache
instanceKlass com/github/benmanes/caffeine/cache/BLCHeader$PadDrainStatus
instanceKlass java/util/concurrent/ConcurrentSkipListMap
instanceKlass com/google/common/cache/LocalCache
instanceKlass org/aspectj/apache/bcel/util/ClassLoaderRepository$SoftHashMap
instanceKlass java/util/EnumMap
instanceKlass org/springframework/util/ConcurrentReferenceHashMap
instanceKlass org/apache/tomcat/util/collections/ManagedConcurrentWeakHashMap
instanceKlass java/util/Collections$SingletonMap
instanceKlass java/util/IdentityHashMap
instanceKlass java/util/concurrent/ConcurrentHashMap
instanceKlass java/util/TreeMap
instanceKlass java/util/WeakHashMap
instanceKlass sun/util/PreHashedMap
instanceKlass java/util/HashMap
instanceKlass java/util/Collections$EmptyMap
ciInstanceKlass java/util/AbstractMap 1 1 152 8 8 1 1 1 1 1 1 1 1 1 1 1 1 1 1 1 1 1 1 1 1 1 1 1 1 1 1 1 1 1 1 1 1 1 1 1 1 1 1 1 1 1 1 1 1 1 1 1 1 1 1 1 1 1 1 1 1 1 1 1 100 100 100 7 100 100 7 7 100 100 100 100 7 7 7 7 1 1 1 1 1 1 1 1 1 1 1 1 1 1 1 1 1 1 1 12 12 12 12 12 12 12 12 12 12 12 12 12 12 12 12 12 12 12 12 12 12 12 9 9 10 10 10 10 10 10 10 10 10 10 10 10 10 10 11 11 11 11 11 11 11 11 11 11 11 11 11 1 1 1
ciInstanceKlass java/util/Collections$UnmodifiableRandomAccessList 1 1 42 1 1 1 1 1 1 1 1 1 1 1 1 1 1 1 1 1 1 5 0 100 7 7 7 100 1 1 1 1 1 1 12 12 12 9 10 10 11 1 1 1
instanceKlass com/alibaba/fastjson/util/TypeUtils$7
instanceKlass org/springframework/web/servlet/FlashMap
instanceKlass org/apache/ibatis/builder/ParameterExpression
instanceKlass org/apache/ibatis/binding/MapperMethod$ParamMap
instanceKlass org/apache/ibatis/scripting/xmltags/DynamicContext$ContextMap
instanceKlass org/apache/ibatis/session/Configuration$StrictMap
instanceKlass java/lang/ProcessEnvironment
instanceKlass sun/nio/ch/WindowsSelectorImpl$FdMap
instanceKlass java/util/LinkedHashMap
ciInstanceKlass java/util/HashMap 1 1 482 3 3 4 4 4 4 4 8 8 8 100 7 100 1 1 1 1 1 1 1 1 1 1 1 1 1 1 1 1 1 1 1 1 1 1 1 1 1 1 1 1 1 1 1 1 1 1 1 1 1 1 1 1 1 1 1 1 1 1 1 1 1 1 1 1 1 1 1 1 1 1 1 1 1 1 1 1 1 1 1 1 1 1 1 1 1 1 1 1 1 1 1 1 1 1 1 1 1 1 1 1 1 1 1 1 1 1 1 1 1 1 1 1 1 1 1 1 1 1 1 1 1 1 1 1 1 1 1 1 1 1 1 1 1 1 1 1 1 1 1 1 1 1 1 1 1 1 1 1 1 1 1 1 1 1 1 1 1 1 1 1 1 1 1 1 1 1 1 1 1 1 1 1 1 1 1 1 1 1 1 1 1 1 1 1 1 1 1 1 1 3 3 3 3 5 0 100 7 100 100 100 100 100 100 100 100 100 7 100 100 100 100 7 100 100 100 7 100 100 7 100 7 100 100 100 100 7 100 7 7 100 100 7 7 7 7 7 7 7 7 100 100 1 1 1 1 1 1 1 1 1 1 1 1 1 1 1 1 1 1 1 1 1 1 1 1 1 1 1 1 1 1 1 1 1 1 1 1 1 1 1 1 1 1 1 1 1 1 1 1 1 1 1 1 1 1 1 1 1 1 1 1 1 1 1 1 1 1 1 1 1 1 1 1 12 12 12 12 12 12 12 12 12 12 12 12 12 12 12 12 12 12 12 12 12 12 12 12 12 12 12 12 12 12 12 12 12 12 12 12 12 12 12 12 12 12 12 12 12 12 12 12 12 12 12 12 12 12 12 12 12 12 12 12 12 12 12 12 12 12 12 12 12 12 12 12 12 9 9 9 9 9 9 9 9 9 9 9 9 9 9 10 10 10 10 10 10 10 10 10 10 10 10 10 10 10 10 10 10 10 10 10 10 10 10 10 10 10 10 10 10 10 10 10 10 10 10 10 10 10 10 10 10 10 10 10 10 10 10 10 10 10 10 10 11 11 11 11 11 11 11 11 11 11 11 11 11 11 1 1 1 1 1 1 1 1 1 1 1 1 1
instanceKlass java/util/LinkedHashMap$Entry
ciInstanceKlass java/util/HashMap$Node 1 1 85 8 1 1 1 1 1 1 1 1 1 1 1 1 1 1 1 1 1 1 1 1 1 1 1 1 1 1 1 1 1 1 1 1 1 1 1 1 1 1 1 1 1 7 100 100 7 100 100 7 1 1 1 1 1 1 1 1 1 12 12 12 12 12 12 12 12 12 12 12 12 9 9 9 9 10 10 10 10 10 10 10 11 11 1
ciInstanceKlass java/lang/Math 1 1 281 3 3 3 3 3 3 4 4 4 4 4 8 8 7 1 1 1 1 1 1 1 1 1 1 1 1 1 1 1 1 1 1 1 1 1 1 1 1 1 1 1 1 1 1 1 1 1 1 1 1 1 1 1 1 1 1 1 1 1 1 1 1 1 1 1 1 1 1 1 1 1 1 1 1 1 1 1 1 1 1 1 1 1 1 1 1 1 1 1 1 1 1 1 1 1 1 1 1 1 1 1 1 1 1 1 1 1 1 1 1 1 1 1 1 1 1 1 1 1 1 1 1 1 1 1 5 0 5 0 5 0 5 0 5 0 5 0 5 0 5 0 5 0 5 0 6 0 6 0 6 0 6 0 6 0 6 0 6 0 6 0 6 0 100 100 7 7 7 100 100 100 100 1 12 12 12 12 12 12 12 12 12 12 12 12 12 12 12 12 12 12 12 12 12 12 12 12 12 12 12 12 12 12 12 12 12 12 12 12 12 12 12 12 12 12 12 12 12 12 12 12 12 12 12 12 9 9 9 9 9 9 10 10 10 10 10 10 10 10 10 10 10 10 10 10 10 10 10 10 10 10 10 10 10 10 10 10 10 10 10 10 10 10 10 10 10 10 10 10 10 10 10 10 10 10 10 10 10 1 1
staticfield java/lang/Math $assertionsDisabled Z 1
instanceKlass javax/security/auth/SubjectDomainCombiner$WeakKeyValueMap
instanceKlass com/sun/jmx/mbeanserver/DefaultMXBeanMappingFactory$Mappings
instanceKlass com/sun/jmx/mbeanserver/MBeanIntrospector$MBeanInfoMap
instanceKlass com/sun/jmx/mbeanserver/MBeanIntrospector$PerInterfaceMap
instanceKlass java/lang/ClassValue$ClassValueMap
ciInstanceKlass java/util/WeakHashMap 1 1 320 3 3 4 8 8 1 1 1 1 1 1 1 1 1 1 1 1 1 1 1 1 1 1 1 1 1 1 1 1 1 1 1 1 1 1 1 1 1 1 1 1 1 1 1 1 1 1 1 1 1 1 1 1 1 1 1 1 1 1 1 1 1 1 1 1 1 1 1 1 1 1 1 1 1 1 1 1 1 1 1 1 1 1 1 1 1 1 1 1 1 1 1 1 1 1 1 1 1 1 1 1 1 1 1 1 1 1 1 1 1 1 1 1 1 1 1 1 1 1 1 3 7 7 100 7 7 100 100 7 7 100 100 100 100 7 100 100 100 7 100 7 100 100 100 100 100 7 100 100 100 100 100 100 100 1 1 1 1 1 1 1 1 1 1 1 1 1 1 1 1 1 1 1 1 1 1 1 1 1 1 1 1 1 1 1 1 1 1 1 1 1 1 1 12 12 12 12 12 12 12 12 12 12 12 12 12 12 12 12 12 12 12 12 12 12 12 12 12 12 12 12 12 12 12 12 12 12 12 12 12 12 12 12 12 12 12 12 12 12 12 12 12 12 12 12 12 9 9 9 9 9 9 9 9 9 9 9 9 9 10 10 10 10 10 10 10 10 10 10 10 10 10 10 10 10 10 10 10 10 10 10 10 10 10 10 10 10 10 10 10 10 10 10 10 10 10 10 10 11 11 11 11 11 11 11 11 11 1 1 1 1 1 1 1 1 1 1 1 1
staticfield java/util/WeakHashMap NULL_KEY Ljava/lang/Object; java/lang/Object
ciInstanceKlass java/util/Arrays 1 1 800 3 8 8 8 8 8 8 8 8 7 7 7 7 7 7 7 7 7 7 1 1 1 1 1 1 1 1 1 1 1 1 1 1 1 1 1 1 1 1 1 1 1 1 1 1 1 1 1 1 1 1 1 1 1 1 1 1 1 1 1 1 1 1 1 1 1 1 1 1 1 1 1 1 1 1 1 1 1 1 1 1 1 1 1 1 1 1 1 1 1 1 1 1 1 1 1 1 1 1 1 1 1 1 1 1 1 1 1 1 1 1 1 1 1 1 1 1 1 1 1 1 1 1 1 1 1 1 1 1 1 1 1 1 1 1 1 1 1 1 1 1 1 1 1 1 1 1 1 1 1 1 1 1 1 1 1 1 1 1 1 1 1 1 1 1 1 1 1 1 1 1 1 1 1 1 1 1 1 1 1 1 1 1 1 1 1 1 1 1 1 1 1 1 1 1 1 1 1 1 1 1 1 1 1 1 1 1 1 1 1 1 1 1 1 1 1 1 1 1 1 1 1 1 1 1 1 1 1 1 1 1 1 1 1 1 1 1 1 1 1 1 1 1 1 1 1 1 1 1 1 1 1 1 1 1 1 1 1 1 1 1 1 1 1 1 1 1 1 1 1 1 1 1 1 1 3 3 100 100 100 7 7 100 100 100 7 7 7 7 7 100 100 100 7 100 100 100 100 100 7 7 100 100 100 100 100 100 100 100 100 100 100 100 100 100 100 100 100 100 7 7 7 100 100 100 100 100 100 100 7 7 100 100 100 100 100 100 7 1 1 1 1 1 1 1 1 1 1 1 1 1 1 1 1 1 1 1 1 1 1 1 1 1 1 1 1 1 1 1 1 1 1 1 1 1 1 1 1 1 1 1 1 1 1 1 1 1 1 1 1 1 1 1 1 1 1 1 1 1 1 1 1 1 1 1 1 1 1 1 1 1 1 1 1 1 1 1 1 1 1 1 1 1 1 1 1 1 1 1 1 1 1 1 1 1 1 1 1 1 1 1 1 1 1 1 1 1 1 1 1 1 1 1 1 1 1 1 1 1 1 1 1 1 1 1 1 1 1 1 1 12 12 12 12 12 12 12 12 12 12 12 12 12 12 12 12 12 12 12 12 12 12 12 12 12 12 12 12 12 12 12 12 12 12 12 12 12 12 12 12 12 12 12 12 12 12 12 12 12 12 12 12 12 12 12 12 12 12 12 12 12 12 12 12 12 12 12 12 12 12 12 12 12 12 12 12 12 12 12 12 12 12 12 12 12 12 12 12 12 12 12 12 12 12 12 12 12 12 12 12 12 12 12 12 12 12 12 12 12 12 12 12 12 12 12 12 12 12 12 12 12 12 12 12 12 12 12 12 12 12 12 12 12 12 12 12 12 12 12 12 12 12 12 9 9 10 10 10 10 10 10 10 10 10 10 10 10 10 10 10 10 10 10 10 10 10 10 10 10 10 10 10 10 10 10 10 10 10 10 10 10 10 10 10 10 10 10 10 10 10 10 10 10 10 10 10 10 10 10 10 10 10 10 10 10 10 10 10 10 10 10 10 10 10 10 10 10 10 10 10 10 10 10 10 10 10 10 10 10 10 10 10 10 10 10 10 10 10 10 10 10 10 10 10 10 10 10 10 10 10 10 10 10 10 10 10 10 10 10 10 10 10 10 10 10 10 10 10 10 10 10 10 10 10 10 10 10 10 10 10 10 10 10 10 10 10 11 11 11 11 11 11 11 11 11 11 11 11 15 15 15 15 15 16 18 18 18 18 1 1 1 1 1 1 1 1 1 1 1 1 1 1 1 1 1 1 1 1 1
staticfield java/util/Arrays $assertionsDisabled Z 1
ciInstanceKlass sun/misc/ASCIICaseInsensitiveComparator 1 1 67 7 1 1 1 1 1 1 1 1 1 1 1 1 1 1 1 1 1 1 1 1 1 1 1 1 1 1 1 1 1 1 1 1 1 100 7 7 7 100 1 1 1 1 12 12 12 12 12 12 12 12 12 12 9 9 10 10 10 10 10 10 10 10 10 10 1
staticfield sun/misc/ASCIICaseInsensitiveComparator CASE_INSENSITIVE_ORDER Ljava/util/Comparator; sun/misc/ASCIICaseInsensitiveComparator
staticfield sun/misc/ASCIICaseInsensitiveComparator $assertionsDisabled Z 1
ciInstanceKlass java/util/Iterator 1 1 45 8 1 1 1 1 1 1 1 1 1 1 1 1 1 1 1 1 1 1 1 1 1 1 1 100 100 7 7 7 1 1 1 1 12 12 12 12 12 10 10 11 11 11 1
instanceKlass org/springframework/util/StreamUtils$NonClosingInputStream
instanceKlass freemarker/ext/jsp/TaglibFactory$2
instanceKlass java/security/DigestInputStream
instanceKlass sun/net/www/protocol/jar/JarURLConnection$JarURLInputStream
instanceKlass java/io/DataInputStream
instanceKlass java/util/jar/Manifest$FastInputStream
instanceKlass java/io/PushbackInputStream
instanceKlass java/util/zip/InflaterInputStream
instanceKlass java/io/BufferedInputStream
ciInstanceKlass java/io/FilterInputStream 1 1 51 1 1 1 1 1 1 1 1 1 1 1 1 1 1 1 1 1 1 1 1 1 1 1 7 100 7 1 1 12 12 12 12 12 12 12 12 12 12 9 10 10 10 10 10 10 10 10 10 10 1
instanceKlass com/ais/bmc/ops/constant/CronWeekEnum
instanceKlass com/ais/bmc/ops/constant/ExecFreqEnum
instanceKlass cn/hutool/core/date/Week
instanceKlass net/sf/jsqlparser/parser/feature/Feature
instanceKlass com/google/common/cache/LocalCache$NullEntry
instanceKlass com/atomikos/recovery/TxState
instanceKlass com/github/benmanes/caffeine/cache/RemovalCause
instanceKlass org/apache/commons/io/StandardLineSeparator
instanceKlass com/sun/imageio/plugins/jpeg/JPEGImageWriter$CallBackLock$State
instanceKlass sun/font/EAttribute
instanceKlass com/sun/imageio/plugins/jpeg/JPEGImageReader$CallBackLock$State
instanceKlass sun/java2d/StateTrackable$State
instanceKlass com/sun/nio/file/ExtendedOpenOption
instanceKlass java/nio/file/StandardOpenOption
instanceKlass sun/awt/AppContext$State
instanceKlass org/apache/ibatis/executor/ExecutionPlaceholder
instanceKlass com/github/pagehelper/BoundSqlInterceptor$Type
instanceKlass com/fasterxml/jackson/databind/util/AccessPattern
instanceKlass com/fasterxml/jackson/databind/cfg/ConstructorDetector$SingleArgConstructor
instanceKlass com/fasterxml/jackson/core/StreamReadCapability
instanceKlass io/swagger/annotations/ApiModelProperty$AccessMode
instanceKlass com/fasterxml/jackson/core/StreamWriteCapability
instanceKlass com/github/benmanes/caffeine/cache/stats/DisabledStatsCounter
instanceKlass com/github/benmanes/caffeine/cache/DisabledScheduler
instanceKlass com/github/benmanes/caffeine/cache/SystemTicker
instanceKlass com/github/benmanes/caffeine/cache/DisabledWriter
instanceKlass com/github/benmanes/caffeine/cache/SingletonWeigher
instanceKlass com/alibaba/fastjson/serializer/SerializerFeature
instanceKlass com/alibaba/fastjson/parser/Feature
instanceKlass javax/servlet/http/MappingMatch
instanceKlass org/apache/tomcat/util/log/UserDataHelper$Mode
instanceKlass org/apache/coyote/ActionCode
instanceKlass org/apache/tomcat/util/buf/UEncoder$SafeCharsSet
instanceKlass org/apache/tomcat/util/http/parser/HttpParser$DomainParseState
instanceKlass org/apache/tomcat/util/http/parser/SkipResult
instanceKlass org/apache/coyote/http11/Http11InputBuffer$HeaderParseStatus
instanceKlass org/apache/tomcat/util/net/SendfileState
instanceKlass org/apache/coyote/http11/Http11InputBuffer$HeaderParsePosition
instanceKlass org/apache/coyote/AsyncStateMachine$AsyncState
instanceKlass org/apache/coyote/ErrorState
instanceKlass org/apache/tomcat/util/log/UserDataHelper$Config
instanceKlass org/apache/tomcat/util/net/AbstractEndpoint$Handler$SocketState
instanceKlass org/apache/jasper/TrimSpacesOption
instanceKlass javax/websocket/CloseReason$CloseCodes
instanceKlass javax/xml/bind/annotation/XmlAccessOrder
instanceKlass com/sun/xml/internal/bind/v2/model/core/ID
instanceKlass com/sun/xml/internal/bind/v2/model/core/PropertyKind
instanceKlass com/sun/xml/internal/bind/v2/model/impl/ClassInfoImpl$PropertyGroup
instanceKlass com/sun/xml/internal/bind/v2/model/impl/ClassInfoImpl$SecondaryAnnotation
instanceKlass java/time/DayOfWeek
instanceKlass com/fasterxml/jackson/annotation/OptBoolean
instanceKlass com/fasterxml/jackson/annotation/JsonFormat$Feature
instanceKlass springfox/documentation/schema/CollectionType
instanceKlass org/springframework/web/util/HierarchicalUriComponents$EncodeState
instanceKlass org/springframework/web/util/UriComponentsBuilder$EncodingHint
instanceKlass org/slf4j/event/Level
instanceKlass java/util/Comparators$NaturalOrderComparator
instanceKlass com/fasterxml/jackson/databind/AnnotationIntrospector$ReferenceProperty$Type
instanceKlass com/fasterxml/classmate/AnnotationInclusion
instanceKlass com/fasterxml/jackson/core/JsonToken
instanceKlass org/springframework/boot/availability/ReadinessState
instanceKlass org/springframework/boot/availability/LivenessState
instanceKlass org/springframework/boot/jdbc/DatabaseDriver
instanceKlass io/swagger/v3/oas/models/security/SecurityScheme$In
instanceKlass io/swagger/v3/oas/models/headers/Header$StyleEnum
instanceKlass io/swagger/v3/oas/models/media/Encoding$StyleEnum
instanceKlass io/swagger/v3/oas/models/parameters/Parameter$StyleEnum
instanceKlass io/swagger/v3/oas/models/PathItem$HttpMethod
instanceKlass org/springframework/http/HttpStatus$Series
instanceKlass org/springframework/http/HttpStatus
instanceKlass org/springframework/core/ResolvableType$WildcardBounds$Kind
instanceKlass springfox/documentation/service/ParameterType
instanceKlass springfox/documentation/swagger/web/ApiKeyVehicle
instanceKlass springfox/documentation/swagger/web/TagsSorter
instanceKlass springfox/documentation/swagger/web/OperationsSorter
instanceKlass springfox/documentation/swagger/web/DocExpansion
instanceKlass springfox/documentation/swagger/web/ModelRendering
instanceKlass org/springframework/http/HttpMethod
instanceKlass io/swagger/v3/oas/annotations/enums/Explode
instanceKlass springfox/documentation/service/ParameterStyle
instanceKlass io/swagger/v3/oas/annotations/enums/ParameterStyle
instanceKlass io/swagger/models/Scheme
instanceKlass org/springframework/expression/spel/support/ReflectionHelper$ArgumentsMatchKind
instanceKlass org/springframework/expression/spel/standard/TokenKind
instanceKlass org/springframework/scheduling/support/CronField$Type
instanceKlass freemarker/ext/beans/MemberSelectorListMemberAccessPolicy$ListType
instanceKlass org/apache/ibatis/session/TransactionIsolationLevel
instanceKlass org/apache/ibatis/mapping/ParameterMode
instanceKlass org/apache/ibatis/mapping/ResultFlag
instanceKlass org/apache/ibatis/mapping/StatementType
instanceKlass org/apache/ibatis/mapping/SqlCommandType
instanceKlass org/apache/ibatis/mapping/ResultSetType
instanceKlass org/apache/ibatis/session/AutoMappingUnknownColumnBehavior
instanceKlass org/apache/ibatis/session/AutoMappingBehavior
instanceKlass org/apache/ibatis/type/JdbcType
instanceKlass org/apache/ibatis/session/LocalCacheScope
instanceKlass com/google/common/cache/LocalCache$EntryFactory
instanceKlass com/google/common/cache/CacheBuilder$NullListener
instanceKlass com/google/common/cache/CacheBuilder$OneWeigher
instanceKlass com/google/common/cache/LocalCache$Strength
instanceKlass com/atomikos/thread/TaskManager
instanceKlass java/net/Proxy$Type
instanceKlass com/mysql/jdbc/StringUtils$SearchMode
instanceKlass com/atomikos/datasource/xa/event/XAResourceDetectedEvent$ResourceType
instanceKlass org/apache/ibatis/session/ExecutorType
instanceKlass javax/annotation/Resource$AuthenticationType
instanceKlass org/springframework/boot/autoconfigure/web/servlet/WebMvcProperties$MatchingStrategy
instanceKlass org/springframework/boot/web/server/Ssl$ClientAuth
instanceKlass org/springframework/boot/web/servlet/server/Session$SessionTrackingMode
instanceKlass org/springframework/boot/web/servlet/server/Encoding$Type
instanceKlass org/springframework/boot/web/server/Cookie$SameSite
instanceKlass org/springframework/boot/autoconfigure/web/ServerProperties$Jetty$Accesslog$FORMAT
instanceKlass org/springframework/boot/autoconfigure/web/ErrorProperties$IncludeAttribute
instanceKlass javax/annotation/meta/When
instanceKlass org/aspectj/weaver/RuntimeVersion
instanceKlass org/springframework/aop/aspectj/annotation/AbstractAspectJAdvisorFactory$AspectJAnnotationType
instanceKlass org/aspectj/lang/reflect/PerClauseKind
instanceKlass com/fasterxml/jackson/annotation/JsonTypeInfo$As
instanceKlass com/fasterxml/jackson/databind/ObjectMapper$DefaultTyping
instanceKlass com/fasterxml/jackson/core/StreamWriteFeature
instanceKlass com/fasterxml/jackson/core/StreamReadFeature
instanceKlass com/fasterxml/jackson/annotation/JsonCreator$Mode
instanceKlass javax/servlet/DispatcherType
instanceKlass org/springframework/boot/sql/init/DatabaseInitializationMode
instanceKlass org/springframework/boot/autoconfigure/jackson/JacksonProperties$ConstructorDetectorStrategy
instanceKlass org/springframework/boot/jdbc/EmbeddedDatabaseConnection
instanceKlass org/springframework/boot/autoconfigure/web/WebProperties$LocaleResolver
instanceKlass org/springframework/validation/DefaultMessageCodesResolver$Format
instanceKlass org/springframework/boot/autoconfigure/web/ServerProperties$ForwardHeadersStrategy
instanceKlass org/springframework/boot/web/server/Shutdown
instanceKlass org/springframework/boot/context/properties/ConfigurationPropertiesBean$BindMethod
instanceKlass org/springframework/boot/autoconfigure/cache/CacheType
instanceKlass org/springframework/boot/jdbc/DataSourceBuilder$DataSourceProperty
instanceKlass org/springframework/jdbc/datasource/embedded/EmbeddedDatabaseType
instanceKlass com/fasterxml/jackson/annotation/JsonProperty$Access
instanceKlass org/springframework/boot/autoconfigure/condition/FilteringSpringBootCondition$ClassNameFilter
instanceKlass org/springframework/boot/autoconfigure/condition/ConditionalOnWebApplication$Type
instanceKlass javax/transaction/Transactional$TxType
instanceKlass javax/xml/bind/annotation/XmlAccessType
instanceKlass javax/xml/bind/annotation/XmlNsForm
instanceKlass com/fasterxml/jackson/databind/annotation/JsonSerialize$Typing
instanceKlass com/fasterxml/jackson/databind/annotation/JsonSerialize$Inclusion
instanceKlass org/springframework/context/annotation/AdviceMode
instanceKlass org/springframework/boot/autoconfigure/condition/ConditionMessage$Style
instanceKlass org/springframework/boot/autoconfigure/condition/SearchStrategy
instanceKlass org/springframework/transaction/annotation/Propagation
instanceKlass org/springframework/transaction/annotation/Isolation
instanceKlass com/fasterxml/jackson/annotation/PropertyAccessor
instanceKlass org/springframework/web/bind/annotation/RequestMethod
instanceKlass org/springframework/beans/factory/annotation/Autowire
instanceKlass org/springframework/context/annotation/ConfigurationCondition$ConfigurationPhase
instanceKlass com/fasterxml/jackson/core/JsonParser$NumberType
instanceKlass com/sun/beans/util/Cache$Kind
instanceKlass org/springframework/expression/spel/SpelCompilerMode
instanceKlass com/fasterxml/jackson/databind/DeserializationFeature
instanceKlass com/fasterxml/jackson/databind/SerializationFeature
instanceKlass com/fasterxml/jackson/databind/MapperFeature
instanceKlass com/fasterxml/jackson/annotation/JsonFormat$Shape
instanceKlass com/fasterxml/jackson/databind/cfg/CoercionInputShape
instanceKlass com/fasterxml/jackson/databind/cfg/CoercionAction
instanceKlass com/fasterxml/jackson/databind/type/LogicalType
instanceKlass com/fasterxml/jackson/annotation/JsonAutoDetect$Visibility
instanceKlass org/springframework/core/annotation/MergedAnnotation$Adapt
instanceKlass com/fasterxml/jackson/annotation/Nulls
instanceKlass com/fasterxml/jackson/annotation/JsonInclude$Include
instanceKlass com/fasterxml/jackson/core/JsonGenerator$Feature
instanceKlass com/fasterxml/jackson/core/JsonParser$Feature
instanceKlass com/fasterxml/jackson/core/JsonFactory$Feature
instanceKlass org/apache/logging/log4j/core/async/ThreadNameCachingStrategy
instanceKlass com/fasterxml/jackson/core/Base64Variant$PaddingReadBehaviour
instanceKlass com/fasterxml/jackson/core/JsonEncoding
instanceKlass com/sun/org/apache/xalan/internal/utils/XMLSecurityManager$NameMap
instanceKlass com/sun/org/apache/xalan/internal/utils/XMLSecurityManager$State
instanceKlass com/sun/org/apache/xalan/internal/utils/XMLSecurityManager$Limit
instanceKlass com/sun/org/apache/xalan/internal/utils/XMLSecurityPropertyManager$Property
instanceKlass com/sun/org/apache/xalan/internal/utils/FeaturePropertyBase$State
instanceKlass jdk/xml/internal/JdkXmlFeatures$State
instanceKlass jdk/xml/internal/JdkXmlFeatures$XmlFeature
instanceKlass org/springframework/boot/ansi/AnsiStyle
instanceKlass java/nio/file/attribute/PosixFilePermission
instanceKlass org/springframework/boot/ansi/AnsiColor
instanceKlass org/springframework/boot/ansi/AnsiOutput$Enabled
instanceKlass org/springframework/boot/context/config/Profiles$Type
instanceKlass org/springframework/boot/context/config/LocationResourceLoader$ResourceType
instanceKlass org/springframework/boot/BootstrapRegistry$Scope
instanceKlass org/springframework/boot/context/config/ConfigDataEnvironmentContributor$ImportPhase
instanceKlass org/springframework/boot/context/config/ConfigDataEnvironmentContributor$Kind
instanceKlass org/springframework/boot/context/config/ConfigData$Option
instanceKlass org/springframework/boot/context/config/ConfigDataNotFoundAction
instanceKlass org/springframework/boot/context/properties/source/ConfigurationPropertyState
instanceKlass org/springframework/boot/context/config/ConfigDataEnvironmentContributors$BinderOption
instanceKlass org/springframework/boot/cloud/CloudPlatform
instanceKlass org/springframework/boot/context/properties/source/ConfigurationPropertyName$Form
instanceKlass org/springframework/format/datetime/joda/JodaTimeFormatterRegistrar$Type
instanceKlass java/time/Month
instanceKlass java/time/format/FormatStyle
instanceKlass org/springframework/format/datetime/standard/DateTimeFormatterRegistrar$Type
instanceKlass org/apache/logging/log4j/core/Filter$Result
instanceKlass org/springframework/boot/context/properties/bind/Bindable$BindRestriction
instanceKlass org/springframework/boot/context/properties/source/ConfigurationPropertyName$ElementType
instanceKlass org/springframework/boot/logging/LogLevel
instanceKlass java/util/stream/Collector$Characteristics
instanceKlass org/springframework/boot/WebApplicationType
instanceKlass org/springframework/boot/Banner$Mode
instanceKlass org/apache/logging/log4j/core/config/LoggerConfig$LoggerConfigPredicate
instanceKlass org/apache/logging/log4j/core/config/status/StatusConfiguration$Verbosity
instanceKlass org/apache/logging/log4j/core/appender/ConsoleAppender$Target
instanceKlass org/apache/logging/log4j/core/pattern/NameAbbreviator$MaxElementAbbreviator$Strategy
instanceKlass org/apache/logging/log4j/core/util/datetime/FixedDateFormat$FixedTimeZoneFormat
instanceKlass org/apache/logging/log4j/core/util/datetime/FixedDateFormat$FixedFormat
instanceKlass org/apache/logging/log4j/core/pattern/PatternParser$ParserState
instanceKlass java/util/stream/StreamShape
instanceKlass java/util/stream/MatchOps$MatchKind
instanceKlass java/util/stream/StreamOpFlag$Type
instanceKlass java/util/stream/StreamOpFlag
instanceKlass org/apache/logging/log4j/core/LifeCycle$State
instanceKlass org/apache/logging/log4j/spi/StandardLevel
instanceKlass org/apache/commons/logging/LogAdapter$LogApi
instanceKlass org/springframework/context/annotation/FilterType
instanceKlass org/springframework/context/annotation/ScopedProxyMode
instanceKlass org/springframework/core/annotation/IntrospectionFailureLogger
instanceKlass org/springframework/util/ConcurrentReferenceHashMap$TaskOption
instanceKlass org/springframework/util/ConcurrentReferenceHashMap$Restructure
instanceKlass org/springframework/core/annotation/MergedAnnotations$SearchStrategy
instanceKlass org/springframework/util/ConcurrentReferenceHashMap$ReferenceType
instanceKlass org/apache/tomcat/JarScanType
instanceKlass org/apache/tomcat/util/http/SameSiteCookies
instanceKlass org/apache/catalina/WebResourceRoot$ResourceSetType
instanceKlass org/apache/tomcat/util/net/Acceptor$AcceptorState
instanceKlass sun/security/ssl/SignatureAndHashAlgorithm$SignatureAlgorithm
instanceKlass sun/security/ssl/SignatureAndHashAlgorithm$HashAlgorithm
instanceKlass sun/security/ssl/CipherSuite$PRF
instanceKlass sun/security/ssl/CipherSuite$KeyExchange
instanceKlass sun/security/ssl/CipherSuite$CipherType
instanceKlass org/apache/tomcat/util/net/openssl/ciphers/EncryptionLevel
instanceKlass org/apache/tomcat/util/net/openssl/ciphers/Protocol
instanceKlass org/apache/tomcat/util/net/openssl/ciphers/MessageDigest
instanceKlass org/apache/tomcat/util/net/openssl/ciphers/Encryption
instanceKlass org/apache/tomcat/util/net/openssl/ciphers/KeyExchange
instanceKlass org/apache/tomcat/util/net/openssl/ciphers/Cipher
instanceKlass java/net/StandardProtocolFamily
instanceKlass javax/servlet/SessionTrackingMode
instanceKlass java/text/Normalizer$Form
instanceKlass java/security/CryptoPrimitive
instanceKlass org/apache/catalina/valves/AbstractAccessLogValve$FormatType
instanceKlass org/apache/tomcat/util/net/SSLHostConfigCertificate$StoreType
instanceKlass org/apache/tomcat/util/net/SSLHostConfig$Type
instanceKlass org/apache/tomcat/util/net/openssl/ciphers/Authentication
instanceKlass org/apache/tomcat/util/net/SSLHostConfigCertificate$Type
instanceKlass org/apache/tomcat/util/net/SSLHostConfig$CertificateVerification
instanceKlass org/apache/tomcat/util/net/SocketEvent
instanceKlass org/apache/tomcat/util/net/AbstractEndpoint$BindState
instanceKlass com/sun/org/apache/xerces/internal/impl/XMLScanner$NameType
instanceKlass com/sun/jmx/remote/security/MBeanServerFileAccessController$AccessType
instanceKlass com/sun/org/apache/xerces/internal/util/Status
instanceKlass com/sun/org/apache/xerces/internal/utils/XMLSecurityPropertyManager$Property
instanceKlass com/sun/org/apache/xerces/internal/utils/XMLSecurityPropertyManager$State
instanceKlass com/sun/org/apache/xerces/internal/utils/XMLSecurityManager$NameMap
instanceKlass com/sun/org/apache/xerces/internal/utils/XMLSecurityManager$State
instanceKlass com/sun/org/apache/xerces/internal/utils/XMLSecurityManager$Limit
instanceKlass org/apache/catalina/LifecycleState
instanceKlass org/apache/catalina/startup/ClassLoaderFactory$RepositoryType
instanceKlass sun/launcher/LauncherHelper
instanceKlass sun/misc/ObjectInputFilter$Status
instanceKlass com/sun/management/VMOption$Origin
instanceKlass java/net/InetAddress$Cache$Type
instanceKlass java/lang/Thread$State
instanceKlass java/lang/annotation/ElementType
instanceKlass java/lang/management/MemoryType
instanceKlass java/lang/annotation/RetentionPolicy
instanceKlass java/time/format/TextStyle
instanceKlass java/time/format/DateTimeFormatterBuilder$SettingsParser
instanceKlass java/util/Locale$Category
instanceKlass java/time/format/ResolverStyle
instanceKlass java/time/format/SignStyle
instanceKlass java/time/temporal/IsoFields$Unit
instanceKlass java/time/temporal/IsoFields$Field
instanceKlass java/lang/management/PlatformComponent
instanceKlass sun/nio/fs/WindowsPathType
instanceKlass sun/util/logging/PlatformLogger$Level
instanceKlass java/time/temporal/ChronoUnit
instanceKlass java/time/temporal/ChronoField
instanceKlass java/lang/invoke/LambdaFormEditor$Transform$Kind
instanceKlass java/lang/invoke/MethodHandleImpl$Intrinsic
instanceKlass java/lang/invoke/LambdaForm$BasicType
instanceKlass sun/invoke/util/Wrapper
instanceKlass java/math/RoundingMode
instanceKlass sun/util/locale/provider/LocaleProviderAdapter$Type
instanceKlass java/util/concurrent/TimeUnit
instanceKlass sun/security/util/DisabledAlgorithmConstraints$Constraint$Operator
instanceKlass java/io/File$PathStatus
ciInstanceKlass java/lang/Enum 1 1 119 8 8 8 8 7 1 1 1 1 1 1 1 1 1 1 1 1 1 1 1 1 1 1 1 1 1 1 1 1 1 1 1 1 1 1 1 1 1 1 1 1 1 1 1 1 1 1 1 1 1 1 1 1 1 1 1 1 1 1 1 100 100 100 100 7 100 100 100 100 7 100 7 7 7 1 1 1 1 1 1 1 1 1 1 12 12 12 12 12 12 12 12 12 12 12 12 12 12 9 9 10 10 10 10 10 10 10 10 10 10 10 10 10 10 10 10 11 1
instanceKlass java/util/HashMap$TreeNode
ciInstanceKlass java/util/LinkedHashMap$Entry 1 1 27 1 1 1 1 1 1 1 1 1 1 1 1 1 1 100 7 100 100 1 1 1 1 1 12 10 1
instanceKlass java/lang/IllegalThreadStateException
instanceKlass org/springframework/web/util/pattern/PatternParseException
instanceKlass org/springframework/web/servlet/resource/ResourceUrlEncodingFilter$LookupPathIndexException
instanceKlass freemarker/template/utility/NullArgumentException
instanceKlass java/util/regex/PatternSyntaxException
instanceKlass java/nio/charset/UnsupportedCharsetException
instanceKlass java/nio/charset/IllegalCharsetNameException
instanceKlass org/springframework/aop/framework/adapter/UnknownAdviceTypeException
instanceKlass org/springframework/core/Constants$ConstantException
instanceKlass org/springframework/http/InvalidMediaTypeException
instanceKlass org/springframework/util/InvalidMimeTypeException
instanceKlass java/util/IllegalFormatException
instanceKlass java/security/InvalidParameterException
instanceKlass java/nio/file/InvalidPathException
instanceKlass java/lang/NumberFormatException
ciInstanceKlass java/lang/IllegalArgumentException 1 1 27 1 1 1 1 1 1 1 1 1 1 1 1 5 0 100 7 1 12 12 12 12 10 10 10 10 1
ciInstanceKlass java/util/WeakHashMap$Entry 1 1 91 8 1 1 1 1 1 1 1 1 1 1 1 1 1 1 1 1 1 1 1 1 1 1 1 1 1 1 1 1 1 1 1 1 1 1 1 1 1 1 1 1 1 100 100 7 100 100 100 100 7 1 1 1 1 1 1 1 1 1 12 12 12 12 12 12 12 12 12 12 12 12 12 12 9 9 9 10 10 10 10 10 10 10 10 10 10 10 11 11 1
ciInstanceKlass java/util/Locale 1 1 891 8 8 8 8 8 8 8 8 8 8 8 8 8 8 8 8 8 8 8 8 8 8 8 8 8 8 8 8 8 8 8 8 8 8 8 8 8 8 8 8 8 8 8 8 8 8 8 8 8 8 8 8 8 8 8 8 7 7 100 1 1 1 1 1 1 1 1 1 1 1 1 1 1 1 1 1 1 1 1 1 1 1 1 1 1 1 1 1 1 1 1 1 1 1 1 1 1 1 1 1 1 1 1 1 1 1 1 1 1 1 1 1 1 1 1 1 1 1 1 1 1 1 1 1 1 1 1 1 1 1 1 1 1 1 1 1 1 1 1 1 1 1 1 1 1 1 1 1 1 1 1 1 1 1 1 1 1 1 1 1 1 1 1 1 1 1 1 1 1 1 1 1 1 1 1 1 1 1 1 1 1 1 1 1 1 1 1 1 1 1 1 1 1 1 1 1 1 1 1 1 1 1 1 1 1 1 1 1 1 1 1 1 1 1 1 1 1 1 1 1 1 1 1 1 1 1 1 1 1 1 1 1 1 1 1 1 1 1 1 1 1 1 1 1 1 1 1 1 1 1 1 1 1 1 1 1 1 1 1 1 1 1 1 1 1 1 1 1 1 1 1 1 1 1 1 1 1 1 1 1 1 1 1 1 1 1 1 1 1 1 1 1 1 1 1 1 1 1 1 1 1 1 1 1 1 1 1 1 1 1 1 1 1 1 1 1 1 1 1 1 1 1 1 1 1 1 1 1 1 1 1 1 1 1 1 1 1 1 1 1 1 1 1 1 1 1 1 1 1 1 1 1 1 1 1 1 1 1 1 1 1 1 1 1 1 1 1 1 1 1 1 1 1 1 1 1 1 1 1 1 1 3 3 3 3 3 3 5 0 8 8 8 8 100 100 100 100 100 100 100 100 7 100 100 100 7 100 100 100 100 7 100 100 7 100 7 7 100 7 100 100 100 100 100 7 7 7 100 7 7 100 100 7 100 100 100 100 7 7 7 7 7 100 100 7 100 100 100 100 1 1 1 1 1 1 1 1 1 1 1 1 1 1 1 1 1 1 1 1 1 1 1 1 1 1 1 1 1 1 1 1 1 1 1 1 1 1 1 1 1 1 1 1 1 1 1 1 1 1 1 1 1 1 1 1 1 1 1 1 1 1 1 1 1 1 1 1 1 1 1 1 1 1 1 1 1 1 1 1 1 12 12 12 12 12 12 12 12 12 12 12 12 12 12 12 12 12 12 12 12 12 12 12 12 12 12 12 12 12 12 12 12 12 12 12 12 12 12 12 12 12 12 12 12 12 12 12 12 12 12 12 12 12 12 12 12 12 12 12 12 12 12 12 12 12 12 12 12 12 12 12 12 12 12 12 12 12 12 12 12 12 12 12 12 12 12 12 12 12 12 12 12 12 12 12 12 12 12 12 12 12 12 12 12 12 12 12 12 12 12 12 12 12 12 12 12 12 12 12 12 12 12 12 12 12 12 12 12 12 12 12 12 12 12 12 12 12 12 12 12 12 12 12 12 12 12 12 12 12 12 12 12 12 12 12 12 12 12 12 12 12 12 9 9 9 9 9 9 9 9 9 9 9 9 9 9 9 9 9 9 9 9 9 9 9 9 9 9 9 9 9 9 9 9 9 9 9 9 9 9 9 9 9 9 9 9 9 10 10 10 10 10 10 10 10 10 10 10 10 10 10 10 10 10 10 10 10 10 10 10 10 10 10 10 10 10 10 10 10 10 10 10 10 10 10 10 10 10 10 10 10 10 10 10 10 10 10 10 10 10 10 10 10 10 10 10 10 10 10 10 10 10 10 10 10 10 10 10 10 10 10 10 10 10 10 10 10 10 10 10 10 10 10 10 10 10 10 10 10 10 10 10 10 10 10 10 10 10 10 10 10 10 10 10 10 10 10 10 10 10 10 10 10 10 10 10 10 10 10 10 10 10 10 10 10 10 10 10 10 10 10 10 10 10 10 11 11 11 11 1 1 1 1 1 1 1 1 1 1 1
staticfield java/util/Locale LOCALECACHE Ljava/util/Locale$Cache; java/util/Locale$Cache
staticfield java/util/Locale ENGLISH Ljava/util/Locale; java/util/Locale
staticfield java/util/Locale FRENCH Ljava/util/Locale; java/util/Locale
staticfield java/util/Locale GERMAN Ljava/util/Locale; java/util/Locale
staticfield java/util/Locale ITALIAN Ljava/util/Locale; java/util/Locale
staticfield java/util/Locale JAPANESE Ljava/util/Locale; java/util/Locale
staticfield java/util/Locale KOREAN Ljava/util/Locale; java/util/Locale
staticfield java/util/Locale CHINESE Ljava/util/Locale; java/util/Locale
staticfield java/util/Locale SIMPLIFIED_CHINESE Ljava/util/Locale; java/util/Locale
staticfield java/util/Locale TRADITIONAL_CHINESE Ljava/util/Locale; java/util/Locale
staticfield java/util/Locale FRANCE Ljava/util/Locale; java/util/Locale
staticfield java/util/Locale GERMANY Ljava/util/Locale; java/util/Locale
staticfield java/util/Locale ITALY Ljava/util/Locale; java/util/Locale
staticfield java/util/Locale JAPAN Ljava/util/Locale; java/util/Locale
staticfield java/util/Locale KOREA Ljava/util/Locale; java/util/Locale
staticfield java/util/Locale CHINA Ljava/util/Locale; java/util/Locale
staticfield java/util/Locale PRC Ljava/util/Locale; java/util/Locale
staticfield java/util/Locale TAIWAN Ljava/util/Locale; java/util/Locale
staticfield java/util/Locale UK Ljava/util/Locale; java/util/Locale
staticfield java/util/Locale US Ljava/util/Locale; java/util/Locale
staticfield java/util/Locale CANADA Ljava/util/Locale; java/util/Locale
staticfield java/util/Locale CANADA_FRENCH Ljava/util/Locale; java/util/Locale
staticfield java/util/Locale ROOT Ljava/util/Locale; java/util/Locale
staticfield java/util/Locale serialPersistentFields [Ljava/io/ObjectStreamField; 6 [Ljava/io/ObjectStreamField;
staticfield java/util/Locale $assertionsDisabled Z 1
instanceKlass com/fasterxml/jackson/core/util/InternCache
instanceKlass com/ais/cs/csmf/jdbc/sequence/SequenceTable
ciInstanceKlass java/util/concurrent/ConcurrentHashMap 1 1 1012 3 3 3 4 8 8 8 8 7 7 7 7 7 7 1 1 1 1 1 1 1 1 1 1 1 1 1 1 1 1 1 1 1 1 1 1 1 1 1 1 1 1 1 1 1 1 1 1 1 1 1 1 1 1 1 1 1 1 1 1 1 1 1 1 1 1 1 1 1 1 1 1 1 1 1 1 1 1 1 1 1 1 1 1 1 1 1 1 1 1 1 1 1 1 1 1 1 1 1 1 1 1 1 1 1 1 1 1 1 1 1 1 1 1 1 1 1 1 1 1 1 1 1 1 1 1 1 1 1 1 1 1 1 1 1 1 1 1 1 1 1 1 1 1 1 1 1 1 1 1 1 1 1 1 1 1 1 1 1 1 1 1 1 1 1 1 1 1 1 1 1 1 1 1 1 1 1 1 1 1 1 1 1 1 1 1 1 1 1 1 1 1 1 1 1 1 1 1 1 1 1 1 1 1 1 1 1 1 1 1 1 1 1 1 1 1 1 1 1 1 1 1 1 1 1 1 1 1 1 1 1 1 1 1 1 1 1 1 1 1 1 1 1 1 1 1 1 1 1 1 1 1 1 1 1 1 1 1 1 1 1 1 1 1 1 1 1 1 1 1 1 1 1 1 1 1 1 1 1 1 1 1 1 1 1 1 1 1 1 1 1 1 1 1 1 1 1 1 1 1 1 1 1 1 1 1 1 1 1 1 1 1 1 1 1 1 1 1 1 1 3 3 3 3 3 3 3 3 5 0 5 0 5 0 5 0 5 0 5 0 8 8 8 8 8 8 100 100 100 100 100 100 7 100 100 7 100 100 100 100 100 7 100 100 7 7 100 100 100 7 100 7 100 100 100 100 100 100 100 100 100 7 100 100 100 100 100 100 100 100 100 7 100 7 100 100 100 100 100 100 100 100 100 100 100 100 100 100 100 100 100 100 7 100 100 100 7 100 100 100 100 100 100 7 7 7 100 100 7 100 100 100 100 7 7 7 7 1 1 1 1 1 1 1 1 1 1 1 1 1 1 1 1 1 1 1 1 1 1 1 1 1 1 1 1 1 1 1 1 1 1 1 1 1 1 1 1 1 1 1 1 1 1 1 1 1 1 1 1 1 1 1 1 1 1 1 1 1 1 1 1 1 1 1 1 1 1 1 1 1 1 1 1 1 1 1 1 1 1 1 1 1 1 1 1 1 1 1 1 1 1 1 1 1 1 1 1 1 1 1 1 1 1 1 1 1 1 1 1 1 1 1 1 1 1 1 1 1 1 1 1 1 1 1 1 1 1 1 1 1 1 1 1 1 1 1 1 1 1 1 1 1 1 1 1 1 1 1 1 1 1 1 1 1 1 1 1 1 1 1 1 1 1 1 1 1 1 1 1 12 12 12 12 12 12 12 12 12 12 12 12 12 12 12 12 12 12 12 12 12 12 12 12 12 12 12 12 12 12 12 12 12 12 12 12 12 12 12 12 12 12 12 12 12 12 12 12 12 12 12 12 12 12 12 12 12 12 12 12 12 12 12 12 12 12 12 12 12 12 12 12 12 12 12 12 12 12 12 12 12 12 12 12 12 12 12 12 12 12 12 12 12 12 12 12 12 12 12 12 12 12 12 12 12 12 12 12 12 12 12 12 12 12 12 12 12 12 12 12 12 12 12 12 12 12 12 12 12 12 12 12 12 12 12 12 12 12 12 12 12 12 12 12 12 12 12 12 12 12 9 9 9 9 9 9 9 9 9 9 9 9 9 9 9 9 9 9 9 9 9 9 9 9 9 9 9 9 9 9 9 9 9 9 9 9 10 10 10 10 10 10 10 10 10 10 10 10 10 10 10 10 10 10 10 10 10 10 10 10 10 10 10 10 10 10 10 10 10 10 10 10 10 10 10 10 10 10 10 10 10 10 10 10 10 10 10 10 10 10 10 10 10 10 10 10 10 10 10 10 10 10 10 10 10 10 10 10 10 10 10 10 10 10 10 10 10 10 10 10 10 10 10 10 10 10 10 10 10 10 10 10 10 10 10 10 10 10 10 10 10 10 10 10 10 10 10 10 10 10 10 10 10 10 10 10 10 10 10 10 10 10 10 10 10 10 10 10 10 10 10 10 10 10 10 10 10 10 10 10 10 10 10 10 11 11 11 11 11 11 11 11 11 11 11 11 11 11 1 1 1 1 1 1 1 1 1 1 1 1 1 1 1 1 1 1 1 1 1 1 1 1 1 1 1 1 1 1 1 1 1 1 1 1 1 1 1 1 1 1 1 1 1 1 1 1 1 1 1 1 1 1
staticfield java/util/concurrent/ConcurrentHashMap MAX_RESIZERS I 65535
staticfield java/util/concurrent/ConcurrentHashMap RESIZE_STAMP_SHIFT I 16
staticfield java/util/concurrent/ConcurrentHashMap NCPU I 8
staticfield java/util/concurrent/ConcurrentHashMap serialPersistentFields [Ljava/io/ObjectStreamField; 3 [Ljava/io/ObjectStreamField;
staticfield java/util/concurrent/ConcurrentHashMap U Lsun/misc/Unsafe; sun/misc/Unsafe
staticfield java/util/concurrent/ConcurrentHashMap SIZECTL J 20
staticfield java/util/concurrent/ConcurrentHashMap TRANSFERINDEX J 32
staticfield java/util/concurrent/ConcurrentHashMap BASECOUNT J 24
staticfield java/util/concurrent/ConcurrentHashMap CELLSBUSY J 36
staticfield java/util/concurrent/ConcurrentHashMap CELLVALUE J 144
staticfield java/util/concurrent/ConcurrentHashMap ABASE J 16
staticfield java/util/concurrent/ConcurrentHashMap ASHIFT I 2
instanceKlass java/util/concurrent/ConcurrentHashMap$TreeBin
instanceKlass java/util/concurrent/ConcurrentHashMap$TreeNode
instanceKlass java/util/concurrent/ConcurrentHashMap$ReservationNode
instanceKlass java/util/concurrent/ConcurrentHashMap$ForwardingNode
ciInstanceKlass java/util/concurrent/ConcurrentHashMap$Node 1 1 87 8 1 1 1 1 1 1 1 1 1 1 1 1 1 1 1 1 1 1 1 1 1 1 1 1 1 1 1 1 1 1 1 1 1 1 1 1 1 1 1 1 1 1 7 100 100 100 100 100 7 1 1 1 1 1 1 1 1 1 12 12 12 12 12 12 12 12 12 12 12 12 9 9 9 9 10 10 10 10 10 10 10 10 11 11 1
ciInstanceKlass java/util/HashMap$TreeNode 1 1 177 7 1 1 1 1 1 1 1 1 1 1 1 1 1 1 1 1 1 1 1 1 1 1 1 1 1 1 1 1 1 1 1 1 1 1 1 1 1 1 1 1 1 1 1 1 1 1 1 1 1 1 1 1 1 1 1 1 1 1 1 1 1 1 1 1 100 100 7 7 7 7 7 7 100 7 1 1 1 1 1 1 1 1 1 1 1 1 1 1 1 1 1 1 1 1 1 1 1 1 1 1 1 1 1 1 1 1 1 1 12 12 12 12 12 12 12 12 12 12 12 12 12 12 12 12 12 12 12 12 12 12 12 12 12 12 12 12 12 12 12 12 9 9 9 9 9 9 9 9 9 9 10 10 10 10 10 10 10 10 10 10 10 10 10 10 10 10 10 10 10 10 10 10 10 1 1
staticfield java/util/HashMap$TreeNode $assertionsDisabled Z 1
instanceKlass org/apache/catalina/webresources/CachedResource$CachedResourceURLStreamHandler
instanceKlass org/apache/catalina/webresources/ClasspathURLStreamHandler
instanceKlass org/apache/catalina/webresources/war/Handler
instanceKlass sun/net/www/protocol/http/Handler
instanceKlass sun/net/www/protocol/ftp/Handler
instanceKlass sun/net/www/protocol/jar/Handler
instanceKlass sun/net/www/protocol/file/Handler
ciInstanceKlass java/net/URLStreamHandler 1 1 230 8 8 8 8 8 8 8 8 8 8 8 8 8 8 8 1 1 1 1 1 1 1 1 1 1 1 1 1 1 1 1 1 1 1 1 1 1 1 1 1 1 1 1 1 1 1 1 1 1 1 1 1 1 1 1 1 1 1 1 1 1 1 1 1 1 1 1 1 1 1 1 1 1 1 1 1 1 1 1 1 1 1 1 1 1 1 1 1 1 1 1 1 1 1 1 1 1 1 1 1 1 1 100 100 100 7 100 7 7 7 100 100 7 7 100 100 1 1 1 1 1 1 1 1 1 1 1 1 1 1 1 1 1 1 12 12 12 12 12 12 12 12 12 12 12 12 12 12 12 12 12 12 12 12 12 12 12 12 12 12 12 12 12 12 12 12 12 12 12 12 12 12 12 12 12 12 12 12 9 9 10 10 10 10 10 10 10 10 10 10 10 10 10 10 10 10 10 10 10 10 10 10 10 10 10 10 10 10 10 10 10 10 10 10 10 10 10 10 10 10 10 10 10 10 10 10 10 10 1
instanceKlass com/atomikos/icatch/imp/PropagationException
instanceKlass java/nio/channels/ClosedChannelException
instanceKlass javax/net/ssl/SSLException
instanceKlass freemarker/template/MalformedTemplateNameException
instanceKlass freemarker/core/ParseException
instanceKlass net/schmizz/sshj/common/SSHException
instanceKlass java/util/InvalidPropertiesFormatException
instanceKlass java/nio/charset/CharacterCodingException
instanceKlass com/fasterxml/jackson/core/JacksonException
instanceKlass java/util/zip/ZipException
instanceKlass java/nio/file/FileSystemException
instanceKlass org/springframework/core/NestedIOException
instanceKlass org/apache/coyote/CloseNowException
instanceKlass com/sun/org/apache/xerces/internal/util/URI$MalformedURIException
instanceKlass java/io/CharConversionException
instanceKlass org/apache/catalina/connector/ClientAbortException
instanceKlass java/io/InterruptedIOException
instanceKlass java/net/UnknownHostException
instanceKlass java/io/EOFException
instanceKlass java/net/SocketException
instanceKlass java/net/MalformedURLException
instanceKlass java/io/ObjectStreamException
instanceKlass java/rmi/RemoteException
instanceKlass java/io/FileNotFoundException
instanceKlass java/io/UnsupportedEncodingException
ciInstanceKlass java/io/IOException 1 1 27 1 1 1 1 1 1 1 1 1 1 1 1 5 0 100 7 1 12 12 12 12 10 10 10 10 1
ciInstanceKlass java/lang/instrument/ClassFileTransformer 1 0 14 1 1 1 1 1 1 1 100 100 100 1 1 1
ciInstanceKlass java/util/concurrent/ConcurrentHashMap$ForwardingNode 1 1 56 1 1 1 1 1 1 1 1 1 1 1 1 1 1 1 1 1 1 1 1 1 1 1 100 100 7 7 7 1 1 1 1 1 1 1 1 1 12 12 12 12 12 12 12 12 9 9 9 9 10 10 10 10 1 1
ciInstanceKlass java/lang/Package 1 1 380 8 8 8 8 8 8 8 8 8 7 1 1 1 1 1 1 1 1 1 1 1 1 1 1 1 1 1 1 1 1 1 1 1 1 1 1 1 1 1 1 1 1 1 1 1 1 1 1 1 1 1 1 1 1 1 1 1 1 1 1 1 1 1 1 1 1 1 1 1 1 1 1 1 1 1 1 1 1 1 1 1 1 1 1 1 1 1 1 1 1 1 1 1 1 1 1 1 1 1 1 1 1 1 1 1 1 1 1 1 1 1 1 1 1 1 1 1 1 1 1 1 1 1 1 1 1 1 1 1 1 1 1 1 1 1 1 1 1 1 1 1 1 1 1 1 1 1 1 1 1 1 1 1 1 1 100 100 100 7 100 7 7 7 100 100 7 7 7 7 7 7 100 100 100 7 100 7 7 7 7 7 7 100 1 1 1 1 1 1 1 1 1 1 1 1 1 1 1 1 1 1 1 1 1 1 1 1 1 1 1 1 1 1 1 1 1 1 1 1 1 1 1 1 1 1 1 1 1 1 12 12 12 12 12 12 12 12 12 12 12 12 12 12 12 12 12 12 12 12 12 12 12 12 12 12 12 12 12 12 12 12 12 12 12 12 12 12 12 12 12 12 12 12 12 12 12 12 12 12 12 12 12 12 12 12 12 12 12 12 12 12 12 12 12 12 12 12 12 12 12 12 12 9 9 9 9 9 9 9 9 9 9 9 9 9 9 9 9 9 9 9 9 10 10 10 10 10 10 10 10 10 10 10 10 10 10 10 10 10 10 10 10 10 10 10 10 10 10 10 10 10 10 10 10 10 10 10 10 10 10 10 10 10 10 10 10 10 10 10 10 10 10 10 11 11 11 11 11 1
instanceKlass java/util/zip/GZIPInputStream
instanceKlass java/util/zip/ZipFile$ZipFileInflaterInputStream
instanceKlass java/util/zip/ZipInputStream
ciInstanceKlass java/util/zip/InflaterInputStream 1 1 157 8 8 8 8 8 8 1 1 1 1 1 1 1 1 1 1 1 1 1 1 1 1 1 1 1 1 1 1 1 1 1 1 1 1 1 1 1 1 1 1 1 1 1 1 1 1 1 1 1 1 1 1 1 1 1 1 1 1 1 1 1 1 1 1 1 1 1 1 1 1 1 1 1 5 0 100 100 7 100 7 7 100 100 7 100 100 100 7 7 100 1 1 1 1 1 12 12 12 12 12 12 12 12 12 12 12 12 12 12 12 12 12 12 12 12 12 12 12 12 12 12 12 9 9 9 9 9 9 9 9 9 10 10 10 10 10 10 10 10 10 10 10 10 10 10 10 10 10 10 10 10 10 10 10 10 1
ciInstanceKlass java/io/PushbackInputStream 1 1 93 3 8 8 8 8 1 1 1 1 1 1 1 1 1 1 1 1 1 1 1 1 1 1 1 1 1 1 1 1 1 1 1 1 1 1 1 1 1 1 1 1 1 1 1 1 1 1 7 100 7 7 100 100 100 7 1 1 1 1 12 12 12 12 12 12 12 12 12 12 12 12 12 12 12 9 9 9 10 10 10 10 10 10 10 10 10 10 10 10 10 10 1
ciInstanceKlass java/util/zip/Inflater 1 1 153 8 7 1 1 1 1 1 1 1 1 1 1 1 1 1 1 1 1 1 1 1 1 1 1 1 1 1 1 1 1 1 1 1 1 1 1 1 1 1 1 1 1 1 1 1 1 1 1 1 1 1 1 1 1 1 1 1 1 1 1 1 1 1 1 1 1 1 1 1 1 1 1 1 100 100 100 7 100 7 100 100 100 7 1 12 12 12 12 12 12 12 12 12 12 12 12 12 12 12 12 12 12 12 12 12 12 12 12 12 12 12 12 12 12 12 12 9 9 9 9 9 9 9 9 9 9 10 10 10 10 10 10 10 10 10 10 10 10 10 10 10 10 10 10 10 10 10 10 10 10 10 1
staticfield java/util/zip/Inflater defaultBuf [B 0
staticfield java/util/zip/Inflater $assertionsDisabled Z 1
ciInstanceKlass java/util/zip/ZStreamRef 1 1 20 1 1 1 1 1 1 1 1 1 1 1 1 7 7 12 12 9 10 1
ciInstanceKlass java/util/zip/ZipUtils 1 1 119 1 1 1 1 1 1 1 1 1 1 1 1 1 1 1 1 1 1 1 1 1 1 1 1 1 1 1 1 1 1 1 1 1 1 1 1 1 1 1 1 1 1 1 1 1 1 5 0 5 0 5 0 5 0 5 0 5 0 5 0 5 0 5 0 5 0 5 0 7 100 7 7 100 7 1 1 1 1 1 12 12 12 12 12 12 12 12 12 12 12 12 12 12 12 12 12 12 12 9 9 10 10 10 10 10 10 10 10 10 10 10 10 10 10 10 10 10 1
instanceKlass java/util/jar/JarEntry
ciInstanceKlass java/util/zip/ZipEntry 1 1 226 3 8 8 8 8 8 8 8 8 8 8 8 1 1 1 1 1 1 1 1 1 1 1 1 1 1 1 1 1 1 1 1 1 1 1 1 1 1 1 1 1 1 1 1 1 1 1 1 1 1 1 1 1 1 1 1 1 1 1 1 1 1 1 1 1 1 1 1 1 1 1 1 1 1 1 1 1 1 1 1 1 1 1 1 1 1 1 1 1 1 1 1 1 1 1 1 1 1 1 1 1 1 1 1 1 1 1 1 1 1 1 1 1 1 1 1 1 1 1 1 3 3 5 0 5 0 5 0 5 0 100 100 100 100 100 100 7 7 7 7 100 100 7 7 1 1 1 1 1 1 1 1 1 12 12 12 12 12 12 12 12 12 12 12 12 12 12 12 12 12 12 12 12 12 12 12 12 12 12 12 12 12 12 12 12 12 12 12 9 9 9 9 9 9 9 9 9 9 9 9 9 10 10 10 10 10 10 10 10 10 10 10 10 10 10 10 10 10 10 10 10 10 10 10 1
instanceKlass sun/net/www/protocol/jar/URLJarFile$URLJarFileEntry
instanceKlass java/util/jar/JarFile$JarFileEntry
ciInstanceKlass java/util/jar/JarEntry 1 1 47 1 1 1 1 1 1 1 1 1 1 1 1 1 1 1 1 1 1 1 1 100 100 100 7 7 1 1 1 1 1 1 12 12 12 12 12 12 9 9 9 10 10 10 10 10 1
ciInstanceKlass java/util/jar/Attributes 1 1 251 8 8 8 8 8 8 8 8 8 8 7 1 1 1 1 1 1 1 1 1 1 1 1 1 1 1 1 1 1 1 1 1 1 1 1 1 1 1 1 1 1 1 1 1 1 1 1 1 1 1 1 1 1 1 1 1 1 1 1 1 1 1 1 1 1 1 1 1 1 1 1 1 1 1 1 1 1 1 1 1 1 1 1 1 1 1 1 1 1 1 1 1 1 1 1 1 1 1 1 1 1 1 1 1 1 1 1 100 100 100 7 100 100 100 7 7 100 100 7 7 7 7 7 7 7 100 7 100 1 1 1 1 1 1 1 1 1 1 1 1 1 1 1 1 1 1 1 1 1 1 1 1 12 12 12 12 12 12 12 12 12 12 12 12 12 12 12 12 12 12 12 12 12 12 12 12 12 12 12 12 12 12 12 12 12 12 12 12 12 12 12 12 12 12 12 9 9 9 10 10 10 10 10 10 10 10 10 10 10 10 10 10 10 10 10 10 10 10 10 10 10 10 10 10 10 10 10 10 10 10 11 11 11 11 11 11 11 11 11 11 11 11 11 11 11 11 11 11 1 1
ciInstanceKlass java/util/jar/Attributes$Name 1 1 172 8 8 8 8 8 8 8 8 8 8 8 8 8 8 8 8 8 8 1 1 1 1 1 1 1 1 1 1 1 1 1 1 1 1 1 1 1 1 1 1 1 1 1 1 1 1 1 1 1 1 1 1 1 1 1 1 1 1 1 1 1 1 1 1 1 1 1 1 1 1 1 1 1 1 1 1 1 1 1 1 1 1 1 1 1 1 1 1 1 1 1 1 1 1 1 100 100 7 7 7 100 7 7 1 1 1 12 12 12 12 12 12 12 12 12 12 12 12 12 12 12 12 12 12 12 12 12 12 12 12 12 12 12 12 12 12 12 9 9 9 9 9 9 9 9 9 9 9 9 9 9 9 9 9 9 9 9 10 10 10 10 10 10 10 10 10 10 10 10 11 1
staticfield java/util/jar/Attributes$Name MANIFEST_VERSION Ljava/util/jar/Attributes$Name; java/util/jar/Attributes$Name
staticfield java/util/jar/Attributes$Name SIGNATURE_VERSION Ljava/util/jar/Attributes$Name; java/util/jar/Attributes$Name
staticfield java/util/jar/Attributes$Name CONTENT_TYPE Ljava/util/jar/Attributes$Name; java/util/jar/Attributes$Name
staticfield java/util/jar/Attributes$Name CLASS_PATH Ljava/util/jar/Attributes$Name; java/util/jar/Attributes$Name
staticfield java/util/jar/Attributes$Name MAIN_CLASS Ljava/util/jar/Attributes$Name; java/util/jar/Attributes$Name
staticfield java/util/jar/Attributes$Name SEALED Ljava/util/jar/Attributes$Name; java/util/jar/Attributes$Name
staticfield java/util/jar/Attributes$Name EXTENSION_LIST Ljava/util/jar/Attributes$Name; java/util/jar/Attributes$Name
staticfield java/util/jar/Attributes$Name EXTENSION_NAME Ljava/util/jar/Attributes$Name; java/util/jar/Attributes$Name
staticfield java/util/jar/Attributes$Name EXTENSION_INSTALLATION Ljava/util/jar/Attributes$Name; java/util/jar/Attributes$Name
staticfield java/util/jar/Attributes$Name IMPLEMENTATION_TITLE Ljava/util/jar/Attributes$Name; java/util/jar/Attributes$Name
staticfield java/util/jar/Attributes$Name IMPLEMENTATION_VERSION Ljava/util/jar/Attributes$Name; java/util/jar/Attributes$Name
staticfield java/util/jar/Attributes$Name IMPLEMENTATION_VENDOR Ljava/util/jar/Attributes$Name; java/util/jar/Attributes$Name
staticfield java/util/jar/Attributes$Name IMPLEMENTATION_VENDOR_ID Ljava/util/jar/Attributes$Name; java/util/jar/Attributes$Name
staticfield java/util/jar/Attributes$Name IMPLEMENTATION_URL Ljava/util/jar/Attributes$Name; java/util/jar/Attributes$Name
staticfield java/util/jar/Attributes$Name SPECIFICATION_TITLE Ljava/util/jar/Attributes$Name; java/util/jar/Attributes$Name
staticfield java/util/jar/Attributes$Name SPECIFICATION_VERSION Ljava/util/jar/Attributes$Name; java/util/jar/Attributes$Name
staticfield java/util/jar/Attributes$Name SPECIFICATION_VENDOR Ljava/util/jar/Attributes$Name; java/util/jar/Attributes$Name
instanceKlass org/springframework/beans/factory/support/AbstractBeanFactory$BeanPostProcessorCacheAwareList
ciInstanceKlass java/util/concurrent/CopyOnWriteArrayList 1 1 362 8 8 8 7 7 1 1 1 1 1 1 1 1 1 1 1 1 1 1 1 1 1 1 1 1 1 1 1 1 1 1 1 1 1 1 1 1 1 1 1 1 1 1 1 1 1 1 1 1 1 1 1 1 1 1 1 1 1 1 1 1 1 1 1 1 1 1 1 1 1 1 1 1 1 1 1 1 1 1 1 1 1 1 1 1 1 1 1 1 1 1 1 1 1 1 1 1 1 1 1 1 1 1 1 1 1 1 1 1 1 1 1 1 1 1 1 1 1 1 1 1 1 1 1 1 1 1 1 1 1 1 1 1 1 1 1 1 1 5 0 100 100 100 100 7 100 100 100 100 100 100 100 100 100 7 100 7 100 7 7 100 100 100 100 7 100 7 100 100 7 100 100 100 100 100 7 1 1 1 1 1 1 1 1 1 1 1 1 1 1 1 1 1 1 1 1 1 1 1 1 1 1 1 1 1 1 1 1 1 1 1 1 1 1 1 1 1 1 1 1 1 1 1 1 1 1 1 1 1 1 1 1 1 1 1 1 1 1 1 1 1 12 12 12 12 12 12 12 12 12 12 12 12 12 12 12 12 12 12 12 12 12 12 12 12 12 12 12 12 12 12 12 12 12 12 12 12 12 12 12 12 12 12 12 12 12 12 12 12 12 12 12 12 12 12 12 9 9 9 9 10 10 10 10 10 10 10 10 10 10 10 10 10 10 10 10 10 10 10 10 10 10 10 10 10 10 10 10 10 10 10 10 10 10 10 10 10 10 10 10 10 10 10 10 10 10 10 11 11 11 11 11 11 11 11 11 11 1 1 1 1
staticfield java/util/concurrent/CopyOnWriteArrayList UNSAFE Lsun/misc/Unsafe; sun/misc/Unsafe
staticfield java/util/concurrent/CopyOnWriteArrayList lockOffset J 12
instanceKlass java/util/jar/JarFile
ciInstanceKlass java/util/zip/ZipFile 1 1 512 8 8 8 8 8 8 8 8 8 8 8 8 8 1 1 1 1 1 1 1 1 1 1 1 1 1 1 1 1 1 1 1 1 1 1 1 1 1 1 1 1 1 1 1 1 1 1 1 1 1 1 1 1 1 1 1 1 1 1 1 1 1 1 1 1 1 1 1 1 1 1 1 1 1 1 1 1 1 1 1 1 1 1 1 1 1 1 1 1 1 1 1 1 1 1 1 1 1 1 1 1 1 1 1 1 1 1 1 1 1 1 1 1 1 1 1 1 1 1 1 1 1 1 1 1 1 1 1 1 1 1 1 1 1 1 1 1 1 1 1 1 1 1 1 1 1 1 1 1 1 1 1 1 1 1 1 1 1 1 1 1 1 1 1 1 1 1 1 1 1 1 1 1 1 1 1 1 1 1 1 1 1 1 1 1 1 1 1 1 1 1 1 1 1 1 1 1 1 1 1 1 1 1 1 1 1 1 1 1 1 1 1 3 3 3 3 3 5 0 5 0 5 0 5 0 100 100 7 100 100 100 100 100 100 7 100 100 100 7 100 100 7 7 7 100 100 7 100 100 100 7 100 7 7 100 7 100 7 7 7 7 7 7 7 7 1 1 1 1 1 1 1 1 1 1 1 1 1 1 1 1 1 1 1 1 1 1 1 1 1 1 1 1 1 1 1 1 1 1 1 1 1 1 1 1 1 1 1 1 1 12 12 12 12 12 12 12 12 12 12 12 12 12 12 12 12 12 12 12 12 12 12 12 12 12 12 12 12 12 12 12 12 12 12 12 12 12 12 12 12 12 12 12 12 12 12 12 12 12 12 12 12 12 12 12 12 12 12 12 12 12 12 12 12 12 12 12 12 12 12 12 12 12 12 12 12 12 12 12 12 12 12 12 12 12 12 12 12 12 12 12 12 12 9 9 9 9 9 9 9 9 9 9 9 9 9 9 9 9 9 9 9 10 10 10 10 10 10 10 10 10 10 10 10 10 10 10 10 10 10 10 10 10 10 10 10 10 10 10 10 10 10 10 10 10 10 10 10 10 10 10 10 10 10 10 10 10 10 10 10 10 10 10 10 10 10 10 10 10 10 10 10 10 10 10 10 10 10 10 10 10 10 10 10 10 10 11 11 11 11 11 11 11 11 11 11 11 1 1 1 1
staticfield java/util/zip/ZipFile usemmap Z 1
staticfield java/util/zip/ZipFile ensuretrailingslash Z 1
instanceKlass sun/net/www/protocol/jar/URLJarFile
ciInstanceKlass java/util/jar/JarFile 1 1 450 8 8 8 8 8 8 8 8 8 8 8 8 8 8 8 8 8 8 8 8 8 1 1 1 1 1 1 1 1 1 1 1 1 1 1 1 1 1 1 1 1 1 1 1 1 1 1 1 1 1 1 1 1 1 1 1 1 1 1 1 1 1 1 1 1 1 1 1 1 1 1 1 1 1 1 1 1 1 1 1 1 1 1 1 1 1 1 1 1 1 1 1 1 1 1 1 1 1 1 1 1 1 1 1 1 1 1 1 1 1 1 1 1 1 1 1 1 1 1 1 1 1 1 1 1 1 1 1 1 1 1 1 1 1 1 1 1 1 1 1 1 1 1 1 1 1 1 1 1 1 1 1 1 1 1 1 1 1 1 1 1 1 1 1 1 1 1 1 1 1 1 1 1 1 1 1 1 1 1 1 1 1 100 100 7 7 100 7 7 100 7 7 100 7 7 100 100 100 7 100 7 100 7 100 100 100 7 7 7 7 7 7 100 7 7 7 7 7 100 7 7 1 1 1 1 1 1 1 1 1 1 1 1 1 1 1 1 1 1 1 1 1 1 1 1 1 1 1 1 1 1 1 1 1 1 1 1 1 1 1 1 1 1 1 1 1 1 1 1 1 1 1 1 1 12 12 12 12 12 12 12 12 12 12 12 12 12 12 12 12 12 12 12 12 12 12 12 12 12 12 12 12 12 12 12 12 12 12 12 12 12 12 12 12 12 12 12 12 12 12 12 12 12 12 12 12 12 12 12 12 12 12 12 12 12 12 12 12 12 12 12 12 12 12 12 12 12 12 12 12 12 12 12 12 12 9 9 9 9 9 9 9 9 9 9 9 9 9 9 9 9 10 10 10 10 10 10 10 10 10 10 10 10 10 10 10 10 10 10 10 10 10 10 10 10 10 10 10 10 10 10 10 10 10 10 10 10 10 10 10 10 10 10 10 10 10 10 10 10 10 10 10 10 10 10 10 10 10 10 10 10 10 10 10 10 10 10 10 10 10 10 10 10 10 11 1 1 1 1
staticfield java/util/jar/JarFile CLASSPATH_CHARS [C 10
staticfield java/util/jar/JarFile CLASSPATH_LASTOCC [I 128
staticfield java/util/jar/JarFile CLASSPATH_OPTOSFT [I 10
ciInstanceKlass java/util/Deque 1 1 80 1 1 1 1 1 1 1 1 1 1 1 1 1 1 1 1 1 1 1 1 1 1 1 1 1 1 1 1 1 1 1 1 1 1 1 1 1 100 100 100 1 1 1 1 1 1 100 1 8 1 1 12 10 1 1 1 8 1 1 1 8 1 1 1 8 1 1 8 1 1 1 8 1 1 8 1 1 8 1
instanceKlass org/springframework/context/annotation/ConfigurationClassParser$ImportStack
ciInstanceKlass java/util/ArrayDeque 1 1 266 8 100 7 1 1 1 1 1 1 1 1 1 1 1 1 1 1 1 1 1 1 1 1 1 1 1 1 1 1 1 1 1 1 1 1 1 1 1 1 1 1 1 1 1 1 1 1 1 1 1 1 1 1 1 1 1 1 1 1 1 1 1 1 1 1 1 1 1 1 1 1 1 1 1 1 1 1 1 1 1 1 1 1 1 1 1 1 1 1 1 1 1 1 1 1 1 1 1 1 1 1 1 1 1 1 1 1 1 1 1 1 1 1 1 1 1 1 1 1 3 5 0 100 100 100 100 100 7 100 100 100 100 100 7 100 100 7 100 7 100 100 100 100 100 100 100 100 100 1 1 1 1 1 1 1 1 1 1 1 1 1 1 1 1 1 1 1 1 1 1 1 12 12 12 12 12 12 12 12 12 12 12 12 12 12 12 12 12 12 12 12 12 12 12 12 12 12 12 12 12 12 12 12 12 12 12 12 12 12 12 12 12 12 9 9 9 9 10 10 10 10 10 10 10 10 10 10 10 10 10 10 10 10 10 10 10 10 10 10 10 10 10 10 10 10 10 10 10 10 10 10 10 10 10 10 10 10 10 10 11 11 1 1 1 1
staticfield java/util/ArrayDeque $assertionsDisabled Z 1
ciInstanceKlass java/util/jar/JarFile$JarFileEntry 1 1 82 1 1 1 1 1 1 1 1 1 1 1 1 1 1 1 1 1 1 1 1 1 1 1 1 1 1 1 1 1 1 1 7 7 100 100 7 7 7 7 100 1 1 1 1 1 1 1 1 1 1 1 1 12 12 12 12 12 12 12 12 12 12 12 12 12 9 9 9 10 10 10 10 10 10 10 10 10 10 10 1 1
ciInstanceKlass java/util/zip/ZipFile$ZipFileInputStream 1 1 97 3 1 1 1 1 1 1 1 1 1 1 1 1 1 1 1 1 1 1 1 1 1 1 1 1 1 1 1 1 1 1 1 1 1 1 1 1 1 1 1 1 1 1 1 1 5 0 100 100 7 100 100 7 7 7 1 1 1 1 1 12 12 12 12 12 12 12 12 12 12 12 12 12 12 12 12 12 9 9 9 9 9 9 10 10 10 10 10 10 10 10 10 10 11 1 1
ciInstanceKlass java/util/zip/ZipFile$ZipFileInflaterInputStream 1 1 112 3 8 1 1 1 1 1 1 1 1 1 1 1 1 1 1 1 1 1 1 1 1 1 1 1 1 1 1 1 1 1 1 1 1 1 1 1 1 1 1 1 1 1 1 1 1 1 1 1 1 5 0 100 100 7 100 100 7 7 7 7 7 7 1 1 1 1 1 1 1 1 12 12 12 12 12 12 12 12 12 12 12 12 12 12 12 12 12 12 9 9 9 9 9 9 9 9 10 10 10 10 10 10 10 10 10 10 11 1 1 1
ciInstanceKlass java/util/jar/JarVerifier 1 1 552 8 8 8 8 8 8 8 8 8 8 8 8 8 8 1 1 1 1 1 1 1 1 1 1 1 1 1 1 1 1 1 1 1 1 1 1 1 1 1 1 1 1 1 1 1 1 1 1 1 1 1 1 1 1 1 1 1 1 1 1 1 1 1 1 1 1 1 1 1 1 1 1 1 1 1 1 1 1 1 1 1 1 1 1 1 1 1 1 1 1 1 1 1 1 1 1 1 1 1 1 1 1 1 1 1 1 1 1 1 1 1 1 1 1 1 1 1 1 1 1 1 1 1 1 1 1 1 1 1 1 1 1 1 1 1 1 1 1 1 1 1 1 1 1 1 1 1 1 1 1 1 1 1 1 1 1 1 1 1 1 1 1 1 1 1 1 1 1 1 1 1 1 1 1 1 1 1 1 1 1 1 1 1 1 1 1 1 1 1 1 1 1 1 1 1 1 1 1 1 1 1 7 7 100 7 7 100 100 7 7 100 100 7 100 100 100 7 7 100 7 100 100 7 100 7 7 100 7 100 100 7 100 7 100 100 7 100 100 100 7 7 7 7 1 1 1 1 1 1 1 1 1 1 1 1 1 1 1 1 1 1 1 1 1 1 1 1 1 1 1 1 1 1 1 1 1 1 1 1 1 1 1 1 1 1 1 1 1 1 1 1 1 1 1 1 1 1 1 1 1 1 1 1 1 1 1 1 1 1 1 1 1 1 1 1 1 1 1 1 1 1 12 12 12 12 12 12 12 12 12 12 12 12 12 12 12 12 12 12 12 12 12 12 12 12 12 12 12 12 12 12 12 12 12 12 12 12 12 12 12 12 12 12 12 12 12 12 12 12 12 12 12 12 12 12 12 12 12 12 12 12 12 12 12 12 12 12 12 12 12 12 12 12 12 12 12 12 12 12 12 12 12 12 12 12 12 12 12 12 12 12 12 12 12 12 12 12 12 12 12 12 12 12 12 12 12 9 9 9 9 9 9 9 9 9 9 9 9 9 9 9 9 9 9 9 9 9 9 9 9 9 9 10 10 10 10 10 10 10 10 10 10 10 10 10 10 10 10 10 10 10 10 10 10 10 10 10 10 10 10 10 10 10 10 10 10 10 10 10 10 10 10 10 10 10 10 10 10 10 10 10 10 10 10 10 10 10 10 10 10 10 10 10 10 10 10 10 10 10 10 10 10 10 10 10 10 10 10 10 10 10 10 10 11 11 11 11 11 11 11 11 11 11 11 11 11 11 11 1 1 1
staticfield java/util/jar/JarVerifier debug Lsun/security/util/Debug; null
ciInstanceKlass java/security/CodeSigner 1 1 110 8 8 8 8 1 1 1 1 1 1 1 1 1 1 1 1 1 1 1 1 1 1 1 1 1 1 1 1 1 1 1 1 1 1 1 1 1 1 1 1 1 1 1 1 1 1 1 1 1 5 0 100 100 100 100 100 7 100 100 7 100 100 100 1 1 1 1 1 1 1 1 1 12 12 12 12 12 12 12 12 12 12 12 12 12 12 12 9 9 9 10 10 10 10 10 10 10 10 10 10 10 10 10 10 10 10 10 11 1
ciInstanceKlass sun/security/util/ManifestEntryVerifier 1 1 285 8 8 8 8 8 8 8 8 8 8 1 1 1 1 1 1 1 1 1 1 1 1 1 1 1 1 1 1 1 1 1 1 1 1 1 1 1 1 1 1 1 1 1 1 1 1 1 1 1 1 1 1 1 1 1 1 1 1 1 1 1 1 1 1 1 1 1 1 1 1 1 1 1 1 1 1 1 1 1 1 1 1 1 1 1 1 1 1 1 1 1 1 1 1 1 1 1 1 1 1 1 1 1 1 1 1 1 1 1 1 1 1 1 1 1 1 1 1 1 1 1 7 7 100 7 100 7 100 100 7 100 7 7 7 7 7 7 7 100 7 7 7 100 100 7 7 7 7 1 1 1 1 1 1 1 1 1 1 1 1 1 1 1 1 1 1 1 1 1 1 1 1 1 1 1 12 12 12 12 12 12 12 12 12 12 12 12 12 12 12 12 12 12 12 12 12 12 12 12 12 12 12 12 12 12 12 12 12 12 12 12 12 12 12 12 12 12 12 12 12 12 12 12 12 12 9 9 9 9 9 9 9 9 9 9 9 10 10 10 10 10 10 10 10 10 10 10 10 10 10 10 10 10 10 10 10 10 10 10 10 10 10 10 10 10 10 10 10 10 10 10 10 10 10 10 10 11 11 11 11 11 1 1 1
staticfield sun/security/util/ManifestEntryVerifier debug Lsun/security/util/Debug; null
staticfield sun/security/util/ManifestEntryVerifier hexc [C 16
instanceKlass sun/java2d/InvalidPipeException
instanceKlass org/apache/coyote/http11/HeadersTooLargeException
instanceKlass java/nio/channels/WritePendingException
instanceKlass java/nio/channels/ReadPendingException
instanceKlass java/nio/channels/OverlappingFileLockException
instanceKlass org/springframework/context/annotation/ConflictingBeanDefinitionException
instanceKlass org/springframework/beans/factory/support/ImplicitlyAppearedSingletonException
instanceKlass org/springframework/core/env/MissingRequiredPropertiesException
instanceKlass org/apache/catalina/session/TooManyActiveSessionsException
instanceKlass java/nio/channels/CancelledKeyException
ciInstanceKlass java/lang/IllegalStateException 1 1 27 1 1 1 1 1 1 1 1 1 1 1 1 5 0 100 7 1 12 12 12 12 10 10 10 10 1
instanceKlass java/security/AccessControlException
ciInstanceKlass java/lang/SecurityException 0 0 27 1 1 1 1 1 1 1 1 1 1 1 1 5 0 100 100 1 12 12 12 12 10 10 10 10 1
instanceKlass java/util/concurrent/TimeUnit$7
instanceKlass java/util/concurrent/TimeUnit$6
instanceKlass java/util/concurrent/TimeUnit$5
instanceKlass java/util/concurrent/TimeUnit$4
instanceKlass java/util/concurrent/TimeUnit$3
instanceKlass java/util/concurrent/TimeUnit$2
instanceKlass java/util/concurrent/TimeUnit$1
ciInstanceKlass java/util/concurrent/TimeUnit 1 1 159 8 8 8 8 8 8 8 7 1 1 1 1 1 1 1 1 1 1 1 1 1 1 1 1 1 1 1 1 1 1 1 1 1 1 1 1 1 1 1 1 1 1 1 1 1 1 1 1 1 1 1 1 1 1 1 1 1 1 1 1 1 1 1 1 1 1 1 1 1 1 1 1 1 1 5 0 5 0 5 0 5 0 5 0 5 0 5 0 5 0 5 0 7 100 7 7 100 100 7 7 7 7 7 7 7 1 1 1 1 1 1 1 1 1 1 12 12 12 12 12 12 12 12 12 12 12 12 12 12 12 12 12 9 9 9 9 9 9 9 9 10 10 10 10 10 10 10 10 10 10 10 10 10 10 10 10 10 1
staticfield java/util/concurrent/TimeUnit NANOSECONDS Ljava/util/concurrent/TimeUnit; java/util/concurrent/TimeUnit$1
staticfield java/util/concurrent/TimeUnit MICROSECONDS Ljava/util/concurrent/TimeUnit; java/util/concurrent/TimeUnit$2
staticfield java/util/concurrent/TimeUnit MILLISECONDS Ljava/util/concurrent/TimeUnit; java/util/concurrent/TimeUnit$3
staticfield java/util/concurrent/TimeUnit SECONDS Ljava/util/concurrent/TimeUnit; java/util/concurrent/TimeUnit$4
staticfield java/util/concurrent/TimeUnit MINUTES Ljava/util/concurrent/TimeUnit; java/util/concurrent/TimeUnit$5
staticfield java/util/concurrent/TimeUnit HOURS Ljava/util/concurrent/TimeUnit; java/util/concurrent/TimeUnit$6
staticfield java/util/concurrent/TimeUnit DAYS Ljava/util/concurrent/TimeUnit; java/util/concurrent/TimeUnit$7
staticfield java/util/concurrent/TimeUnit $VALUES [Ljava/util/concurrent/TimeUnit; 7 [Ljava/util/concurrent/TimeUnit;
ciInstanceKlass java/util/concurrent/TimeUnit$4 1 1 54 1 1 1 1 1 1 1 1 1 1 1 1 1 1 1 1 1 1 1 1 1 1 5 0 5 0 5 0 5 0 5 0 5 0 5 0 5 0 5 0 7 100 7 1 1 1 12 12 12 10 10 10 1
ciInstanceKlass java/util/concurrent/locks/LockSupport 1 1 118 8 8 8 8 7 1 1 1 1 1 1 1 1 1 1 1 1 1 1 1 1 1 1 1 1 1 1 1 1 1 1 1 1 1 1 1 1 1 1 1 1 1 1 1 1 1 1 1 1 1 1 1 7 100 100 100 100 100 7 7 1 1 1 1 1 1 1 1 1 1 1 1 1 1 1 12 12 12 12 12 12 12 12 12 12 12 12 12 12 12 12 12 12 12 12 9 9 9 9 9 10 10 10 10 10 10 10 10 10 10 10 10 10 10 10 10 1
staticfield java/util/concurrent/locks/LockSupport UNSAFE Lsun/misc/Unsafe; sun/misc/Unsafe
staticfield java/util/concurrent/locks/LockSupport parkBlockerOffset J 88
staticfield java/util/concurrent/locks/LockSupport SEED J 232
staticfield java/util/concurrent/locks/LockSupport PROBE J 240
staticfield java/util/concurrent/locks/LockSupport SECONDARY J 244
ciInstanceKlass org/apache/juli/logging/Log 1 0 22 100 100 1 1 1 1 1 1 1 1 1 1 1 1 1 1 1 1 1 1 1
ciInstanceKlass org/apache/juli/logging/DirectJDKLog 1 1 189 10 10 9 9 10 9 9 9 9 10 10 7 10 10 8 10 10 10 10 7 10 8 10 8 8 8 10 10 100 10 7 10 100 8 10 100 10 100 1 1 1 1 1 1 1 1 1 1 1 1 1 1 1 1 1 1 1 1 1 1 1 1 1 1 1 1 1 1 1 1 1 1 1 1 1 1 1 1 1 1 1 1 1 1 1 100 100 100 100 100 1 1 1 1 1 1 1 1 1 100 100 100 1 1 12 7 12 12 7 12 12 12 12 12 12 7 12 12 1 12 1 7 12 12 12 12 1 12 1 7 12 1 1 1 12 12 1 12 1 100 12 1 1 12 1 100 12 1 1 1 1 1 1 1 1 1 1 1 1 1 1 1 1 1 1 1 1 1 1 1 1 1 1 1 1 1 1 1 1 1 1 1 1 1 1 1 1 1
instanceKlass cn/hutool/core/date/DateTime
instanceKlass java/sql/Time
instanceKlass java/sql/Date
instanceKlass java/sql/Timestamp
ciInstanceKlass java/util/Date 1 1 481 3 3 3 3 8 8 8 8 8 8 8 8 8 8 8 8 8 8 8 8 8 8 8 8 8 8 8 8 8 8 8 8 8 8 8 8 8 8 8 7 1 1 1 1 1 1 1 1 1 1 1 1 1 1 1 1 1 1 1 1 1 1 1 1 1 1 1 1 1 1 1 1 1 1 1 1 1 1 1 1 1 1 1 1 1 1 1 1 1 1 1 1 1 1 1 1 1 1 1 1 1 1 1 1 1 1 1 1 1 1 1 1 1 1 1 1 1 1 1 1 1 1 1 1 1 1 1 1 1 1 1 1 1 1 1 1 1 1 1 1 1 1 1 1 1 1 1 1 1 1 1 1 1 1 1 1 1 1 1 1 1 1 1 1 1 1 1 1 1 1 1 1 1 1 1 1 1 1 1 1 1 1 1 1 1 1 1 1 1 1 1 1 1 1 1 1 1 1 1 1 1 1 1 1 1 1 1 1 1 1 1 1 1 1 1 1 1 1 1 1 1 1 1 1 1 1 1 1 1 1 1 5 0 5 0 100 100 100 100 100 7 100 100 100 100 100 7 7 7 7 100 100 7 100 7 7 7 7 100 7 7 100 1 1 1 1 1 1 1 1 1 1 1 1 1 1 1 1 1 1 1 1 1 1 1 1 1 1 1 1 1 1 1 1 1 1 1 1 1 1 1 1 1 1 12 12 12 12 12 12 12 12 12 12 12 12 12 12 12 12 12 12 12 12 12 12 12 12 12 12 12 12 12 12 12 12 12 12 12 12 12 12 12 12 12 12 12 12 12 12 12 12 12 12 12 12 12 12 12 12 12 12 12 12 12 12 12 12 12 12 12 12 12 12 12 12 12 12 12 12 12 12 12 12 12 12 12 12 12 12 9 9 9 9 9 9 9 9 10 10 10 10 10 10 10 10 10 10 10 10 10 10 10 10 10 10 10 10 10 10 10 10 10 10 10 10 10 10 10 10 10 10 10 10 10 10 10 10 10 10 10 10 10 10 10 10 10 10 10 10 10 10 10 10 10 10 10 10 10 10 10 10 10 10 10 10 10 10 10 10 10 10 10 10 10 10 10 10 10 1
staticfield java/util/Date gcal Lsun/util/calendar/BaseCalendar; sun/util/calendar/Gregorian
staticfield java/util/Date wtb [Ljava/lang/String; 32 [Ljava/lang/String;
staticfield java/util/Date ttb [I 32
instanceKlass sun/util/calendar/AbstractCalendar
ciInstanceKlass sun/util/calendar/CalendarSystem 1 1 202 8 8 8 8 8 8 8 8 8 8 7 1 1 1 1 1 1 1 1 1 1 1 1 1 1 1 1 1 1 1 1 1 1 1 1 1 1 1 1 1 1 1 1 1 1 1 1 1 1 1 1 1 1 1 1 1 1 1 1 1 1 1 1 1 1 1 1 1 1 1 1 1 1 1 1 1 1 1 1 1 1 1 1 1 1 1 1 1 1 1 1 1 1 1 1 1 1 1 1 1 1 1 1 100 100 100 100 100 100 7 7 100 100 100 100 100 100 100 100 100 7 100 1 1 1 1 1 1 1 1 1 1 1 1 1 1 1 1 1 1 1 1 1 1 1 1 1 1 12 12 12 12 12 12 12 12 12 12 12 12 12 12 12 12 12 12 12 12 12 12 12 12 9 9 9 9 9 9 10 10 10 10 10 10 10 10 10 10 10 10 10 10 10 10 10 10 10 11 11 11 1
staticfield sun/util/calendar/CalendarSystem namePairs [Ljava/lang/String; 6 [Ljava/lang/String;
staticfield sun/util/calendar/CalendarSystem GREGORIAN_INSTANCE Lsun/util/calendar/Gregorian; sun/util/calendar/Gregorian
instanceKlass sun/util/calendar/BaseCalendar
ciInstanceKlass sun/util/calendar/AbstractCalendar 1 1 247 3 3 3 8 1 1 1 1 1 1 1 1 1 1 1 1 1 1 1 1 1 1 1 1 1 1 1 1 1 1 1 1 1 1 1 1 1 1 1 1 1 1 1 1 1 1 1 1 1 1 1 1 1 1 1 1 1 1 1 1 1 1 1 1 1 1 1 1 1 1 1 1 1 1 1 1 1 1 1 1 1 1 1 1 1 1 1 1 1 1 1 1 1 1 1 1 1 3 3 5 0 5 0 5 0 5 0 5 0 5 0 100 100 100 100 100 100 100 7 7 7 100 100 7 1 1 1 1 1 1 1 1 1 1 1 1 1 1 1 1 1 1 1 1 12 12 12 12 12 12 12 12 12 12 12 12 12 12 12 12 12 12 12 12 12 12 12 12 12 12 12 12 12 12 12 12 12 12 12 12 12 12 12 12 12 12 12 12 12 12 12 12 12 9 10 10 10 10 10 10 10 10 10 10 10 10 10 10 10 10 10 10 10 10 10 10 10 10 10 10 10 10 10 10 10 10 10 10 10 10 10 10 10 10 10 10 10 10 10 10 10 10 10 10 10 1
instanceKlass sun/util/calendar/Gregorian
ciInstanceKlass sun/util/calendar/BaseCalendar 1 1 341 3 3 3 3 3 3 3 3 3 3 3 3 3 3 3 3 3 3 3 3 3 3 3 3 3 3 3 3 3 3 3 3 3 3 3 3 3 3 3 3 3 3 3 3 3 3 3 3 3 3 3 3 3 3 3 3 3 3 3 3 3 3 3 3 3 3 3 3 3 3 3 3 8 8 7 1 1 1 1 1 1 1 1 1 1 1 1 1 1 1 1 1 1 1 1 1 1 1 1 1 1 1 1 1 1 1 1 1 1 1 1 1 1 1 1 1 1 1 1 1 1 1 1 1 1 1 1 1 1 1 1 1 1 1 1 1 1 1 1 1 1 1 1 1 1 1 1 1 1 1 1 1 1 1 1 1 1 1 1 1 1 1 1 1 1 1 1 1 1 1 1 1 1 1 1 1 1 1 1 3 3 3 3 3 3 3 3 3 3 3 3 3 5 0 5 0 5 0 5 0 5 0 5 0 5 0 5 0 5 0 5 0 5 0 5 0 100 7 100 100 100 7 7 7 7 1 1 1 1 1 1 1 1 1 1 1 12 12 12 12 12 12 12 12 12 12 12 12 12 12 12 12 12 12 12 12 12 12 12 12 12 12 12 12 12 12 12 12 12 12 12 12 12 12 12 12 12 12 12 12 12 12 12 12 12 9 9 9 9 9 10 10 10 10 10 10 10 10 10 10 10 10 10 10 10 10 10 10 10 10 10 10 10 10 10 10 10 10 10 10 10 10 10 10 10 10 10 10 10 10 10 10 10 10 10 10 10 10 10 1
staticfield sun/util/calendar/BaseCalendar FIXED_DATES [I 70
staticfield sun/util/calendar/BaseCalendar DAYS_IN_MONTH [I 13
staticfield sun/util/calendar/BaseCalendar ACCUMULATED_DAYS_IN_MONTH [I 13
staticfield sun/util/calendar/BaseCalendar ACCUMULATED_DAYS_IN_MONTH_LEAP [I 13
staticfield sun/util/calendar/BaseCalendar $assertionsDisabled Z 1
ciInstanceKlass sun/util/calendar/Gregorian 1 1 57 8 1 1 1 1 1 1 1 1 1 1 1 1 1 1 1 1 1 1 100 7 7 7 1 1 1 1 1 1 1 1 1 1 1 12 12 12 12 12 12 12 12 12 12 10 10 10 10 10 10 10 10 10 10 10 1
instanceKlass java/util/SimpleTimeZone
instanceKlass sun/util/calendar/ZoneInfo
ciInstanceKlass java/util/TimeZone 1 1 319 3 8 8 8 8 8 8 8 8 8 8 8 8 8 8 7 1 1 1 1 1 1 1 1 1 1 1 1 1 1 1 1 1 1 1 1 1 1 1 1 1 1 1 1 1 1 1 1 1 1 1 1 1 1 1 1 1 1 1 1 1 1 1 1 1 1 1 1 1 1 1 1 1 1 1 1 1 1 1 1 1 1 1 1 1 1 1 1 1 1 1 1 1 1 1 1 1 1 1 1 1 1 1 1 1 1 1 1 1 1 1 1 1 1 1 1 1 1 1 1 1 1 1 1 1 1 1 1 1 1 1 1 1 1 1 1 1 1 1 1 1 1 1 1 1 3 3 3 3 3 5 0 100 100 7 100 100 100 100 100 7 100 7 100 7 7 7 100 100 100 100 7 7 7 7 7 1 1 1 1 1 1 1 1 1 1 1 1 1 1 1 1 1 1 1 1 1 1 1 1 1 1 1 1 1 12 12 12 12 12 12 12 12 12 12 12 12 12 12 12 12 12 12 12 12 12 12 12 12 12 12 12 12 12 12 12 12 12 12 12 12 12 12 12 12 12 12 12 12 12 12 12 12 12 12 12 12 9 9 9 9 9 9 10 10 10 10 10 10 10 10 10 10 10 10 10 10 10 10 10 10 10 10 10 10 10 10 10 10 10 10 10 10 10 10 10 10 10 10 10 10 10 10 10 10 10 10 10 10 10 10 10 10 10 10 10 1 1
staticfield java/util/TimeZone NO_TIMEZONE Ljava/util/TimeZone; null
staticfield java/util/TimeZone $assertionsDisabled Z 1
ciInstanceKlass sun/util/calendar/ZoneInfo 1 1 279 3 8 8 8 8 8 8 8 1 1 1 1 1 1 1 1 1 1 1 1 1 1 1 1 1 1 1 1 1 1 1 1 1 1 1 1 1 1 1 1 1 1 1 1 1 1 1 1 1 1 1 1 1 1 1 1 1 1 1 1 1 1 1 1 1 1 1 1 1 1 1 1 1 1 1 1 1 1 1 1 1 1 1 1 1 1 1 1 1 1 1 1 1 1 1 1 1 1 1 1 1 1 1 1 1 1 1 1 1 1 1 1 1 1 1 1 1 1 1 1 3 3 3 3 3 5 0 5 0 5 0 5 0 100 100 100 100 100 100 100 7 100 100 100 100 7 100 7 7 7 1 1 1 1 1 1 1 1 1 1 1 1 1 1 1 1 1 1 1 1 1 1 1 1 1 12 12 12 12 12 12 12 12 12 12 12 12 12 12 12 12 12 12 12 12 12 12 12 12 12 12 12 12 12 12 12 12 12 12 12 12 12 12 12 12 12 12 12 12 12 12 12 12 9 9 9 9 9 9 9 9 9 9 9 10 10 10 10 10 10 10 10 10 10 10 10 10 10 10 10 10 10 10 10 10 10 10 10 10 10 10 10 10 10 10 10 10 10 10 10 10 10 10 10 10 10 10 1
staticfield sun/util/calendar/ZoneInfo gcal Lsun/util/calendar/CalendarSystem; sun/util/calendar/Gregorian
instanceKlass sun/util/calendar/BaseCalendar$Date
ciInstanceKlass sun/util/calendar/CalendarDate 1 1 243 3 3 8 1 1 1 1 1 1 1 1 1 1 1 1 1 1 1 1 1 1 1 1 1 1 1 1 1 1 1 1 1 1 1 1 1 1 1 1 1 1 1 1 1 1 1 1 1 1 1 1 1 1 1 1 1 1 1 1 1 1 1 1 1 1 1 1 1 1 1 1 1 1 1 1 1 1 1 1 1 1 1 1 1 1 1 1 1 1 1 1 1 1 1 1 1 1 1 1 1 1 1 1 1 1 1 5 0 5 0 5 0 5 0 5 0 5 0 5 0 100 100 100 7 100 100 7 100 100 1 1 1 1 1 1 1 1 1 1 1 1 1 1 12 12 12 12 12 12 12 12 12 12 12 12 12 12 12 12 12 12 12 12 12 12 12 12 12 12 12 12 12 12 12 12 12 12 12 12 12 12 12 12 12 12 12 12 12 12 12 12 9 9 9 9 9 9 9 9 9 9 9 9 9 9 9 9 9 10 10 10 10 10 10 10 10 10 10 10 10 10 10 10 10 10 10 10 10 10 10 10 10 10 10 10 10 10 10 10 10 10 1
instanceKlass sun/util/calendar/Gregorian$Date
ciInstanceKlass sun/util/calendar/BaseCalendar$Date 1 1 59 1 1 1 1 1 1 1 1 1 1 1 1 1 1 1 1 1 1 1 1 1 1 1 1 1 1 1 1 1 1 1 5 0 5 0 100 7 7 1 1 1 12 12 12 12 12 12 12 12 9 9 9 10 10 10 10 10 1
ciInstanceKlass sun/util/calendar/Gregorian$Date 1 1 33 1 1 1 1 1 1 1 1 1 1 1 1 1 1 1 1 1 100 7 100 7 1 1 12 12 12 12 10 10 10 10 1
ciInstanceKlass sun/util/calendar/CalendarUtils 1 1 52 1 1 1 1 1 1 1 1 1 1 1 1 1 1 1 1 1 1 1 1 1 1 100 7 7 100 1 1 1 1 1 1 12 12 12 12 12 12 12 12 12 10 10 10 10 10 10 10 10 10 1
ciInstanceKlass java/util/GregorianCalendar 1 1 748 3 3 3 3 3 3 3 3 3 3 3 3 8 8 8 8 8 8 8 8 8 8 8 8 8 7 1 1 1 1 1 1 1 1 1 1 1 1 1 1 1 1 1 1 1 1 1 1 1 1 1 1 1 1 1 1 1 1 1 1 1 1 1 1 1 1 1 1 1 1 1 1 1 1 1 1 1 1 1 1 1 1 1 1 1 1 1 1 1 1 1 1 1 1 1 1 1 1 1 1 1 1 1 1 1 1 1 1 1 1 1 1 1 1 1 1 1 1 1 1 1 1 1 1 1 1 1 1 1 1 1 1 1 1 1 1 1 1 1 1 1 1 1 1 1 1 1 1 1 1 1 1 1 1 1 1 1 1 1 1 1 1 1 1 1 1 1 1 1 1 1 1 1 1 1 1 1 1 1 1 1 1 1 1 1 1 1 1 1 1 1 1 1 1 1 1 1 1 1 1 1 1 1 1 1 1 1 1 1 1 1 1 1 1 1 1 1 1 1 1 1 1 1 1 1 1 1 1 1 1 1 1 1 1 1 1 1 1 1 1 1 1 1 1 1 1 1 1 1 1 1 1 1 1 1 1 1 1 1 1 1 1 1 1 1 1 1 1 1 1 1 1 1 1 1 1 1 1 3 3 3 3 3 5 0 5 0 5 0 5 0 5 0 5 0 5 0 5 0 5 0 5 0 5 0 5 0 5 0 5 0 5 0 5 0 100 100 100 100 100 7 100 100 100 100 7 100 100 100 7 100 7 7 7 7 7 100 7 100 100 7 100 100 100 7 1 1 1 1 1 1 1 1 1 1 1 1 1 1 1 1 1 1 1 1 1 1 1 1 1 1 1 1 1 1 1 1 1 1 1 1 1 1 1 1 1 1 1 1 1 1 1 1 1 12 12 12 12 12 12 12 12 12 12 12 12 12 12 12 12 12 12 12 12 12 12 12 12 12 12 12 12 12 12 12 12 12 12 12 12 12 12 12 12 12 12 12 12 12 12 12 12 12 12 12 12 12 12 12 12 12 12 12 12 12 12 12 12 12 12 12 12 12 12 12 12 12 12 12 12 12 12 12 12 12 12 12 12 12 12 12 12 12 12 12 12 12 12 12 12 12 12 12 12 12 12 12 12 12 12 12 12 12 12 12 12 12 12 12 12 12 12 12 12 12 12 12 12 12 12 12 12 12 12 12 12 12 12 12 12 12 12 12 12 12 12 12 12 12 12 12 12 12 12 12 12 12 12 12 12 12 12 12 12 12 12 12 12 12 12 12 9 9 9 9 9 9 9 9 9 9 9 9 9 9 9 9 9 9 9 9 9 9 9 9 10 10 10 10 10 10 10 10 10 10 10 10 10 10 10 10 10 10 10 10 10 10 10 10 10 10 10 10 10 10 10 10 10 10 10 10 10 10 10 10 10 10 10 10 10 10 10 10 10 10 10 10 10 10 10 10 10 10 10 10 10 10 10 10 10 10 10 10 10 10 10 10 10 10 10 10 10 10 10 10 10 10 10 10 10 10 10 10 10 10 10 10 10 10 10 10 10 10 10 10 10 10 10 10 10 10 10 10 10 10 10 10 10 10 10 10 10 10 10 10 10 10 10 10 10 10 10 10 10 10 10 10 10 10 10 10 10 10 10 10 10 10 10 10 10 10 10 10 10 10 10 10 10 10 10 10 10 10 10 10 1 1
staticfield java/util/GregorianCalendar MONTH_LENGTH [I 12
staticfield java/util/GregorianCalendar LEAP_MONTH_LENGTH [I 12
staticfield java/util/GregorianCalendar MIN_VALUES [I 17
staticfield java/util/GregorianCalendar LEAST_MAX_VALUES [I 17
staticfield java/util/GregorianCalendar MAX_VALUES [I 17
staticfield java/util/GregorianCalendar gcal Lsun/util/calendar/Gregorian; sun/util/calendar/Gregorian
staticfield java/util/GregorianCalendar $assertionsDisabled Z 1
instanceKlass java/text/DontCareFieldPosition
ciInstanceKlass java/text/FieldPosition 1 1 113 8 8 8 8 1 1 1 1 1 1 1 1 1 1 1 1 1 1 1 1 1 1 1 1 1 1 1 1 1 1 1 1 1 1 1 1 1 1 1 1 1 1 1 1 1 1 1 1 1 1 1 100 7 100 7 100 7 100 100 100 1 1 1 1 1 1 1 1 1 1 1 1 1 1 1 12 12 12 12 12 12 12 12 12 12 12 12 12 12 12 12 12 9 9 9 9 10 10 10 10 10 10 10 10 10 10 10 10 10 10 1 1
ciInstanceKlass java/lang/invoke/MethodType$ConcurrentWeakInternSet$WeakEntry 1 1 46 1 1 1 1 1 1 1 1 1 1 1 1 1 1 1 1 1 1 1 1 1 7 100 100 7 7 1 1 1 1 12 12 12 12 12 12 9 10 10 10 10 10 1 1 1
ciInstanceKlass com/intellij/rt/debugger/agent/CaptureStorage$HardKey 1 1 49 10 9 10 9 7 10 7 7 1 1 1 1 1 1 1 1 1 1 1 1 1 1 1 1 1 1 1 1 1 1 12 12 7 12 12 100 1 1 12 1 1 1 1 1 1 1 1 1
ciInstanceKlass javax/management/ImmutableDescriptor 1 1 349 8 8 8 8 8 8 8 8 8 8 8 8 8 8 8 8 8 8 8 8 8 8 8 7 1 1 1 1 1 1 1 1 1 1 1 1 1 1 1 1 1 1 1 1 1 1 1 1 1 1 1 1 1 1 1 1 1 1 1 1 1 1 1 1 1 1 1 1 1 1 1 1 1 1 1 1 1 1 1 1 1 1 1 1 1 1 1 1 1 1 1 1 1 1 1 1 1 1 1 1 1 1 1 1 1 1 1 1 1 1 1 1 1 1 1 1 1 1 1 1 1 1 1 1 1 1 1 1 1 1 1 1 1 1 1 1 1 1 1 1 1 1 1 1 1 1 1 1 1 1 1 1 1 1 1 5 0 100 7 100 7 100 7 100 100 7 7 100 100 100 100 7 7 100 7 7 7 7 7 7 7 100 1 1 1 1 1 1 1 1 1 1 1 1 1 1 1 1 1 1 1 1 1 1 1 1 1 1 1 1 1 1 1 1 1 1 1 1 1 12 12 12 12 12 12 12 12 12 12 12 12 12 12 12 12 12 12 12 12 12 12 12 12 12 12 12 12 12 12 12 12 12 12 12 12 12 12 12 12 12 12 12 12 12 12 12 12 12 12 12 12 12 12 12 12 12 12 12 9 9 9 9 9 10 10 10 10 10 10 10 10 10 10 10 10 10 10 10 10 10 10 10 10 10 10 10 10 10 10 10 10 10 10 10 10 10 10 10 10 10 10 10 10 10 10 10 10 10 11 11 11 11 11 11 11 11 11 11 11 11 11 11 11 11 11 11 11 1
staticfield javax/management/ImmutableDescriptor EMPTY_DESCRIPTOR Ljavax/management/ImmutableDescriptor; javax/management/ImmutableDescriptor
ciInstanceKlass java/time/Instant 1 1 496 3 8 8 8 8 8 8 8 8 8 8 1 1 1 1 1 1 1 1 1 1 1 1 1 1 1 1 1 1 1 1 1 1 1 1 1 1 1 1 1 1 1 1 1 1 1 1 1 1 1 1 1 1 1 1 1 1 1 1 1 1 1 1 1 1 1 1 1 1 1 1 1 1 1 1 1 1 1 1 1 1 1 1 1 1 1 1 1 1 1 1 1 1 1 1 1 1 1 1 1 1 1 1 1 1 1 1 1 1 1 1 1 1 1 1 1 1 1 1 1 1 1 1 1 1 1 1 1 1 1 1 1 1 1 1 1 1 1 1 1 1 1 1 1 1 1 1 1 1 1 1 1 1 1 1 1 1 1 1 1 1 1 1 1 1 1 1 1 1 1 1 1 1 1 1 1 1 1 1 1 1 1 1 5 0 5 0 5 0 5 0 5 0 5 0 5 0 5 0 5 0 5 0 5 0 5 0 5 0 5 0 100 100 100 100 100 100 100 100 7 7 100 100 100 100 7 100 100 7 100 100 100 100 100 100 100 100 100 100 100 100 100 100 100 100 100 100 1 1 1 1 1 1 1 1 1 1 1 1 1 1 1 1 1 1 1 1 1 1 1 1 1 1 1 1 1 1 1 1 1 1 1 1 1 1 1 1 1 1 1 1 1 1 1 1 1 1 1 1 1 1 1 1 1 1 1 12 12 12 12 12 12 12 12 12 12 12 12 12 12 12 12 12 12 12 12 12 12 12 12 12 12 12 12 12 12 12 12 12 12 12 12 12 12 12 12 12 12 12 12 12 12 12 12 12 12 12 12 12 12 12 12 12 12 12 12 12 12 12 12 12 12 12 12 12 12 12 12 12 12 12 12 12 12 12 12 12 12 12 12 12 12 12 12 12 9 9 9 9 9 9 9 9 9 9 9 9 9 9 10 10 10 10 10 10 10 10 10 10 10 10 10 10 10 10 10 10 10 10 10 10 10 10 10 10 10 10 10 10 10 10 10 10 10 10 10 10 10 10 10 10 10 10 10 10 10 10 10 10 10 10 10 10 10 10 10 10 10 11 11 11 11 11 11 11 11 11 11 11 11 11 11 11 11 11 11 11 11 15 15 16 16 18 1 1
staticfield java/time/Instant EPOCH Ljava/time/Instant; java/time/Instant
staticfield java/time/Instant MIN Ljava/time/Instant; java/time/Instant
staticfield java/time/Instant MAX Ljava/time/Instant; java/time/Instant
instanceKlass java/lang/StringIndexOutOfBoundsException
instanceKlass org/springframework/asm/MethodTooLargeException
instanceKlass org/springframework/asm/ClassTooLargeException
instanceKlass java/lang/ArrayIndexOutOfBoundsException
ciInstanceKlass java/lang/IndexOutOfBoundsException 1 1 21 1 1 1 1 1 1 1 1 1 1 1 5 0 100 7 12 12 10 10 1
ciInstanceKlass java/lang/ArrayIndexOutOfBoundsException 1 1 38 8 1 1 1 1 1 1 1 1 1 1 1 1 1 1 1 1 1 5 0 100 7 100 1 1 12 12 12 12 12 10 10 10 10 10 10 1
ciInstanceKlass sun/reflect/generics/reflectiveObjects/ParameterizedTypeImpl 1 1 133 8 8 8 8 8 1 1 1 1 1 1 1 1 1 1 1 1 1 1 1 1 1 1 1 1 1 1 1 1 1 1 1 1 1 1 1 1 1 1 1 1 1 1 1 1 1 1 1 1 1 1 1 1 7 100 7 7 100 7 100 7 7 7 7 7 1 1 1 1 1 1 1 1 1 1 1 1 1 1 1 1 1 12 12 12 12 12 12 12 12 12 12 12 12 12 12 12 12 12 12 12 12 12 12 12 9 9 9 10 10 10 10 10 10 10 10 10 10 10 10 10 10 10 10 10 10 10 11 11 11 11 1
ciInstanceKlass java/text/MessageFormat 1 1 510 3 8 8 8 8 8 8 8 8 8 8 8 8 8 8 8 8 8 8 8 8 8 8 8 8 8 8 8 8 8 8 8 8 8 1 1 1 1 1 1 1 1 1 1 1 1 1 1 1 1 1 1 1 1 1 1 1 1 1 1 1 1 1 1 1 1 1 1 1 1 1 1 1 1 1 1 1 1 1 1 1 1 1 1 1 1 1 1 1 1 1 1 1 1 1 1 1 1 1 1 1 1 1 1 1 1 1 1 1 1 1 1 1 1 1 1 1 1 1 1 1 1 1 1 1 1 1 1 1 1 1 1 1 1 1 1 1 1 1 1 1 1 1 1 1 1 1 1 1 1 1 1 1 1 1 1 1 1 1 1 1 1 1 1 1 1 1 1 1 1 1 1 1 1 1 1 1 1 1 1 1 1 1 1 1 1 1 1 1 1 1 1 1 1 1 1 1 1 1 1 1 1 1 1 1 1 1 1 1 1 1 1 1 1 1 1 1 1 1 1 1 1 1 1 1 1 1 1 1 1 1 3 3 3 3 3 3 5 0 100 7 100 100 100 100 100 100 100 100 100 100 7 100 7 100 7 7 7 7 100 100 100 100 100 100 100 100 7 7 100 7 7 7 100 100 100 100 100 7 100 7 7 1 1 1 1 1 1 1 1 1 1 1 1 1 1 1 1 1 1 1 1 1 1 1 1 1 1 1 1 1 1 1 1 1 1 1 1 1 1 1 1 1 1 1 1 1 1 12 12 12 12 12 12 12 12 12 12 12 12 12 12 12 12 12 12 12 12 12 12 12 12 12 12 12 12 12 12 12 12 12 12 12 12 12 12 12 12 12 12 12 12 12 12 12 12 12 12 12 12 12 12 12 12 12 12 12 12 12 12 12 12 12 12 12 12 12 12 12 12 12 12 12 12 12 12 12 12 9 9 9 9 9 9 9 9 9 9 9 9 9 9 9 10 10 10 10 10 10 10 10 10 10 10 10 10 10 10 10 10 10 10 10 10 10 10 10 10 10 10 10 10 10 10 10 10 10 10 10 10 10 10 10 10 10 10 10 10 10 10 10 10 10 10 10 10 10 10 10 10 10 10 10 10 10 10 10 10 10 10 10 10 10 10 10 10 10 10 10 10 10 10 10 10 11 11 11 1 1
staticfield java/text/MessageFormat TYPE_KEYWORDS [Ljava/lang/String; 5 [Ljava/lang/String;
staticfield java/text/MessageFormat NUMBER_MODIFIER_KEYWORDS [Ljava/lang/String; 4 [Ljava/lang/String;
staticfield java/text/MessageFormat DATE_TIME_MODIFIER_KEYWORDS [Ljava/lang/String; 5 [Ljava/lang/String;
staticfield java/text/MessageFormat DATE_TIME_MODIFIERS [I 5
ciInstanceKlass java/util/concurrent/atomic/AtomicBoolean 1 1 86 8 7 1 1 1 1 1 1 1 1 1 1 1 1 1 1 1 1 1 1 1 1 1 1 1 1 1 1 1 1 1 1 1 1 1 1 1 1 1 1 1 1 5 0 100 100 7 100 100 7 7 1 1 1 1 1 1 1 12 12 12 12 12 12 12 12 12 12 12 12 12 9 9 9 10 10 10 10 10 10 10 10 10 10 1
staticfield java/util/concurrent/atomic/AtomicBoolean unsafe Lsun/misc/Unsafe; sun/misc/Unsafe
staticfield java/util/concurrent/atomic/AtomicBoolean valueOffset J 12
ciInstanceKlass java/net/MalformedURLException 1 1 21 1 1 1 1 1 1 1 1 1 1 1 5 0 7 100 12 12 10 10 1
ciInstanceKlass org/apache/catalina/LifecycleState 1 1 124 9 10 100 7 10 10 9 9 8 10 9 8 100 8 9 8 8 9 8 8 9 8 8 9 8 8 9 8 8 9 8 8 9 8 8 9 8 8 9 8 8 9 8 9 7 1 1 1 1 1 1 1 1 1 1 1 1 1 1 1 1 1 1 1 1 1 1 1 1 1 1 1 1 1 1 1 1 1 1 1 1 1 1 1 1 1 12 100 12 1 12 12 12 12 12 12 1 1 12 1 12 1 12 1 12 1 12 1 12 1 12 1 12 1 12 1 12 12 1 1 1 1 1
staticfield org/apache/catalina/LifecycleState NEW Lorg/apache/catalina/LifecycleState; org/apache/catalina/LifecycleState
staticfield org/apache/catalina/LifecycleState INITIALIZING Lorg/apache/catalina/LifecycleState; org/apache/catalina/LifecycleState
staticfield org/apache/catalina/LifecycleState INITIALIZED Lorg/apache/catalina/LifecycleState; org/apache/catalina/LifecycleState
staticfield org/apache/catalina/LifecycleState STARTING_PREP Lorg/apache/catalina/LifecycleState; org/apache/catalina/LifecycleState
staticfield org/apache/catalina/LifecycleState STARTING Lorg/apache/catalina/LifecycleState; org/apache/catalina/LifecycleState
staticfield org/apache/catalina/LifecycleState STARTED Lorg/apache/catalina/LifecycleState; org/apache/catalina/LifecycleState
staticfield org/apache/catalina/LifecycleState STOPPING_PREP Lorg/apache/catalina/LifecycleState; org/apache/catalina/LifecycleState
staticfield org/apache/catalina/LifecycleState STOPPING Lorg/apache/catalina/LifecycleState; org/apache/catalina/LifecycleState
staticfield org/apache/catalina/LifecycleState STOPPED Lorg/apache/catalina/LifecycleState; org/apache/catalina/LifecycleState
staticfield org/apache/catalina/LifecycleState DESTROYING Lorg/apache/catalina/LifecycleState; org/apache/catalina/LifecycleState
staticfield org/apache/catalina/LifecycleState DESTROYED Lorg/apache/catalina/LifecycleState; org/apache/catalina/LifecycleState
staticfield org/apache/catalina/LifecycleState FAILED Lorg/apache/catalina/LifecycleState; org/apache/catalina/LifecycleState
staticfield org/apache/catalina/LifecycleState $VALUES [Lorg/apache/catalina/LifecycleState; 12 [Lorg/apache/catalina/LifecycleState;
ciInstanceKlass org/apache/tomcat/util/res/StringManager 1 1 217 9 10 7 10 10 8 10 10 9 10 9 10 7 10 10 10 9 10 10 9 8 100 10 10 10 7 10 10 7 10 10 10 10 10 10 10 10 9 11 7 7 10 11 7 10 11 11 7 10 7 10 7 1 1 1 1 1 1 1 1 1 1 1 1 1 1 1 1 1 1 1 1 1 1 1 1 1 1 1 1 100 100 100 100 100 100 1 1 1 1 1 1 1 1 1 1 1 1 1 1 1 1 1 1 1 1 1 1 1 1 1 1 100 1 1 1 1 1 1 1 1 1 1 1 1 12 12 1 12 1 12 12 12 7 12 12 7 12 1 7 12 12 12 12 12 12 1 1 12 12 1 12 1 12 7 12 7 12 12 12 12 12 12 1 1 12 12 1 12 7 12 12 1 1 1 1 1 1 1 1 1 1 1 1 1 1 1 1 1 1 1 1 1 1 1 1 1 1 1 1 1 1 1 1 1 1 1 1 1 1 1 1 1 1 1 1
staticfield org/apache/tomcat/util/res/StringManager managers Ljava/util/Map; java/util/Hashtable
instanceKlass org/apache/catalina/util/SessionIdGeneratorBase
instanceKlass org/apache/catalina/webresources/AbstractResourceSet
instanceKlass org/apache/catalina/core/StandardPipeline
instanceKlass org/apache/catalina/util/LifecycleMBeanBase
ciInstanceKlass org/apache/catalina/util/LifecycleBase 1 1 309 10 7 10 9 9 9 9 11 7 11 100 11 7 10 11 11 11 11 10 100 8 10 9 10 10 9 100 8 7 10 10 9 9 9 9 11 7 10 9 8 10 11 11 11 10 9 10 9 8 10 8 8 9 9 8 8 10 10 8 100 10 8 8 11 9 9 8 8 10 8 10 10 8 11 8 10 10 8 10 10 10 10 7 10 10 1 1 1 1 1 1 1 1 1 1 1 1 1 1 1 1 1 1 1 1 1 1 1 1 1 1 1 1 1 1 1 1 1 1 1 1 1 1 1 100 100 1 1 1 100 1 1 1 1 1 1 1 1 1 1 100 1 1 1 1 1 1 1 1 1 1 1 1 100 1 1 1 1 1 1 1 1 1 1 1 12 1 12 7 12 12 12 7 12 1 12 1 12 1 12 12 7 12 12 12 12 1 1 12 12 12 12 12 1 1 1 12 12 12 12 12 12 7 12 1 12 1 7 12 12 12 12 12 12 12 12 1 12 1 1 12 12 1 1 12 12 1 1 1 1 12 1 1 12 12 12 1 1 12 1 12 1 12 1 12 12 1 12 100 12 12 12 1 7 12 12 1 1 1 1 1 1 1 1 1 1 1 1 1 1 1 1 1 1 1 1 1 1 1 1 1 1 1 1 1 1 1 1 1 1 1 1 1 1 1 1 1 1 1 1 1 1 1 1 1 1 1 1
staticfield org/apache/catalina/util/LifecycleBase log Lorg/apache/juli/logging/Log; org/apache/juli/logging/DirectJDKLog
staticfield org/apache/catalina/util/LifecycleBase sm Lorg/apache/tomcat/util/res/StringManager; org/apache/tomcat/util/res/StringManager
ciInstanceKlass sun/net/www/protocol/jar/URLJarFile 1 1 257 8 8 8 8 8 1 1 1 1 1 1 1 1 1 1 1 1 1 1 1 1 1 1 1 1 1 1 1 1 1 1 1 1 1 1 1 1 1 1 1 1 1 1 1 1 1 1 1 1 1 1 1 1 1 1 1 1 1 1 1 1 1 1 1 1 1 1 1 1 1 1 1 1 1 1 1 1 1 1 1 1 1 1 1 1 1 1 1 1 1 1 1 1 1 1 1 100 100 100 100 7 100 100 7 100 100 100 7 7 7 7 7 7 7 100 7 7 100 7 7 100 1 1 1 1 1 1 1 1 1 1 1 1 1 1 1 1 1 1 1 1 1 1 1 1 1 1 1 1 1 1 1 1 1 1 12 12 12 12 12 12 12 12 12 12 12 12 12 12 12 12 12 12 12 12 12 12 12 12 12 12 12 12 12 12 12 12 12 12 12 12 12 12 12 12 12 12 12 12 12 12 12 9 9 9 9 9 9 10 10 10 10 10 10 10 10 10 10 10 10 10 10 10 10 10 10 10 10 10 10 10 10 10 10 10 10 10 10 10 10 10 10 10 10 10 11 11 11 11 11 11 11 11 1 1 1
ciInstanceKlass sun/net/www/protocol/jar/URLJarFile$URLJarFileEntry 1 1 70 1 1 1 1 1 1 1 1 1 1 1 1 1 1 1 1 1 1 1 1 1 1 1 1 1 1 1 1 100 100 100 100 100 7 100 7 1 1 1 1 1 1 1 1 1 12 12 12 12 12 12 12 12 12 12 9 9 10 10 10 10 10 10 10 10 10 11 1 1
ciInstanceKlass java/lang/AssertionError 0 0 65 1 1 1 1 1 1 1 1 1 1 1 1 1 1 1 1 1 1 1 1 1 1 1 1 1 5 0 100 100 100 100 100 1 1 1 1 1 1 1 1 12 12 12 12 12 12 12 12 12 12 12 10 10 10 10 10 10 10 10 10 10 10 10 1
instanceKlass org/apache/tomcat/util/compat/Jre9Compat
instanceKlass org/apache/tomcat/util/compat/GraalCompat
ciInstanceKlass org/apache/tomcat/util/compat/JreCompat 1 1 151 10 9 9 9 100 9 8 10 10 8 7 8 10 10 10 7 10 10 7 10 7 10 10 7 10 10 7 10 10 7 1 1 1 3 1 1 1 1 1 1 1 1 1 1 1 1 1 1 1 1 1 1 1 1 1 1 1 1 1 1 1 1 1 1 1 1 1 1 1 1 1 1 100 1 1 1 1 1 1 1 1 1 1 1 1 1 1 1 1 1 1 1 1 1 1 1 1 1 1 1 1 1 1 1 1 1 1 1 1 1 12 12 12 12 1 12 1 7 12 12 1 1 1 12 7 12 1 12 1 12 1 12 12 1 1 1 1 1 1 1 1 1 1 1 1 1 1 1 1 1
staticfield org/apache/tomcat/util/compat/JreCompat instance Lorg/apache/tomcat/util/compat/JreCompat; org/apache/tomcat/util/compat/JreCompat
staticfield org/apache/tomcat/util/compat/JreCompat graalAvailable Z 0
staticfield org/apache/tomcat/util/compat/JreCompat jre9Available Z 0
staticfield org/apache/tomcat/util/compat/JreCompat sm Lorg/apache/tomcat/util/res/StringManager; org/apache/tomcat/util/res/StringManager
ciInstanceKlass java/security/cert/CertificateFactory 1 1 125 8 8 7 1 1 1 1 1 1 1 1 1 1 1 1 1 1 1 1 1 1 1 1 1 1 1 1 1 1 1 1 1 1 1 1 1 1 1 1 1 1 1 1 1 1 1 1 1 7 100 100 100 100 100 7 7 7 1 1 1 1 1 1 1 1 1 1 1 1 1 1 1 1 1 1 1 1 1 1 1 12 12 12 12 12 12 12 12 12 12 12 12 12 12 12 12 12 12 12 12 9 9 9 9 9 10 10 10 10 10 10 10 10 10 10 10 10 10 10 10 10 10 1 1
ciInstanceKlass java/util/jar/JarVerifier$VerifierStream 1 1 75 1 1 1 1 1 1 1 1 1 1 1 1 1 1 1 1 1 1 1 1 1 1 1 1 1 1 1 1 1 100 7 7 7 7 100 7 1 1 1 1 1 1 1 1 12 12 12 12 12 12 12 12 12 12 12 12 12 12 9 9 9 9 10 10 10 10 10 10 10 10 10 10 1 1
ciInstanceKlass java/nio/file/attribute/FileTime 1 1 282 3 3 8 8 8 8 8 1 1 1 1 1 1 1 1 1 1 1 1 1 1 1 1 1 1 1 1 1 1 1 1 1 1 1 1 1 1 1 1 1 1 1 1 1 1 1 1 1 1 1 1 1 1 1 1 1 1 1 1 1 1 1 1 1 1 1 1 1 1 1 1 1 1 1 1 1 1 1 1 1 1 1 1 1 1 1 1 1 1 1 1 1 1 1 1 1 1 1 1 1 1 1 1 1 1 1 1 3 5 0 5 0 5 0 5 0 5 0 5 0 5 0 5 0 5 0 5 0 5 0 5 0 5 0 5 0 5 0 5 0 5 0 5 0 100 100 100 100 7 100 100 7 100 100 100 100 7 7 1 1 1 1 1 1 1 1 1 1 1 1 1 1 1 1 1 1 1 1 1 12 12 12 12 12 12 12 12 12 12 12 12 12 12 12 12 12 12 12 12 12 12 12 12 12 12 12 12 12 12 12 12 12 12 12 12 12 12 12 12 12 12 12 12 12 12 12 12 12 12 9 9 9 9 9 9 9 9 9 9 9 9 10 10 10 10 10 10 10 10 10 10 10 10 10 10 10 10 10 10 10 10 10 10 10 10 10 10 10 10 10 10 10 10 10 10 10 10 10 10 10 1
ciInstanceKlass java/lang/instrument/IllegalClassFormatException 0 0 21 1 1 1 1 1 1 1 1 1 1 1 5 0 100 100 12 12 10 10 1
ciInstanceKlass java/lang/UnsupportedClassVersionError 0 0 21 1 1 1 1 1 1 1 1 1 1 1 5 0 100 100 12 12 10 10 1
ciInstanceKlass org/apache/catalina/WebResourceRoot 1 0 72 100 100 100 100 1 1 1 1 1 1 1 1 1 1 1 1 1 1 1 1 1 1 1 1 1 1 1 1 1 1 1 1 1 1 1 1 1 1 1 1 1 1 1 1 1 1 1 1 1 1 1 1 1 1 1 1 1 1 1 1 1 1 1 1 1 1 1 1 1 1 1
ciInstanceKlass org/apache/catalina/webresources/StandardRoot 1 1 706 10 9 7 10 9 9 9 9 7 10 9 9 9 9 7 10 10 9 9 9 11 9 10 10 7 10 11 11 11 7 7 11 11 10 10 7 10 7 7 10 11 11 11 10 9 11 10 10 11 11 11 10 10 10 7 10 8 10 10 10 10 10 100 9 8 10 10 10 8 10 100 8 7 10 10 9 10 8 11 11 10 10 10 11 7 11 7 10 10 10 7 10 10 10 10 9 10 8 7 10 10 100 10 10 9 10 8 10 7 10 100 10 10 7 10 8 9 10 11 9 11 11 100 10 10 10 10 10 10 10 10 11 10 11 100 10 8 11 11 11 10 11 10 10 11 11 11 11 7 11 11 8 10 11 10 10 8 10 10 8 11 10 10 10 11 10 9 10 11 100 10 10 11 100 11 10 10 10 8 10 8 11 11 9 8 11 11 11 11 11 100 9 10 10 7 10 10 7 100 7 1 1 1 1 1 1 1 1 1 1 1 1 1 1 1 1 1 1 1 1 1 1 1 1 1 1 1 1 1 1 1 1 1 1 1 1 1 1 1 1 1 1 1 1 1 1 1 1 1 1 1 1 1 1 100 100 100 100 100 100 1 1 1 100 1 1 1 1 1 1 1 1 1 1 1 1 1 1 1 1 1 1 1 1 1 1 1 1 1 100 1 1 1 1 1 1 1 1 1 1 7 1 1 1 1 1 1 1 1 1 1 1 1 1 1 1 1 1 100 100 1 1 1 1 1 1 1 1 1 1 1 1 1 1 1 1 1 1 1 1 1 1 1 1 1 1 1 1 1 1 1 1 1 1 1 1 1 1 1 1 1 1 1 1 1 100 1 1 1 1 1 1 1 1 1 1 1 1 1 1 1 1 1 1 1 1 1 1 1 1 1 1 100 100 1 1 1 1 12 12 1 12 12 12 12 1 12 12 12 12 12 1 7 12 12 12 12 12 12 12 12 1 12 7 12 12 1 1 12 12 12 1 12 1 12 7 12 12 12 12 12 12 12 12 12 12 12 12 1 1 12 12 12 12 7 12 1 12 1 7 12 12 12 1 12 1 1 1 12 12 7 12 1 12 12 12 12 1 12 12 12 1 12 12 12 12 12 12 1 1 12 1 12 12 7 12 12 1 12 1 12 1 12 1 1 12 12 12 12 12 1 12 12 12 12 12 12 12 12 12 1 1 12 12 12 12 12 12 1 12 7 12 1 12 12 12 1 12 12 1 12 7 12 7 12 12 12 12 12 12 12 1 12 12 12 1 12 12 12 12 1 12 1 12 12 12 1 12 100 12 12 1 12 12 12 1 7 12 12 1 1 1 1 1 1 1 1 1 1 1 1 1 1 1 1 1 1 1 1 1 1 1 1 1 1 1 1 1 1 1 1 1 1 1 1 1 1 1 1 1 1 1 1 1 1 1 1 1 1 1 1 1 1 1 1 1 1 1 1 1 1 1 1 1 1 1 1 1 1 1 1 1 1 1 1 1 1 1 1 1 1 1 1 1 1 1 1 1 1 1 1 1 1 1 1 1 1 1 1 1 1 1 1 1 1 1 1 1 1 1 1 1 1 1 1 1 1 1 1 1 1 1 1 1 1
staticfield org/apache/catalina/webresources/StandardRoot log Lorg/apache/juli/logging/Log; org/apache/juli/logging/DirectJDKLog
staticfield org/apache/catalina/webresources/StandardRoot sm Lorg/apache/tomcat/util/res/StringManager; org/apache/tomcat/util/res/StringManager
ciInstanceKlass org/apache/catalina/webresources/Cache 1 1 325 10 7 10 9 5 0 9 5 0 9 7 9 9 9 7 10 9 9 10 10 10 11 7 10 10 10 10 10 11 10 10 10 5 0 5 0 11 11 10 9 9 8 7 10 11 10 11 10 10 7 7 10 10 10 10 5 0 8 5 0 10 5 0 11 8 10 8 10 8 8 10 11 11 10 10 11 100 5 0 8 10 3 5 0 8 11 10 10 10 100 1 1 1 1 1 1 1 1 1 5 0 1 1 1 3 1 1 1 1 1 1 1 1 1 1 1 1 1 1 1 1 1 1 1 1 1 1 1 1 1 1 1 1 1 1 1 1 1 1 100 1 1 1 1 1 1 1 1 1 1 1 100 100 100 1 1 1 1 1 1 1 1 1 1 1 1 1 1 1 1 1 1 1 1 1 1 1 1 1 1 1 1 1 1 12 1 12 12 12 12 1 12 12 12 1 12 12 12 7 12 12 7 12 1 12 12 12 12 12 12 12 12 12 12 100 12 12 12 12 1 1 12 100 12 7 12 100 12 12 12 1 1 12 12 12 1 100 12 12 1 7 12 1 12 1 1 7 12 100 12 12 12 12 12 1 1 12 1 12 12 7 12 12 1 1 1 1 1 1 1 1 1 1 1 1 1 1 1 1 1 1 1 1 1 1 1 1 1 1 1 1 1 1 1 1 1 1 1 1 1 1 1 1 1 1 1 1 1 1 1 1 1 1 1 1 1 1 1 1 1 1 1 1 1
staticfield org/apache/catalina/webresources/Cache log Lorg/apache/juli/logging/Log; org/apache/juli/logging/DirectJDKLog
staticfield org/apache/catalina/webresources/Cache sm Lorg/apache/tomcat/util/res/StringManager; org/apache/tomcat/util/res/StringManager
ciInstanceKlass org/apache/catalina/WebResource 1 0 40 100 100 1 1 1 1 1 1 1 1 1 1 1 1 1 1 1 1 1 1 1 1 1 1 1 1 1 1 1 1 1 1 1 1 1 1 1 1 1
instanceKlass org/apache/catalina/webresources/AbstractArchiveResourceSet
instanceKlass org/apache/catalina/webresources/AbstractFileResourceSet
ciInstanceKlass org/apache/catalina/webresources/AbstractResourceSet 1 1 133 10 8 9 10 10 100 9 8 100 10 10 9 10 8 10 9 9 9 9 9 9 10 9 10 7 10 7 100 1 1 1 1 1 1 1 1 1 1 1 1 1 1 1 1 1 1 1 1 1 1 1 1 1 1 1 1 1 1 1 1 1 1 1 1 1 1 1 1 1 1 1 1 1 1 1 100 1 1 1 1 1 12 1 12 7 12 12 1 12 1 1 7 12 12 12 12 1 12 12 12 12 12 12 7 12 12 12 12 1 12 1 1 1 1 1 1 1 1 1 1 1 1 1 1 1 1 1 1 1 1 1 1
staticfield org/apache/catalina/webresources/AbstractResourceSet sm Lorg/apache/tomcat/util/res/StringManager; org/apache/tomcat/util/res/StringManager
instanceKlass org/apache/catalina/webresources/AbstractArchiveResource
instanceKlass org/apache/catalina/webresources/FileResource
ciInstanceKlass org/apache/catalina/webresources/AbstractResource 1 1 117 10 9 9 9 10 10 9 10 100 10 8 10 10 8 8 10 10 11 100 10 10 7 10 9 7 100 1 1 1 1 1 1 1 1 1 1 1 1 1 1 1 1 1 1 1 1 1 1 1 1 1 100 100 1 1 1 1 1 1 1 100 1 1 1 1 1 1 1 12 12 12 12 12 100 12 12 12 1 1 12 12 1 1 12 12 7 12 1 12 12 1 7 12 12 1 1 1 1 1 1 1 1 1 1 1 1 1 1 1 1 1 1 1 1 1 1
staticfield org/apache/catalina/webresources/AbstractResource sm Lorg/apache/tomcat/util/res/StringManager; org/apache/tomcat/util/res/StringManager
instanceKlass org/apache/catalina/webresources/AbstractSingleArchiveResourceSet
ciInstanceKlass org/apache/catalina/webresources/AbstractArchiveResourceSet 1 1 300 10 9 9 7 10 9 9 9 9 10 10 10 100 10 10 7 10 10 10 10 10 10 10 10 11 11 11 11 7 10 10 10 8 10 10 10 10 100 7 10 10 10 10 100 9 8 10 10 10 8 10 100 100 10 10 10 10 10 11 100 7 10 10 10 100 8 10 10 10 10 100 7 7 1 1 1 1 1 1 1 1 1 1 1 1 1 1 1 1 1 1 1 1 1 1 1 1 1 1 1 1 1 1 1 1 1 1 1 1 1 1 1 1 100 100 100 1 1 1 1 1 100 1 1 1 1 1 1 1 1 1 1 1 1 1 1 1 1 1 1 1 1 1 100 100 100 1 1 1 1 1 1 1 1 1 1 100 100 1 1 100 1 100 1 1 12 12 12 1 12 12 12 12 7 12 12 12 1 12 1 12 12 12 12 12 12 7 12 7 12 7 12 12 1 12 12 12 1 12 12 12 12 1 1 12 12 1 12 1 100 12 12 12 1 12 1 1 12 12 12 12 12 1 1 12 12 12 1 1 7 12 12 7 12 1 1 1 1 1 1 1 1 1 1 1 1 1 1 1 1 1 1 1 1 1 1 1 1 1 1 1 1 1 1 1 1 1 1 1 1 1 1 1 1 1 1 1 1 1 1 1 1 1 1 1 1 1 1 1 1 1 1 1 1 1 1 1 1 1
instanceKlass org/apache/catalina/webresources/WarResourceSet
instanceKlass org/apache/catalina/webresources/JarResourceSet
ciInstanceKlass org/apache/catalina/webresources/AbstractSingleArchiveResourceSet 1 1 216 10 10 10 10 10 10 11 10 10 100 100 10 9 9 7 10 10 10 11 11 7 10 11 10 100 10 9 10 10 10 10 10 10 10 10 10 100 10 100 10 7 10 10 10 100 7 7 1 1 1 1 1 1 1 1 1 1 1 1 1 1 1 1 1 1 1 100 100 100 100 1 1 1 1 1 1 1 1 1 1 1 1 1 1 1 100 100 100 100 100 1 1 1 1 1 100 1 1 1 1 100 1 1 12 12 12 12 12 12 7 12 7 12 12 1 1 12 12 12 1 12 7 12 7 12 12 1 12 7 12 12 1 12 12 7 12 12 7 12 12 12 12 12 12 12 1 12 1 1 12 7 12 12 1 1 1 1 1 1 1 1 1 1 1 1 1 1 1 1 1 1 1 1 1 1 1 1 1 1 1 1 1 1 1 1 1 1 1 1 1 1 1 1 1 1 1 1 1 1 1 1 1 1 1 1 1 1 1 1 1 1 1 1 1 1
ciInstanceKlass org/apache/catalina/webresources/JarResourceSet 1 1 44 10 10 7 10 10 7 7 1 1 1 1 1 1 1 1 1 1 1 1 1 1 1 100 1 1 1 1 1 1 1 1 1 12 12 1 12 12 1 1 1 1 1 1
instanceKlass org/apache/catalina/loader/ParallelWebappClassLoader
ciInstanceKlass org/apache/catalina/loader/WebappClassLoaderBase 1 1 1726 9 7 10 9 7 10 9 9 7 10 9 7 10 9 9 9 9 9 9 9 9 9 9 7 10 9 9 9 9 9 10 10 9 7 10 10 10 9 10 10 8 11 11 10 8 10 10 100 10 10 7 100 9 9 8 100 10 10 11 10 100 8 10 10 10 7 10 10 9 8 10 8 10 100 8 10 10 11 8 11 8 11 11 8 11 10 10 11 8 11 11 11 11 11 100 11 7 9 11 11 11 8 100 10 8 11 11 8 10 11 11 11 7 8 11 10 8 11 8 10 10 10 8 8 10 8 8 10 11 8 11 100 10 10 8 8 10 10 11 8 11 10 10 100 8 11 7 10 8 100 10 10 7 10 100 8 10 11 100 8 10 8 10 8 8 9 100 10 7 8 8 10 10 11 11 10 10 8 10 8 8 11 10 11 8 7 10 11 10 10 11 11 10 8 10 8 10 8 10 8 10 10 7 10 8 10 8 8 11 10 8 8 10 10 10 8 8 10 8 10 10 10 10 100 10 100 10 10 10 100 8 11 8 10 8 10 8 8 100 10 10 8 10 10 10 100 10 10 100 10 10 10 8 11 11 7 100 10 10 10 10 10 10 10 7 100 10 10 9 9 8 11 11 10 11 9 9 10 9 11 10 10 9 9 10 8 10 9 8 11 11 100 10 10 10 10 10 10 10 10 10 10 10 10 10 8 10 10 10 8 10 10 10 10 8 10 10 7 8 10 10 10 8 10 10 10 10 10 9 10 8 10 10 8 10 10 8 10 10 10 8 10 8 8 8 8 10 10 10 100 10 8 8 100 10 100 8 10 5 0 10 100 10 8 10 8 8 8 10 10 10 10 8 8 8 8 8 8 10 8 8 10 10 10 8 8 100 100 10 10 10 8 10 8 8 8 8 11 8 8 8 100 11 100 8 10 8 11 10 10 8 8 8 8 8 8 7 11 11 8 8 8 8 8 8 8 10 8 100 100 8 11 9 11 11 11 10 7 8 11 100 8 11 10 10 10 10 10 10 8 8 8 10 10 100 10 8 8 10 10 10 10 10 9 10 10 8 10 8 10 8 10 8 8 8 8 8 8 8 8 8 8 8 8 8 8 8 8 8 8 8 8 8 8 8 8 8 8 10 11 11 100 10 100 10 8 10 10 8 8 100 8 10 7 100 100 100 100 100 1 1 1 1 1 1 1 1 1 1 1 1 1 1 1 1 1 1 1 1 1 1 1 1 1 1 1 1 1 1 1 1 1 1 1 1 1 1 1 1 1 1 1 1 1 1 1 1 1 1 1 1 1 1 1 1 1 1 1 1 1 1 1 100 100 1 1 1 1 1 1 1 1 1 1 1 1 1 1 1 1 1 1 1 1 1 1 1 100 100 100 100 100 1 1 1 1 1 1 1 1 1 1 1 1 1 1 1 1 1 1 1 1 1 1 1 1 1 1 1 1 1 1 1 1 1 1 1 1 1 1 1 1 1 1 1 1 100 100 100 100 100 1 1 1 100 1 1 1 1 1 1 1 1 1 1 1 1 1 1 1 1 1 1 1 1 1 1 1 1 1 100 100 100 100 1 1 1 1 1 1 1 1 100 100 100 1 1 1 1 1 1 1 1 1 1 100 100 1 1 1 1 1 1 1 1 1 100 100 1 1 1 1 1 1 1 1 1 1 1 1 100 1 1 1 1 1 1 100 1 1 1 1 1 1 1 1 1 100 1 1 1 1 1 1 100 1 1 1 1 1 1 1 1 1 1 1 1 1 1 1 1 1 7 1 1 1 1 1 1 1 1 1 1 1 1 1 1 1 1 1 1 1 1 1 100 100 1 1 1 1 1 1 1 1 1 1 1 1 1 1 1 1 1 1 1 1 1 100 100 100 100 100 100 1 1 1 1 1 1 100 1 1 1 1 1 1 1 1 100 100 1 1 1 1 1 1 1 1 1 100 1 1 1 1 1 1 1 1 1 1 1 1 1 1 1 1 1 1 1 1 1 1 1 1 1 1 100 1 1 1 1 1 1 1 1 1 1 1 1 1 1 1 1 1 1 1 1 1 100 1 1 1 1 1 1 1 1 1 1 1 1 1 1 1 1 1 1 1 100 100 100 100 100 100 1 1 1 1 1 1 1 1 1 1 1 1 100 1 1 1 1 1 1 1 1 1 1 1 1 1 1 1 1 1 1 1 1 1 1 1 12 1 12 12 1 12 12 12 1 12 1 12 12 12 12 12 12 12 12 12 12 1 12 12 12 7 12 12 12 12 12 1 12 7 12 12 12 12 1 7 12 100 12 12 1 12 12 1 12 12 1 1 12 12 1 1 12 7 12 7 12 12 1 12 12 12 1 12 12 1 12 1 12 1 1 12 12 12 1 1 12 12 1 12 12 12 1 12 12 100 12 7 12 12 1 12 1 12 12 12 7 12 1 1 12 1 12 12 1 12 12 12 1 1 12 1 12 1 12 12 1 1 12 1 1 1 1 12 12 1 1 12 12 12 1 12 12 100 12 1 1 12 1 12 1 1 12 100 12 1 12 1 1 12 12 1 1 12 1 1 1 7 12 1 12 1 1 1 12 12 12 12 12 12 1 1 1 12 12 1 1 12 12 100 12 12 7 12 1 12 1 12 1 1 12 1 12 1 12 1 1 12 12 1 1 12 7 12 12 1 1 12 1 12 12 12 12 1 1 100 12 12 12 1 1 12 1 12 1 1 1 1 12 1 12 1 12 1 12 12 100 12 1 12 12 1 12 12 12 7 12 12 1 1 12 12 12 1 12 12 12 12 12 12 12 12 12 12 1 12 12 1 12 100 1 100 12 12 12 12 12 12 12 12 100 7 12 100 12 100 1 100 12 12 1 12 12 100 12 1 12 100 12 1 1 12 12 1 12 12 12 12 12 100 1 12 12 1 12 1 12 12 12 1 12 1 1 1 12 100 12 1 12 1 1 1 12 1 1 12 12 1 12 1 100 12 1 1 12 12 12 1 1 1 1 1 1 12 1 12 12 12 1 1 1 12 12 12 1 1 1 1 12 1 1 1 1 1 1 12 1 12 12 12 1 1 1 1 12 12 1 1 1 1 1 1 12 1 1 1 1 12 12 12 12 12 12 1 1 12 1 1 12 12 12 12 100 12 12 12 1 1 1 12 1 12 1 1 12 12 12 100 12 100 12 100 12 12 1 12 1 12 1 12 1 1 1 1 1 1 1 1 1 1 1 1 1 1 1 1 1 1 1 1 1 1 1 1 1 1 12 1 12 1 12 1 12 12 1 1 1 1 12 1 1 1 1 1 1 1 1 1 1 1 1 1 1 1 1 1 1 1 1 1 1 1 1 1 1 1 1 1 1 1 1 1 1 1 1 1 1 1 1 1 1 1 1 1 1 1 1 1 1 1 1 1 1 1 1 1 1 1 1 1 1 1 1 1 1 1 1 1 1 1 1 1 1 1 1 1 1 1 1 1 1 1 1 1 1 1 1 1 1 1 1 1 1 1 1 1 1 1 1 1 1 1 1 1 1 1 1 1 1 1 1 1 1 1 1 1 1 1 1 1 1 1 1 1 1 1 1 1 1 1 1 1 1 1 1 1 1 1 1 1 1 1 1 1 1 1 1 1 1 1 1 1 1 1 1 1 1 1 1 1 1 1 1 1 1 1 1 1 1 1 1 1 1 1 1 1 1 1 1 1 1 1 1 1 1 1 1 1 1 1 1 1 1 1 1 1 1 1 1 1 1 1 1 1 1 1 1 1 1 1 1 1 1 1 1 1 1 1 1 1 1 1 1 1 1 1 1 1 1 1 1 1 1 1 1 1 1 1 1 1 1 1 1 1 1 1 1 1 1 1 1 1 1 1 1 1 1 1 1 1 1 1 1 1 1 1 1 1 1 1 1
staticfield org/apache/catalina/loader/WebappClassLoaderBase log Lorg/apache/juli/logging/Log; org/apache/juli/logging/DirectJDKLog
staticfield org/apache/catalina/loader/WebappClassLoaderBase JVM_THREAD_GROUP_NAMES Ljava/util/List; java/util/ArrayList
staticfield org/apache/catalina/loader/WebappClassLoaderBase sm Lorg/apache/tomcat/util/res/StringManager; org/apache/tomcat/util/res/StringManager
ciInstanceKlass org/apache/catalina/loader/ParallelWebappClassLoader 1 1 90 10 10 7 10 10 10 10 100 100 10 10 10 9 10 10 9 8 10 11 7 1 1 1 1 1 1 1 1 1 1 1 1 1 1 1 1 1 1 100 100 1 1 1 1 12 12 1 12 12 12 1 1 12 12 7 12 12 7 12 7 12 12 1 100 12 100 12 1 1 1 1 1 1 1 1 1 1 1 1 1 1 1 1 1 1 1 1 1 1
staticfield org/apache/catalina/loader/ParallelWebappClassLoader log Lorg/apache/juli/logging/Log; org/apache/juli/logging/DirectJDKLog
ciInstanceKlass org/apache/catalina/webresources/EmptyResource 1 1 92 10 10 9 9 9 10 10 5 0 10 100 7 7 100 1 1 1 1 1 1 1 1 1 1 1 1 1 1 1 1 1 1 1 1 1 1 1 1 1 1 1 1 1 1 1 1 100 1 1 1 1 1 1 1 1 1 1 1 1 1 1 1 1 1 1 1 1 1 1 1 12 12 12 12 12 100 12 12 100 12 1 1 1 1 1 1 1 1 1 1 1
instanceKlass org/apache/catalina/webresources/AbstractSingleArchiveResource
ciInstanceKlass org/apache/catalina/webresources/AbstractArchiveResource 1 1 262 9 10 10 9 9 9 9 10 10 10 10 10 10 10 8 9 10 10 10 10 10 10 5 0 10 7 10 10 10 7 10 100 10 11 9 8 100 10 11 10 100 5 0 100 8 10 10 10 10 10 100 10 10 10 9 100 8 100 10 10 7 7 7 1 1 1 1 1 1 1 1 1 1 1 1 1 1 1 1 1 1 1 1 1 1 1 1 1 1 1 1 100 100 100 100 1 1 1 1 1 1 1 1 1 1 1 1 1 1 1 1 1 1 1 1 1 1 1 1 1 100 1 1 1 1 1 1 1 1 1 1 1 1 1 1 100 100 100 100 1 1 1 1 1 1 1 1 1 1 1 1 1 12 7 12 12 12 12 12 12 7 12 7 12 12 12 12 12 12 1 12 12 12 12 12 12 12 1 12 12 12 1 12 1 12 100 12 12 1 1 100 12 12 12 1 1 1 12 100 12 12 12 1 12 12 12 12 1 1 1 12 1 1 1 1 1 1 1 1 1 1 1 1 1 1 1 1 1 1 1 1 1 1 1 1 1 1 1 1 1 1 1 1 1 1 1 1 1 1 1 1 1 1 1 1 1 1 1 1 1 1
instanceKlass org/apache/catalina/webresources/JarResource
ciInstanceKlass org/apache/catalina/webresources/AbstractSingleArchiveResource 1 1 110 10 10 10 10 10 10 10 7 10 100 10 11 9 8 100 10 10 11 10 7 7 1 1 1 1 1 1 1 1 1 1 1 1 1 1 1 1 1 1 1 1 1 1 1 1 1 1 100 100 100 1 1 12 12 7 12 12 7 12 7 12 12 1 12 1 12 100 12 12 1 1 12 100 12 12 12 1 1 1 1 1 1 1 1 1 1 1 1 1 1 1 1 1 1 1 1 1 1 1 1 1 1 1 1 1 1 1 1 1
ciInstanceKlass org/apache/catalina/webresources/JarResource 1 1 53 7 10 8 10 8 10 10 9 7 10 7 1 1 1 1 1 1 1 1 1 1 1 1 1 1 1 1 1 1 1 1 1 1 1 12 1 12 1 12 12 12 1 7 12 1 1 1 1 1 1 1 1
staticfield org/apache/catalina/webresources/JarResource log Lorg/apache/juli/logging/Log; org/apache/juli/logging/DirectJDKLog
ciInstanceKlass org/apache/catalina/webresources/AbstractArchiveResource$JarInputStreamWrapper 1 1 104 9 10 7 10 9 9 9 10 10 10 10 10 10 10 10 10 10 10 10 10 7 7 1 1 1 1 1 1 1 1 1 1 1 1 1 1 1 1 1 1 1 1 100 1 1 1 1 1 1 1 1 1 1 1 1 1 1 1 1 1 1 1 1 1 1 1 1 1 12 12 1 12 12 12 12 12 12 12 12 12 12 7 12 7 12 12 12 12 12 7 12 1 1 1 1 1 1 1 1 1 1 1 1
ciInstanceKlass org/apache/catalina/loader/ResourceEntry 1 1 28 10 5 0 9 9 7 7 1 1 1 1 1 1 1 1 1 1 1 1 1 1 1 12 12 12 1 1
ciInstanceKlass org/springframework/core/annotation/AnnotationTypeMapping 1 1 597 10 9 9 10 7 10 9 9 10 9 10 9 9 10 10 9 9 10 7 10 9 10 10 9 9 9 7 9 10 9 10 10 10 10 9 10 7 11 10 11 11 10 7 10 10 7 10 10 18 11 7 10 10 11 10 11 100 8 7 10 10 10 11 7 10 10 10 8 8 10 10 10 8 10 10 8 10 10 8 10 10 10 11 10 10 11 11 10 11 10 11 18 10 10 11 10 100 8 10 10 10 10 10 10 11 11 10 10 10 10 10 10 10 10 10 10 11 11 8 10 10 8 10 8 10 10 10 7 7 10 7 7 10 10 10 11 100 10 10 11 7 1 1 1 1 1 1 1 1 1 1 1 1 1 1 1 1 1 1 1 1 1 1 1 1 1 1 1 1 1 1 1 1 1 1 1 1 1 1 1 1 1 1 1 1 1 1 1 1 1 100 100 100 100 100 1 1 1 1 1 1 1 1 1 1 1 1 1 1 1 1 1 1 1 1 100 1 1 1 1 1 1 1 1 1 1 100 100 1 1 1 1 1 1 1 1 1 1 1 1 1 1 1 1 1 1 1 1 1 1 1 100 1 1 1 1 1 1 100 1 1 1 1 1 1 1 100 1 1 1 1 1 1 1 1 1 1 1 1 1 1 1 1 1 1 1 1 1 100 1 1 1 1 1 1 1 1 1 1 1 1 1 1 1 1 1 1 1 1 1 1 1 1 1 1 1 1 1 1 1 1 1 1 1 1 1 1 1 1 1 1 1 1 1 1 1 1 1 1 1 1 1 1 1 1 1 1 1 1 1 1 12 12 12 12 1 12 12 12 12 12 12 12 12 12 12 12 7 12 1 12 12 12 12 12 12 12 1 12 12 12 12 12 12 12 12 7 12 1 12 12 12 12 1 12 1 7 12 12 1 15 16 15 16 12 7 12 1 12 12 12 7 12 12 1 1 1 12 12 12 12 1 12 7 12 12 1 1 12 12 12 1 12 12 1 12 12 1 12 12 12 12 12 12 12 12 12 12 7 16 15 12 12 12 7 12 1 12 12 12 12 12 12 12 12 7 12 12 12 12 12 12 1 12 1 7 12 1 7 12 7 12 12 1 1 12 12 12 12 1 12 100 12 100 12 1 1 1 1 1 1 1 1 1 1 1 1 1 1 1 1 1 1 1 1 1 1 1 10 1 10 1 1 1 1 1 1 1 1 1 1 1 1 1 1 1 1 1 1 1 1 1 1 1 1 1 1 1 1 1 1 1 1 1 1 1 1 1 1 1 1 1 1 1 1 1 1 1 1 1 1 1 1 1 1 1 1 1 1 1 1 1 1 1 1 7 12 12 1 1 100 1 1 100 1 1
staticfield org/springframework/core/annotation/AnnotationTypeMapping EMPTY_MIRROR_SETS [Lorg/springframework/core/annotation/AnnotationTypeMapping$MirrorSets$MirrorSet; 0 [Lorg/springframework/core/annotation/AnnotationTypeMapping$MirrorSets$MirrorSet;
ciInstanceKlass java/lang/ProcessEnvironment 1 1 270 8 8 8 8 1 1 1 1 1 1 1 1 1 1 1 1 1 1 1 1 1 1 1 1 1 1 1 1 1 1 1 1 1 1 1 1 1 1 1 1 1 1 1 1 1 1 1 1 1 1 1 1 1 1 1 1 1 1 1 1 1 1 1 1 1 1 1 1 1 1 1 1 1 1 1 1 1 1 1 1 1 1 1 1 1 1 1 1 1 1 1 1 1 1 1 1 1 3 5 0 100 100 7 100 100 7 7 100 7 7 7 100 100 7 7 100 100 7 100 7 1 1 1 1 1 1 1 1 1 1 1 1 1 1 1 1 1 1 1 1 1 1 1 1 1 1 1 1 1 1 1 1 1 1 12 12 12 12 12 12 12 12 12 12 12 12 12 12 12 12 12 12 12 12 12 12 12 12 12 12 12 12 12 12 12 12 12 12 12 12 12 12 12 12 12 12 12 12 12 12 12 12 12 9 9 9 9 9 10 10 10 10 10 10 10 10 10 10 10 10 10 10 10 10 10 10 10 10 10 10 10 10 10 10 10 10 10 10 10 10 10 10 10 10 10 10 10 10 10 10 10 10 10 10 10 11 11 11 11 11 11 11 1 1 1 1 1 1 1
staticfield java/lang/ProcessEnvironment nameComparator Ljava/lang/ProcessEnvironment$NameComparator; java/lang/ProcessEnvironment$NameComparator
staticfield java/lang/ProcessEnvironment entryComparator Ljava/lang/ProcessEnvironment$EntryComparator; java/lang/ProcessEnvironment$EntryComparator
staticfield java/lang/ProcessEnvironment theEnvironment Ljava/lang/ProcessEnvironment; java/lang/ProcessEnvironment
staticfield java/lang/ProcessEnvironment theUnmodifiableEnvironment Ljava/util/Map; java/util/Collections$UnmodifiableMap
staticfield java/lang/ProcessEnvironment theCaseInsensitiveEnvironment Ljava/util/Map; java/util/TreeMap
ciInstanceKlass org/springframework/beans/factory/support/AbstractBeanFactory$BeanPostProcessorCacheAwareList 1 1 120 10 9 10 10 7 10 10 10 10 10 10 10 10 10 10 10 10 10 10 10 7 7 1 1 1 1 1 1 1 1 1 1 1 1 1 1 1 1 1 1 1 1 1 1 1 1 1 1 1 1 1 1 1 1 1 1 1 1 1 1 1 1 1 1 1 1 1 1 1 1 1 1 1 1 1 1 1 1 1 1 100 1 1 1 1 1 1 1 12 12 12 12 1 7 12 12 12 12 12 12 12 12 12 12 12 12 12 12 12 1 1 1 1 1 1 100 1 1 1
ciInstanceKlass java/lang/StringIndexOutOfBoundsException 0 0 38 8 1 1 1 1 1 1 1 1 1 1 1 1 1 1 1 1 1 5 0 100 100 100 1 1 12 12 12 12 12 10 10 10 10 10 10 1
ciInstanceKlass java/util/concurrent/ConcurrentHashMap$TreeNode 1 1 69 1 1 1 1 1 1 1 1 1 1 1 1 1 1 1 1 1 1 1 1 1 1 1 1 1 1 1 1 1 100 7 7 7 7 1 1 1 1 1 1 1 1 1 1 1 1 12 12 12 12 12 12 12 12 12 12 9 9 9 9 9 10 10 10 10 10 1 1
ciInstanceKlass java/util/concurrent/ConcurrentHashMap$TreeBin 1 1 231 8 7 7 1 1 1 1 1 1 1 1 1 1 1 1 1 1 1 1 1 1 1 1 1 1 1 1 1 1 1 1 1 1 1 1 1 1 1 1 1 1 1 1 1 1 1 1 1 1 1 1 1 1 1 1 1 1 1 1 1 1 1 1 1 1 1 1 1 1 1 1 1 1 1 1 1 1 1 1 1 1 1 1 1 1 1 3 3 3 100 7 100 100 7 7 7 100 100 7 7 100 7 1 1 1 1 1 1 1 1 1 1 1 1 1 1 1 1 1 1 1 1 1 1 1 1 1 1 1 1 1 1 1 1 12 12 12 12 12 12 12 12 12 12 12 12 12 12 12 12 12 12 12 12 12 12 12 12 12 12 12 12 12 12 12 12 12 12 12 12 12 12 12 12 12 12 12 12 12 9 9 9 9 9 9 9 9 9 9 9 9 9 9 9 9 9 9 10 10 10 10 10 10 10 10 10 10 10 10 10 10 10 10 10 10 10 10 10 10 10 10 10 10 10 10 10 10 1 1 1
staticfield java/util/concurrent/ConcurrentHashMap$TreeBin U Lsun/misc/Unsafe; sun/misc/Unsafe
staticfield java/util/concurrent/ConcurrentHashMap$TreeBin LOCKSTATE J 28
staticfield java/util/concurrent/ConcurrentHashMap$TreeBin $assertionsDisabled Z 1
ciInstanceKlass com/fasterxml/jackson/core/util/InternCache 1 1 71 7 4 10 7 10 9 10 7 10 10 10 10 10 9 7 1 1 1 5 0 1 1 3 1 1 1 1 1 1 1 1 1 1 1 1 1 1 1 1 100 100 100 1 1 1 1 1 1 12 1 12 12 12 1 12 12 12 12 12 1 1 1 1 1 1 1 1 1 1 1
staticfield com/fasterxml/jackson/core/util/InternCache instance Lcom/fasterxml/jackson/core/util/InternCache; com/fasterxml/jackson/core/util/InternCache
ciInstanceKlass java/util/SimpleTimeZone 0 0 449 3 3 3 3 8 8 8 8 8 8 8 8 8 8 8 8 8 8 8 8 8 8 8 8 8 8 8 8 8 8 8 8 8 8 8 1 1 1 1 1 1 1 1 1 1 1 1 1 1 1 1 1 1 1 1 1 1 1 1 1 1 1 1 1 1 1 1 1 1 1 1 1 1 1 1 1 1 1 1 1 1 1 1 1 1 1 1 1 1 1 1 1 1 1 1 1 1 1 1 1 1 1 1 1 1 1 1 1 1 1 1 1 1 1 1 1 1 1 1 1 1 1 1 1 1 1 1 1 1 1 1 1 1 1 1 1 1 1 1 1 1 1 1 1 1 1 1 1 1 1 1 1 1 1 1 1 1 1 1 1 1 1 1 1 1 1 1 1 1 1 1 1 1 1 1 1 1 1 1 1 1 1 1 1 1 1 1 1 1 1 1 1 1 1 1 1 1 1 1 1 1 1 1 1 1 1 1 1 1 1 1 1 1 1 1 1 1 3 3 3 3 3 3 5 0 5 0 5 0 100 100 100 100 100 100 100 100 100 100 100 100 100 100 100 100 100 100 100 1 1 1 1 1 1 1 1 1 1 1 1 1 1 1 1 1 1 1 1 1 1 1 1 1 1 1 1 12 12 12 12 12 12 12 12 12 12 12 12 12 12 12 12 12 12 12 12 12 12 12 12 12 12 12 12 12 12 12 12 12 12 12 12 12 12 12 12 12 12 12 12 12 12 12 12 12 12 12 12 12 12 12 12 12 12 12 12 12 12 12 12 12 12 12 12 12 12 12 12 12 12 12 12 12 12 12 12 12 12 12 12 9 9 9 9 9 9 9 9 9 9 9 9 9 9 9 9 9 9 9 9 9 9 9 9 9 10 10 10 10 10 10 10 10 10 10 10 10 10 10 10 10 10 10 10 10 10 10 10 10 10 10 10 10 10 10 10 10 10 10 10 10 10 10 10 10 10 10 10 10 10 10 10 10 10 10 10 10 10 10 10 10 10 10 10 10 10 10 1
compile org/apache/catalina/loader/WebappClassLoaderBase findClassInternal (Ljava/lang/String;)Ljava/lang/Class; -1 4 inline 243 0 -1 org/apache/catalina/loader/WebappClassLoaderBase findClassInternal (Ljava/lang/String;)Ljava/lang/Class; 1 2 org/apache/catalina/loader/WebappClassLoaderBase checkStateForResourceLoading (Ljava/lang/String;)V 2 4 org/apache/catalina/LifecycleState isAvailable ()Z 1 23 java/util/concurrent/ConcurrentHashMap get (Ljava/lang/Object;)Ljava/lang/Object; 2 1 java/lang/String hashCode ()I 2 4 java/util/concurrent/ConcurrentHashMap spread (I)I 2 34 java/util/concurrent/ConcurrentHashMap tabAt ([Ljava/util/concurrent/ConcurrentHashMap$Node;I)Ljava/util/concurrent/ConcurrentHashMap$Node; 1 44 org/apache/catalina/webresources/StandardRoot getClassLoaderResource (Ljava/lang/String;)Lorg/apache/catalina/WebResource; 2 5 java/lang/StringBuilder <init> ()V 2 10 java/lang/StringBuilder append (Ljava/lang/String;)Ljava/lang/StringBuilder; 2 14 java/lang/StringBuilder append (Ljava/lang/String;)Ljava/lang/StringBuilder; 2 17 java/lang/StringBuilder toString ()Ljava/lang/String; 1 53 org/apache/catalina/webresources/AbstractArchiveResource exists ()Z 1 53 org/apache/catalina/webresources/EmptyResource exists ()Z 1 67 org/apache/catalina/loader/ResourceEntry <init> ()V 2 1 java/lang/Object <init> ()V 1 74 org/apache/catalina/webresources/AbstractArchiveResource getLastModified ()J 2 4 java/util/zip/ZipEntry getTime ()J 3 11 java/nio/file/attribute/FileTime toMillis ()J 4 23 java/time/Instant getEpochSecond ()J 4 31 java/time/Instant getNano ()I 3 30 java/util/zip/ZipUtils extendedDosToJavaTime (J)J 4 1 java/util/zip/ZipUtils dosToJavaTime (J)J 5 62 java/util/Date <init> (IIIIII)V 6 1 java/lang/Object <init> ()V 6 58 java/util/Date getCalendarSystem (I)Lsun/util/calendar/BaseCalendar; 6 66 java/util/TimeZone getDefaultRef ()Ljava/util/TimeZone; 6 69 sun/util/calendar/Gregorian newCalendarDate (Ljava/util/TimeZone;)Lsun/util/calendar/CalendarDate; 7 2 sun/util/calendar/Gregorian newCalendarDate (Ljava/util/TimeZone;)Lsun/util/calendar/Gregorian$Date; 8 5 sun/util/calendar/Gregorian$Date <init> (Ljava/util/TimeZone;)V 9 2 sun/util/calendar/BaseCalendar$Date <init> (Ljava/util/TimeZone;)V 10 2 sun/util/calendar/CalendarDate <init> (Ljava/util/TimeZone;)V 6 88 sun/util/calendar/BaseCalendar$Date setNormalizedDate (III)Lsun/util/calendar/BaseCalendar$Date; 7 2 sun/util/calendar/Gregorian$Date setNormalizedYear (I)V 8 2 sun/util/calendar/CalendarDate setYear (I)Lsun/util/calendar/CalendarDate; 7 7 sun/util/calendar/CalendarDate setMonth (I)Lsun/util/calendar/CalendarDate; 7 11 sun/util/calendar/CalendarDate setDayOfMonth (I)Lsun/util/calendar/CalendarDate; 6 98 sun/util/calendar/CalendarDate setTimeOfDay (IIII)Lsun/util/calendar/CalendarDate; 7 2 sun/util/calendar/CalendarDate setHours (I)Lsun/util/calendar/CalendarDate; 7 8 sun/util/calendar/CalendarDate setMinutes (I)Lsun/util/calendar/CalendarDate; 7 14 sun/util/calendar/CalendarDate setSeconds (I)Lsun/util/calendar/CalendarDate; 7 21 sun/util/calendar/CalendarDate setMillis (I)Lsun/util/calendar/CalendarDate; 6 103 java/util/Date getTimeImpl ()J 7 11 sun/util/calendar/CalendarDate isNormalized ()Z 7 18 java/util/Date normalize ()Lsun/util/calendar/BaseCalendar$Date; 8 42 sun/util/calendar/CalendarDate isNormalized ()Z 8 54 java/util/Date normalize (Lsun/util/calendar/BaseCalendar$Date;)Lsun/util/calendar/BaseCalendar$Date; 9 1 sun/util/calendar/Gregorian$Date getNormalizedYear ()I 10 1 sun/util/calendar/CalendarDate getYear ()I 9 6 sun/util/calendar/CalendarDate getMonth ()I 9 11 sun/util/calendar/CalendarDate getDayOfMonth ()I 9 17 sun/util/calendar/CalendarDate getHours ()I 9 23 sun/util/calendar/CalendarDate getMinutes ()I 9 29 sun/util/calendar/CalendarDate getSeconds ()I 9 35 sun/util/calendar/CalendarDate getMillis ()I 9 41 sun/util/calendar/CalendarDate getZone ()Ljava/util/TimeZone; 9 155 java/util/Date getCalendarSystem (I)Lsun/util/calendar/BaseCalendar; 9 163 java/util/Date getCalendarSystem (Lsun/util/calendar/BaseCalendar$Date;)Lsun/util/calendar/BaseCalendar; 9 204 sun/util/calendar/AbstractCalendar getTime (Lsun/util/calendar/CalendarDate;)J 10 2 sun/util/calendar/BaseCalendar getFixedDate (Lsun/util/calendar/CalendarDate;)J 11 1 sun/util/calendar/CalendarDate isNormalized ()Z 11 21 sun/util/calendar/CalendarDate getMonth ()I 11 25 sun/util/calendar/CalendarDate getDayOfMonth ()I 10 17 sun/util/calendar/AbstractCalendar getTimeOfDay (Lsun/util/calendar/CalendarDate;)J 10 27 sun/util/calendar/CalendarDate getZone ()Ljava/util/TimeZone; 10 38 sun/util/calendar/CalendarDate isNormalized ()Z 10 59 sun/util/calendar/CalendarDate isStandardTime ()Z 10 131 sun/util/calendar/ZoneInfo getOffsetsByWall (J[I)I 10 167 sun/util/calendar/Gregorian getCalendarDate (JLsun/util/calendar/CalendarDate;)Lsun/util/calendar/CalendarDate; 9 214 java/util/Date getCalendarSystem (J)Lsun/util/calendar/BaseCalendar; 8 60 java/util/TimeZone getDefaultRef ()Ljava/util/TimeZone; 8 69 sun/util/calendar/CalendarDate getZone ()Ljava/util/TimeZone; 5 67 java/util/Date getTime ()J 6 1 java/util/Date getTimeImpl ()J 1 95 java/util/concurrent/ConcurrentHashMap get (Ljava/lang/Object;)Ljava/lang/Object; 2 1 java/lang/String hashCode ()I 2 4 java/util/concurrent/ConcurrentHashMap spread (I)I 2 34 java/util/concurrent/ConcurrentHashMap tabAt ([Ljava/util/concurrent/ConcurrentHashMap$Node;I)Ljava/util/concurrent/ConcurrentHashMap$Node; 1 116 java/util/concurrent/ConcurrentHashMap put (Ljava/lang/Object;Ljava/lang/Object;)Ljava/lang/Object; 1 156 org/apache/tomcat/util/compat/JreCompat isGraalAvailable ()Z 1 168 java/lang/ClassLoader getClassLoadingLock (Ljava/lang/String;)Ljava/lang/Object; 2 13 java/lang/Object <init> ()V 2 23 java/util/concurrent/ConcurrentHashMap putIfAbsent (Ljava/lang/Object;Ljava/lang/Object;)Ljava/lang/Object; 1 202 org/apache/catalina/webresources/StandardRoot getClassLoaderResource (Ljava/lang/String;)Lorg/apache/catalina/WebResource; 2 5 java/lang/StringBuilder <init> ()V 2 10 java/lang/StringBuilder append (Ljava/lang/String;)Ljava/lang/StringBuilder; 2 14 java/lang/StringBuilder append (Ljava/lang/String;)Ljava/lang/StringBuilder; 2 17 java/lang/StringBuilder toString ()Ljava/lang/String; 1 211 org/apache/catalina/webresources/AbstractArchiveResource exists ()Z 1 226 org/apache/catalina/webresources/AbstractArchiveResource getContent ()[B 2 1 org/apache/catalina/webresources/AbstractArchiveResource getContentLength ()J 3 1 org/apache/catalina/webresources/AbstractArchiveResource isDirectory ()Z 4 4 java/util/zip/ZipEntry isDirectory ()Z 5 6 java/lang/String endsWith (Ljava/lang/String;)Z 6 13 java/lang/String startsWith (Ljava/lang/String;I)Z 3 15 java/util/zip/ZipEntry getSize ()J 2 67 org/apache/catalina/webresources/AbstractSingleArchiveResource getJarInputStreamWrapper ()Lorg/apache/catalina/webresources/AbstractArchiveResource$JarInputStreamWrapper; 3 3 org/apache/catalina/webresources/AbstractArchiveResource getArchiveResourceSet ()Lorg/apache/catalina/webresources/AbstractArchiveResourceSet; 3 12 org/apache/catalina/webresources/AbstractArchiveResource getResource ()Ljava/util/jar/JarEntry; 3 15 java/util/zip/ZipEntry getName ()Ljava/lang/String; 3 18 java/util/jar/JarFile getJarEntry (Ljava/lang/String;)Ljava/util/jar/JarEntry; 3 35 org/apache/catalina/webresources/AbstractArchiveResource$JarInputStreamWrapper <init> (Lorg/apache/catalina/webresources/AbstractArchiveResource;Ljava/util/jar/JarEntry;Ljava/io/InputStream;)V 4 6 java/io/InputStream <init> ()V 5 1 java/lang/Object <init> ()V 4 15 java/util/concurrent/atomic/AtomicBoolean <init> (Z)V 5 1 java/lang/Object <init> ()V 3 41 org/apache/catalina/webresources/JarResource getLog ()Lorg/apache/juli/logging/Log; 3 53 org/apache/catalina/webresources/JarResource getLog ()Lorg/apache/juli/logging/Log; 3 68 org/apache/catalina/webresources/AbstractArchiveResource getResource ()Ljava/util/jar/JarEntry; 3 71 java/util/zip/ZipEntry getName ()Ljava/lang/String; 3 78 org/apache/catalina/webresources/AbstractArchiveResource getBaseUrl ()Ljava/lang/String; 3 96 org/apache/catalina/webresources/AbstractArchiveResource getArchiveResourceSet ()Lorg/apache/catalina/webresources/AbstractArchiveResourceSet; 2 163 org/apache/catalina/webresources/AbstractArchiveResource$JarInputStreamWrapper getCertificates ()[Ljava/security/cert/Certificate; 3 4 java/util/jar/JarFile$JarFileEntry getCertificates ()[Ljava/security/cert/Certificate; 4 4 java/util/jar/JarFile access$200 (Ljava/util/jar/JarFile;)V 5 1 java/util/jar/JarFile maybeInstantiateVerifier ()V 6 45 java/lang/String endsWith (Ljava/lang/String;)Z 7 13 java/lang/String startsWith (Ljava/lang/String;I)Z 6 54 java/lang/String endsWith (Ljava/lang/String;)Z 7 13 java/lang/String startsWith (Ljava/lang/String;I)Z 6 63 java/lang/String endsWith (Ljava/lang/String;)Z 7 13 java/lang/String startsWith (Ljava/lang/String;I)Z 6 72 java/lang/String endsWith (Ljava/lang/String;)Z 7 13 java/lang/String startsWith (Ljava/lang/String;I)Z 6 79 java/util/jar/JarFile getManifest ()Ljava/util/jar/Manifest; 4 31 java/util/jar/JarFile access$300 (Ljava/util/jar/JarFile;)Ljava/util/jar/JarVerifier; 4 42 java/util/jar/JarFile access$300 (Ljava/util/jar/JarFile;)Ljava/util/jar/JarVerifier; 2 206 org/apache/catalina/webresources/AbstractArchiveResource$JarInputStreamWrapper close ()V 3 6 java/util/concurrent/atomic/AtomicBoolean compareAndSet (ZZ)Z 3 16 org/apache/catalina/webresources/AbstractArchiveResource access$000 (Lorg/apache/catalina/webresources/AbstractArchiveResource;)Lorg/apache/catalina/webresources/AbstractArchiveResourceSet; 3 19 org/apache/catalina/webresources/AbstractArchiveResourceSet closeJarFile ()V 3 26 java/util/zip/ZipFile$ZipFileInflaterInputStream close ()V 4 14 java/util/zip/InflaterInputStream close ()V 4 21 java/util/zip/ZipFile access$000 (Ljava/util/zip/ZipFile;)Ljava/util/Map; 4 31 java/util/zip/ZipFile access$000 (Ljava/util/zip/ZipFile;)Ljava/util/Map; 4 35 java/util/WeakHashMap remove (Ljava/lang/Object;)Ljava/lang/Object; 5 1 java/util/WeakHashMap maskNull (Ljava/lang/Object;)Ljava/lang/Object; 5 7 java/util/WeakHashMap hash (Ljava/lang/Object;)I 5 12 java/util/WeakHashMap getTable ()[Ljava/util/WeakHashMap$Entry; 5 21 java/util/WeakHashMap indexFor (II)I 5 64 java/util/WeakHashMap eq (Ljava/lang/Object;Ljava/lang/Object;)Z 6 7 java/lang/Object equals (Ljava/lang/Object;)Z 4 63 java/util/zip/ZipFile access$100 (Ljava/util/zip/ZipFile;Ljava/util/zip/Inflater;)V 5 2 java/util/zip/ZipFile releaseInflater (Ljava/util/zip/Inflater;)V 6 2 java/util/zip/Inflater ended ()Z 7 11 java/util/zip/ZStreamRef address ()J 6 9 java/util/zip/Inflater reset ()V 7 8 java/util/zip/Inflater ensureOpen ()V 8 28 java/util/zip/ZStreamRef address ()J 7 15 java/util/zip/ZStreamRef address ()J 6 24 java/util/ArrayDeque add (Ljava/lang/Object;)Z 7 2 java/util/ArrayDeque addLast (Ljava/lang/Object;)V 3 26 java/util/jar/JarVerifier$VerifierStream close ()V 4 11 java/util/zip/ZipFile$ZipFileInflaterInputStream close ()V 5 14 java/util/zip/InflaterInputStream close ()V 5 21 java/util/zip/ZipFile access$000 (Ljava/util/zip/ZipFile;)Ljava/util/Map; 5 31 java/util/zip/ZipFile access$000 (Ljava/util/zip/ZipFile;)Ljava/util/Map; 5 35 java/util/WeakHashMap remove (Ljava/lang/Object;)Ljava/lang/Object; 6 1 java/util/WeakHashMap maskNull (Ljava/lang/Object;)Ljava/lang/Object; 6 7 java/util/WeakHashMap hash (Ljava/lang/Object;)I 6 12 java/util/WeakHashMap getTable ()[Ljava/util/WeakHashMap$Entry; 6 21 java/util/WeakHashMap indexFor (II)I 6 64 java/util/WeakHashMap eq (Ljava/lang/Object;Ljava/lang/Object;)Z 7 7 java/lang/Object equals (Ljava/lang/Object;)Z 5 63 java/util/zip/ZipFile access$100 (Ljava/util/zip/ZipFile;Ljava/util/zip/Inflater;)V 6 2 java/util/zip/ZipFile releaseInflater (Ljava/util/zip/Inflater;)V 7 2 java/util/zip/Inflater ended ()Z 8 11 java/util/zip/ZStreamRef address ()J 7 9 java/util/zip/Inflater reset ()V 8 8 java/util/zip/Inflater ensureOpen ()V 9 28 java/util/zip/ZStreamRef address ()J 8 15 java/util/zip/ZStreamRef address ()J 7 24 java/util/ArrayDeque add (Ljava/lang/Object;)Z 8 2 java/util/ArrayDeque addLast (Ljava/lang/Object;)V 2 267 org/apache/catalina/webresources/JarResource getLog ()Lorg/apache/juli/logging/Log; 2 279 org/apache/catalina/webresources/JarResource getLog ()Lorg/apache/juli/logging/Log; 2 294 org/apache/catalina/webresources/AbstractResource getWebappPath ()Ljava/lang/String; 1 245 org/apache/catalina/webresources/AbstractArchiveResource getManifest ()Ljava/util/jar/Manifest; 2 4 org/apache/catalina/webresources/AbstractResourceSet getManifest ()Ljava/util/jar/Manifest; 1 254 org/apache/catalina/webresources/AbstractArchiveResource getCodeBase ()Ljava/net/URL; 2 8 java/net/URL <init> (Ljava/lang/String;)V 3 3 java/net/URL <init> (Ljava/net/URL;Ljava/lang/String;)V 2 14 org/apache/catalina/webresources/JarResource getLog ()Lorg/apache/juli/logging/Log; 2 26 org/apache/catalina/webresources/JarResource getLog ()Lorg/apache/juli/logging/Log; 1 263 org/apache/catalina/webresources/AbstractArchiveResource getCertificates ()[Ljava/security/cert/Certificate; 1 274 java/util/concurrent/CopyOnWriteArrayList size ()I 2 1 java/util/concurrent/CopyOnWriteArrayList getArray ()[Ljava/lang/Object; 1 404 java/lang/String lastIndexOf (I)I 2 9 java/lang/String lastIndexOf (II)I 1 419 java/lang/String substring (II)Ljava/lang/String; 2 75 java/lang/String <init> ([CII)V 3 1 java/lang/Object <init> ()V 3 75 java/util/Arrays copyOfRange ([CII)[C 1 474 java/net/URLClassLoader definePackage (Ljava/lang/String;Ljava/util/jar/Manifest;Ljava/net/URL;)Ljava/lang/Package; 2 42 java/util/jar/Manifest getAttributes (Ljava/lang/String;)Ljava/util/jar/Attributes; 3 1 java/util/jar/Manifest getEntries ()Ljava/util/Map; 3 5 java/util/HashMap get (Ljava/lang/Object;)Ljava/lang/Object; 4 2 java/util/HashMap hash (Ljava/lang/Object;)I 5 9 java/lang/String hashCode ()I 4 6 java/util/HashMap getNode (ILjava/lang/Object;)Ljava/util/HashMap$Node; 5 94 java/util/HashMap$TreeNode getTreeNode (ILjava/lang/Object;)Ljava/util/HashMap$TreeNode; 2 57 java/util/jar/Attributes getValue (Ljava/util/jar/Attributes$Name;)Ljava/lang/String; 3 2 java/util/jar/Attributes get (Ljava/lang/Object;)Ljava/lang/Object; 4 5 java/util/HashMap get (Ljava/lang/Object;)Ljava/lang/Object; 5 2 java/util/HashMap hash (Ljava/lang/Object;)I 6 9 java/util/jar/Attributes$Name hashCode ()I 7 13 sun/misc/ASCIICaseInsensitiveComparator lowerCaseHashCode (Ljava/lang/String;)I 8 3 java/lang/String length ()I 8 20 java/lang/String charAt (I)C 8 23 sun/misc/ASCIICaseInsensitiveComparator toLower (I)I 9 1 sun/misc/ASCIICaseInsensitiveComparator isUpper (I)Z 5 6 java/util/HashMap getNode (ILjava/lang/Object;)Ljava/util/HashMap$Node; 6 59 java/util/jar/Attributes$Name equals (Ljava/lang/Object;)Z 7 23 sun/misc/ASCIICaseInsensitiveComparator compare (Ljava/lang/Object;Ljava/lang/Object;)I 8 9 sun/misc/ASCIICaseInsensitiveComparator compare (Ljava/lang/String;Ljava/lang/String;)I 9 1 java/lang/String length ()I 9 6 java/lang/String length ()I 9 38 java/lang/String charAt (I)C 9 46 java/lang/String charAt (I)C 9 88 sun/misc/ASCIICaseInsensitiveComparator toLower (I)I 10 1 sun/misc/ASCIICaseInsensitiveComparator isUpper (I)Z 9 96 sun/misc/ASCIICaseInsensitiveComparator toLower (I)I 10 1 sun/misc/ASCIICaseInsensitiveComparator isUpper (I)Z 6 94 java/util/HashMap$TreeNode getTreeNode (ILjava/lang/Object;)Ljava/util/HashMap$TreeNode; 6 126 java/util/jar/Attributes$Name equals (Ljava/lang/Object;)Z 7 23 sun/misc/ASCIICaseInsensitiveComparator compare (Ljava/lang/Object;Ljava/lang/Object;)I 8 9 sun/misc/ASCIICaseInsensitiveComparator compare (Ljava/lang/String;Ljava/lang/String;)I 9 1 java/lang/String length ()I 9 6 java/lang/String length ()I 9 38 java/lang/String charAt (I)C 9 46 java/lang/String charAt (I)C 9 88 sun/misc/ASCIICaseInsensitiveComparator toLower (I)I 10 1 sun/misc/ASCIICaseInsensitiveComparator isUpper (I)Z 9 96 sun/misc/ASCIICaseInsensitiveComparator toLower (I)I 10 1 sun/misc/ASCIICaseInsensitiveComparator isUpper (I)Z 2 67 java/util/jar/Attributes getValue (Ljava/util/jar/Attributes$Name;)Ljava/lang/String; 3 2 java/util/jar/Attributes get (Ljava/lang/Object;)Ljava/lang/Object; 4 5 java/util/HashMap get (Ljava/lang/Object;)Ljava/lang/Object; 5 2 java/util/HashMap hash (Ljava/lang/Object;)I 6 9 java/util/jar/Attributes$Name hashCode ()I 7 13 sun/misc/ASCIICaseInsensitiveComparator lowerCaseHashCode (Ljava/lang/String;)I 8 3 java/lang/String length ()I 2 123 java/util/jar/Manifest getMainAttributes ()Ljava/util/jar/Attributes;
